Page Title,UI Component Name,Function description,Tshirt Sizing,Number of occurrences,Complexity justification,Page URL,Source block name,Variation type,Other remarks
Eczema HQ: An Information Hub About Eczema,Global Utility Strip,"Provides quick access to contact, subscription, and group site links.",S,1,Minimal scope with basic links and navigation.,https://www.eczemaheadquarters.com/,global_utility_strip,Utility strip,No exact match in AEM catalog.
Eczema HQ: An Information Hub About Eczema,Primary Header,Displays the site's branding and main navigation.,M,1,"Includes branding and navigation, requiring moderate interaction design.",https://www.eczemaheadquarters.com/,primary_header,Main navigation,Mapped to 'Header' block in AEM catalog.
Eczema HQ: An Information Hub About Eczema,Mega Navigation,Contains the primary navigation menu with expandable sections.,C,1,Complex navigation structure with expandable sections and deep linking.,https://www.eczemaheadquarters.com/,mega_navigation,Expandable menu,No exact match in AEM catalog.
Eczema HQ: An Information Hub About Eczema,Footer Section,Provides site-wide links and information at the bottom of the page.,M,1,Includes structured layout and multiple link categories.,https://www.eczemaheadquarters.com/,footer_section,Site footer,Mapped to 'Footer' block in AEM catalog.
Sign Up for Updates | Eczema HQ,Utility Navigation,Provides global links and utilities like search and user account options.,S,1,Simplistic header utility strip without deep interactions.,https://www.eczemaheadquarters.com/sign-up,global_utility_navigation,Utility strip,No matching AEM catalog entry found for this block.
Sign Up for Updates | Eczema HQ,Primary Navigation,Main site navigation menu with links to major sections.,M,1,Includes dropdown menus and hierarchical navigation structure.,https://www.eczemaheadquarters.com/sign-up,primary_navigation,Main navigation,No matching AEM catalog entry found for this block.
Search Results,Global Utility Strip,Provides access to global utilities such as contact and subscription.,M,1,Includes multiple utility links and potential accessibility considerations.,https://www.eczemaheadquarters.com/search-results,global_utility_strip,Utility strip,Could not find a direct match in the catalog.
Search Results,Primary Navigation,Serves as the main navigation menu for the site.,C,1,Deep navigation hierarchy and potential dynamic behavior.,https://www.eczemaheadquarters.com/search-results,primary_navigation,Main navigation,Could not find a direct match in the catalog.
Search Results,Search Bar,Provides a search feature for the website.,M,1,Includes search input and results handling.,https://www.eczemaheadquarters.com/search-results,search_bar,Search input,Mapped to the 'Search' block in the catalog.
Search Results,Hero Section,Highlights the main feature of the page with a visual component.,M,1,Includes media and text styling.,https://www.eczemaheadquarters.com/search-results,hero_section,Hero banner,Mapped to the 'Hero' block in the catalog.
Search Results,Footer Links,Displays footer links and resources.,M,1,Includes structured link groups and styling.,https://www.eczemaheadquarters.com/search-results,footer_links,Footer content,Mapped to the 'Footer' block in the catalog.
Search Results,Back to Top Button,Allows users to quickly navigate back to the top of the page.,S,1,Simple functionality with limited styling needs.,https://www.eczemaheadquarters.com/search-results,back_to_top,Scroll button,Could not find a direct match in the catalog.
Search Results,Modal Windows,Displays modal dialogs for additional information or actions.,M,1,Requires dynamic behavior and styling.,https://www.eczemaheadquarters.com/search-results,modal_windows,Interactive modal,Mapped to the 'Modal' block in the catalog.
Eczema and Related Conditions | Eczema HQ,Utility Navigation,Provides utility links for contact and subscriptions.,S,1,Simple navigation links without dynamic elements.,https://www.eczemaheadquarters.com/understanding-eczema/eczema-comorbidities,global_utility_strip,Utility strip,No matching catalog block found.
Eczema and Related Conditions | Eczema HQ,Main Navigation,Main navigation menu with dropdowns.,M,1,Dropdown navigation requires moderate complexity.,https://www.eczemaheadquarters.com/understanding-eczema/eczema-comorbidities,primary_navigation,Primary navigation,No matching catalog block found.
Eczema and Related Conditions | Eczema HQ,Hero Section,Lead section presenting page title and imagery.,S,1,Basic hero section with image and heading.,https://www.eczemaheadquarters.com/understanding-eczema/eczema-comorbidities,hero_section,Hero with image,Matched to 'Hero' in catalog.
Eczema and Related Conditions | Eczema HQ,Introduction Text,Introductory text for the page topic.,S,1,Static text content with basic styling.,https://www.eczemaheadquarters.com/understanding-eczema/eczema-comorbidities,intro_text,Page intro,No matching catalog block found.
Eczema and Related Conditions | Eczema HQ,Atopic March Highlight,Highlights related conditions in a styled container.,M,1,Requires styling for visual emphasis.,https://www.eczemaheadquarters.com/understanding-eczema/eczema-comorbidities,atopic_march_conditions,Condition highlight,No matching catalog block found.
Eczema and Related Conditions | Eczema HQ,Mental Health Info,Discusses mental health impacts and provides resources.,M,1,Content section with potential links or resources.,https://www.eczemaheadquarters.com/understanding-eczema/eczema-comorbidities,mental_health_section,Informational section,No matching catalog block found.
Eczema and Related Conditions | Eczema HQ,Recommended Topics,Displays links to related topics for further reading.,S,1,Static links with basic styling.,https://www.eczemaheadquarters.com/understanding-eczema/eczema-comorbidities,recommended_topics,Topic links,No matching catalog block found.
The Seven Types of Eczema | Eczema HQ,Global Utility Strip,"Provides access to global utilities like contact, subscribe, and group sites.",M,1,Model output omitted this blockId after catalog review. Mapped as Unmapped; re-run mapping or fix agent output.,https://www.eczemaheadquarters.com/about-eczema/types-of-eczema,global_utility_strip,default,templateIds: tpl_4
The Seven Types of Eczema | Eczema HQ,Primary Navigation,Main navigation menu for the website.,M,1,Model output omitted this blockId after catalog review. Mapped as Unmapped; re-run mapping or fix agent output.,https://www.eczemaheadquarters.com/about-eczema/types-of-eczema,primary_navigation,default,templateIds: tpl_4
The Seven Types of Eczema | Eczema HQ,Hero Section,The hero section introduces the page with a title and image.,M,1,Model output omitted this blockId after catalog review. Mapped as Unmapped; re-run mapping or fix agent output.,https://www.eczemaheadquarters.com/about-eczema/types-of-eczema,hero_section,default,templateIds: tpl_4
The Seven Types of Eczema | Eczema HQ,Eczema Details,Detailed information about the types of eczema.,M,1,Model output omitted this blockId after catalog review. Mapped as Unmapped; re-run mapping or fix agent output.,https://www.eczemaheadquarters.com/about-eczema/types-of-eczema,eczema_details,default,templateIds: tpl_4
The Seven Types of Eczema | Eczema HQ,Email Signup,Section for users to sign up for email updates and receive a magazine.,M,1,Model output omitted this blockId after catalog review. Mapped as Unmapped; re-run mapping or fix agent output.,https://www.eczemaheadquarters.com/about-eczema/types-of-eczema,email_signup,default,templateIds: tpl_4
The Seven Types of Eczema | Eczema HQ,Quick Poll,Interactive poll about eczema diagnosis.,M,1,Model output omitted this blockId after catalog review. Mapped as Unmapped; re-run mapping or fix agent output.,https://www.eczemaheadquarters.com/about-eczema/types-of-eczema,quick_poll,default,templateIds: tpl_4
The Seven Types of Eczema | Eczema HQ,Comparison Section,Comparison between eczema and psoriasis.,M,1,Model output omitted this blockId after catalog review. Mapped as Unmapped; re-run mapping or fix agent output.,https://www.eczemaheadquarters.com/about-eczema/types-of-eczema,comparison_section,default,templateIds: tpl_4
The Seven Types of Eczema | Eczema HQ,Recommended Topics,Recommended topics related to eczema for further reading.,M,1,Model output omitted this blockId after catalog review. Mapped as Unmapped; re-run mapping or fix agent output.,https://www.eczemaheadquarters.com/about-eczema/types-of-eczema,recommended_topics,default,templateIds: tpl_4
What Causes Eczema (Atopic Dermatitis)? | Eczema HQ,Utility Navigation,"Provides quick access to utility links such as contact, subscribe, and group sites.",M,1,Includes multiple interactive elements like links and buttons.,https://www.eczemaheadquarters.com/understanding-eczema/what-causes-eczema,global_utility_strip,Utility strip,Requires accessibility considerations for navigation and visibility.
What Causes Eczema (Atopic Dermatitis)? | Eczema HQ,Site Header,"Displays the main branding, navigation, and site logo.",M,1,Complexity due to navigation menu and branding elements.,https://www.eczemaheadquarters.com/understanding-eczema/what-causes-eczema,primary_header,Main navigation,Incorporates sticky behavior and responsive design.
What Causes Eczema (Atopic Dermatitis)? | Eczema HQ,Hero Section,Highlights the main topic of the page with a large image and heading.,M,1,Involves layout adjustments for responsiveness and visual prominence.,https://www.eczemaheadquarters.com/understanding-eczema/what-causes-eczema,hero_section,Hero banner,Requires high-quality image assets and proper heading hierarchy.
What Causes Eczema (Atopic Dermatitis)? | Eczema HQ,Intro Content,Provides an introduction to the topic with a heading and brief description.,S,1,Simple text and heading formatting.,https://www.eczemaheadquarters.com/understanding-eczema/what-causes-eczema,content_intro,Content introduction,Ensures clarity and emphasis on the introductory text.
What Causes Eczema (Atopic Dermatitis)? | Eczema HQ,Main Visual,Displays a visual representation related to the page's topic.,S,1,Requires only image rendering and styling.,https://www.eczemaheadquarters.com/understanding-eczema/what-causes-eczema,main_image,Main image,May need optimization for different screen sizes.
What Causes Eczema (Atopic Dermatitis)? | Eczema HQ,Root Cause Details,Explains the root causes of eczema with detailed text content.,S,1,Primarily text-based content.,https://www.eczemaheadquarters.com/understanding-eczema/what-causes-eczema,section_root_cause,Content section,Focus on readability and structure for detailed explanations.
What Causes Eczema (Atopic Dermatitis)? | Eczema HQ,Inflammation Insights,Describes the role of inflammation in eczema.,S,1,Simple layout with text and background styling.,https://www.eczemaheadquarters.com/understanding-eczema/what-causes-eczema,section_inflammation,Content section,Background color adds visual distinction.
What Causes Eczema (Atopic Dermatitis)? | Eczema HQ,User Poll,Engages users with a poll related to their experiences with eczema treatments.,M,1,Interactive elements requiring backend integration.,https://www.eczemaheadquarters.com/understanding-eczema/what-causes-eczema,quick_poll,Quick poll,Needs real-time data handling and accessibility compliance.
What Causes Eczema (Atopic Dermatitis)? | Eczema HQ,Page Footer,Provides site-wide links and information at the bottom of the page.,M,1,Involves multiple links and styling for site-wide visibility.,https://www.eczemaheadquarters.com/understanding-eczema/what-causes-eczema,footer,Footer,Ensures consistent styling and accessibility across pages.
Eczema Severity &amp; Impact | Eczema HQ,Global Utility Strip,"Provides quick access to contact, subscription, and other global utilities.",S,1,Minimal complexity as it involves static links and basic accessibility.,https://www.eczemaheadquarters.com/understanding-eczema/eczema-severity-and-impact,global_utility_strip,Utility strip,No matching entry found in the AEM catalog.
Eczema Severity &amp; Impact | Eczema HQ,Primary Header,Displays the main branding and navigation for the site.,M,1,"Includes navigation, branding, and accessibility considerations.",https://www.eczemaheadquarters.com/understanding-eczema/eczema-severity-and-impact,primary_header,Main navigation,Mapped to 'Header' in the AEM catalog.
Eczema Severity &amp; Impact | Eczema HQ,Hero Section,Highlights the main topic or feature of the page with a large image and heading.,M,1,"Requires image loading, responsive design, and accessibility.",https://www.eczemaheadquarters.com/understanding-eczema/eczema-severity-and-impact,hero_section,Hero banner,Mapped to 'Hero' in the AEM catalog.
Eczema Severity &amp; Impact | Eczema HQ,Main Content Columns,Presents the main content in a multi-column layout.,M,1,Involves layout management and responsive design.,https://www.eczemaheadquarters.com/understanding-eczema/eczema-severity-and-impact,main_content_columns,Content layout,No matching entry found in the AEM catalog.
Eczema Severity &amp; Impact | Eczema HQ,Accordion Section,Provides expandable sections for detailed content.,M,1,Requires JavaScript for interaction and CSS for transitions.,https://www.eczemaheadquarters.com/understanding-eczema/eczema-severity-and-impact,accordion_section,Expandable accordion,Mapped to 'Accordion' in the AEM catalog.
Eczema Severity &amp; Impact | Eczema HQ,Next Page CTA,Encourages users to proceed to the next relevant page.,S,1,Minimal complexity as it involves static links and basic accessibility.,https://www.eczemaheadquarters.com/understanding-eczema/eczema-severity-and-impact,next_page_cta,Call to action,No matching entry found in the AEM catalog.
Eczema Severity &amp; Impact | Eczema HQ,Recommended Topics,Displays recommended content for the user.,M,1,Requires dynamic content loading and personalization.,https://www.eczemaheadquarters.com/understanding-eczema/eczema-severity-and-impact,recommended_topics,Content recommendation,No matching entry found in the AEM catalog.
Homepage Experience,Hero Section,Displays the main hero section with background and introductory content.,M,1,Requires custom styling and integration for large image and heading.,https://www.eczemaheadquarters.com/personalization/homepage-experience,hero_section,Main hero section,Mapped to the Hero block from the catalog.
Homepage Experience,Quick Poll,Interactive quick poll section for user engagement.,C,1,Includes interactive elements and dynamic content.,https://www.eczemaheadquarters.com/personalization/homepage-experience,info_tree_quick_poll,Quick poll with navigation,"No exact match in catalog, potentially custom implementation."
Homepage Experience,Hero Callout,Secondary hero section for returning visitors with background and content.,M,1,Similar to the main hero section but tailored for returning users.,https://www.eczemaheadquarters.com/personalization/homepage-experience,hero_callout,Secondary hero section,Mapped to the Hero block from the catalog.
Footer Touts - Personalized,Footer Tout,"Displays footer content with an image, description, and link about eczema.",S,1,Basic implementation with image and text components without advanced interactivity.,https://www.eczemaheadquarters.com/personalization/footer-touts,footer_tout_what_is_eczema,Footer with informational tout,The block leverages standard footer styling and includes an informative link.
Inline Touts,Personalization Introduction,Introduction to the concept of personalized inline touts and their relevance to eczema information.,M,1,Model output omitted this blockId after catalog review. Mapped as Unmapped; re-run mapping or fix agent output.,https://www.eczemaheadquarters.com/personalization/inline-touts,personalization_intro,default,templateIds: tpl_9
Inline Touts,Inline Tout: What is Eczema?,"Provides information about what eczema is, including visuals and a call-to-action.",M,1,Model output omitted this blockId after catalog review. Mapped as Unmapped; re-run mapping or fix agent output.,https://www.eczemaheadquarters.com/personalization/inline-touts,inline_tout_what_is_eczema,default,templateIds: tpl_9
Inline Touts,Inline Tout: Types of Eczema,Explains the different types of eczema with visuals and a call-to-action.,M,1,Model output omitted this blockId after catalog review. Mapped as Unmapped; re-run mapping or fix agent output.,https://www.eczemaheadquarters.com/personalization/inline-touts,inline_tout_types_of_eczema,default,templateIds: tpl_9
Inline Touts,Inline Tout: Symptoms and Pictures,Details common symptoms of eczema with accompanying images and a call-to-action.,M,1,Model output omitted this blockId after catalog review. Mapped as Unmapped; re-run mapping or fix agent output.,https://www.eczemaheadquarters.com/personalization/inline-touts,inline_tout_symptoms_pictures,default,templateIds: tpl_9
Inline Touts,Inline Tout: Causes of Eczema,Explores potential causes of eczema with visuals and a call-to-action.,M,1,Model output omitted this blockId after catalog review. Mapped as Unmapped; re-run mapping or fix agent output.,https://www.eczemaheadquarters.com/personalization/inline-touts,inline_tout_causes,default,templateIds: tpl_9
Inline Touts,Inline Tout: Understanding the Itch,"Discusses the itch associated with eczema and its impact, with visuals and a call-to-action.",M,1,Model output omitted this blockId after catalog review. Mapped as Unmapped; re-run mapping or fix agent output.,https://www.eczemaheadquarters.com/personalization/inline-touts,inline_tout_itch,default,templateIds: tpl_9
Inline Touts,Inline Tout: Severity and Impact,"Explains how eczema severity is assessed and its impact on life, with visuals and a call-to-action.",M,1,Model output omitted this blockId after catalog review. Mapped as Unmapped; re-run mapping or fix agent output.,https://www.eczemaheadquarters.com/personalization/inline-touts,inline_tout_severity_impact,default,templateIds: tpl_9
Inline Touts,Inline Tout: Sharing Your Experience,"Encourages users to share their eczema experience with their doctor, with visuals and a call-to-action.",M,1,Model output omitted this blockId after catalog review. Mapped as Unmapped; re-run mapping or fix agent output.,https://www.eczemaheadquarters.com/personalization/inline-touts,inline_tout_experience,default,templateIds: tpl_9
Inline Touts,Inline Tout: Related Conditions,"Provides information on conditions related to eczema, with visuals and a call-to-action.",M,1,Model output omitted this blockId after catalog review. Mapped as Unmapped; re-run mapping or fix agent output.,https://www.eczemaheadquarters.com/personalization/inline-touts,inline_tout_related_conditions,default,templateIds: tpl_9
Inline Touts,Inline Tout: Treatments,"Discusses treatment options for eczema, with visuals and a call-to-action.",M,1,Model output omitted this blockId after catalog review. Mapped as Unmapped; re-run mapping or fix agent output.,https://www.eczemaheadquarters.com/personalization/inline-touts,inline_tout_treatments,default,templateIds: tpl_9
Inline Touts,Inline Tout: Biologics and Small Molecules,"Explains advanced treatment options for eczema, with visuals and a call-to-action.",M,1,Model output omitted this blockId after catalog review. Mapped as Unmapped; re-run mapping or fix agent output.,https://www.eczemaheadquarters.com/personalization/inline-touts,inline_tout_biologics,default,templateIds: tpl_9
Inline Touts,Inline Tout: Doctor Discussion Guide,"Provides a guide to prepare for discussions with doctors about eczema, with visuals and a call-to-action.",M,1,Model output omitted this blockId after catalog review. Mapped as Unmapped; re-run mapping or fix agent output.,https://www.eczemaheadquarters.com/personalization/inline-touts,inline_tout_doctor_guide,default,templateIds: tpl_9
Inline Touts,Inline Tout: Eczema Specialists,"Introduces specialists who can help with eczema, with visuals and a call-to-action.",M,1,Model output omitted this blockId after catalog review. Mapped as Unmapped; re-run mapping or fix agent output.,https://www.eczemaheadquarters.com/personalization/inline-touts,inline_tout_specialists,default,templateIds: tpl_9
Inline Touts,Inline Tout: Find a Specialist,"Helps users locate eczema specialists nearby, with visuals and a call-to-action.",M,1,Model output omitted this blockId after catalog review. Mapped as Unmapped; re-run mapping or fix agent output.,https://www.eczemaheadquarters.com/personalization/inline-touts,inline_tout_find_specialist,default,templateIds: tpl_9
Inline Touts,Inline Tout: Eczema Routines,"Offers tips for creating effective eczema care routines, with visuals and a call-to-action.",M,1,Model output omitted this blockId after catalog review. Mapped as Unmapped; re-run mapping or fix agent output.,https://www.eczemaheadquarters.com/personalization/inline-touts,inline_tout_routines,default,templateIds: tpl_9
Inline Touts,Inline Tout: Stress and Eczema,"Explores the relationship between stress and eczema, with visuals and a call-to-action.",M,1,Model output omitted this blockId after catalog review. Mapped as Unmapped; re-run mapping or fix agent output.,https://www.eczemaheadquarters.com/personalization/inline-touts,inline_tout_stress,default,templateIds: tpl_9
Inline Touts,Inline Tout: Emotional Well-Being,"Discusses the emotional impact of eczema and ways to manage it, with visuals and a call-to-action.",M,1,Model output omitted this blockId after catalog review. Mapped as Unmapped; re-run mapping or fix agent output.,https://www.eczemaheadquarters.com/personalization/inline-touts,inline_tout_emotional_wellbeing,default,templateIds: tpl_9
Default Inline Touts,Default Inline Tout Title 1,Displays a title section for the default inline tout content related to eczema and other conditions.,S,1,Simple title rendering with no interactive components.,https://www.eczemaheadquarters.com/personalization/default-content/inline-touts,default_inline_tout_title_1,Title section,No exact match found in the AEM catalog.
Default Inline Touts,Default Inline Tout Title 2,Displays a title section for the default inline tout content related to the impact of stress on eczema.,S,1,Simple title rendering with no interactive components.,https://www.eczemaheadquarters.com/personalization/default-content/inline-touts,default_inline_tout_title_2,Title section,No exact match found in the AEM catalog.
Default Footer Touts,Footer Tout 1,"Displays a footer section with a recommended topic, image, text, and CTA.",M,1,"Includes image handling, responsive design considerations, and call-to-action functionality.",https://www.eczemaheadquarters.com/personalization/default-content/footer-touts,footer_tout_1,Recommended topic tout,Ensure responsive behavior and accessibility compliance.
Default Footer Touts,Footer Tout 2,"Displays a footer section with a recommended topic, image, text, and CTA.",M,1,"Includes image handling, responsive design considerations, and call-to-action functionality.",https://www.eczemaheadquarters.com/personalization/default-content/footer-touts,footer_tout_2,Recommended topic tout,Ensure responsive behavior and accessibility compliance.
Default Footer Touts,Footer Tout 3,"Displays a footer section with a recommended topic, image, text, and CTA.",M,1,"Includes image handling, responsive design considerations, and call-to-action functionality.",https://www.eczemaheadquarters.com/personalization/default-content/footer-touts,footer_tout_3,Recommended topic tout,Ensure responsive behavior and accessibility compliance.
What is Eczema? (Atopic Dermatitis) | Eczema HQ,Utility Navigation,"Provides quick access to contact, subscription, and group site links.",S,1,Limited scope with basic navigation links.,https://www.eczemaheadquarters.com/about-eczema/what-is-eczema,global_utility_strip,Utility strip,No direct match in the AEM blocks catalog.
What is Eczema? (Atopic Dermatitis) | Eczema HQ,Site Header,"Displays the site logo, primary navigation menu, and search functionality.",M,1,"Includes navigation, logo, and search; moderate complexity.",https://www.eczemaheadquarters.com/about-eczema/what-is-eczema,primary_header,Main navigation,Matched to AEM catalog 'Header' block.
What is Eczema? (Atopic Dermatitis) | Eczema HQ,Site Footer,Contains site-wide footer links and information.,S,1,Simple footer implementation with basic links.,https://www.eczemaheadquarters.com/about-eczema/what-is-eczema,footer,Footer,Matched to AEM catalog 'Footer' block.
Eczema Symptoms &amp; Pictures | Eczema HQ,Utility Strip,Provides access to global utilities like sign-up and search.,S,1,Simple functionality with minimal interactivity.,https://www.eczemaheadquarters.com/about-eczema/eczema-symptoms-and-pictures,global_utility_strip,Utility strip,Could be mapped to a custom block if required.
Eczema Symptoms &amp; Pictures | Eczema HQ,Primary Navigation,Main navigation for accessing site sections.,M,1,Involves hierarchical navigation and accessibility requirements.,https://www.eczemaheadquarters.com/about-eczema/eczema-symptoms-and-pictures,primary_navigation,Main navigation,Consider accessibility standards for navigation menus.
Eczema Symptoms &amp; Pictures | Eczema HQ,Hero Section,Highlights the main theme of the page with a title and supporting content.,M,1,Includes styling and positioning for large image and heading.,https://www.eczemaheadquarters.com/about-eczema/eczema-symptoms-and-pictures,hero_section,Hero section,Mapped to catalog block 'Hero'.
Eczema Symptoms &amp; Pictures | Eczema HQ,Symptoms Report,Details about eczema symptoms and their variations.,S,1,Static content without interactive elements.,https://www.eczemaheadquarters.com/about-eczema/eczema-symptoms-and-pictures,symptoms_report,Report section,Could be mapped to a text or content block.
Eczema Symptoms &amp; Pictures | Eczema HQ,Eczema Image Library,Displays images of eczema symptoms across different body parts.,M,1,Requires grid layout and image presentation.,https://www.eczemaheadquarters.com/about-eczema/eczema-symptoms-and-pictures,image_library,Image library,Could involve dynamic image loading.
Eczema Symptoms &amp; Pictures | Eczema HQ,Hands Carousel,Carousel showcasing eczema symptoms on hands.,C,1,Interactive carousel with navigation and accessibility requirements.,https://www.eczemaheadquarters.com/about-eczema/eczema-symptoms-and-pictures,hands_carousel,Carousel,Mapped to catalog block 'Carousel'.
Eczema Symptoms &amp; Pictures | Eczema HQ,Feet Carousel,Carousel showcasing eczema symptoms on feet.,C,1,Interactive carousel with navigation and accessibility requirements.,https://www.eczemaheadquarters.com/about-eczema/eczema-symptoms-and-pictures,feet_carousel,Carousel,Mapped to catalog block 'Carousel'.
Eczema Symptoms &amp; Pictures | Eczema HQ,Legs Carousel,Carousel showcasing eczema symptoms on legs.,C,1,Interactive carousel with navigation and accessibility requirements.,https://www.eczemaheadquarters.com/about-eczema/eczema-symptoms-and-pictures,legs_carousel,Carousel,Mapped to catalog block 'Carousel'.
Eczema Symptoms &amp; Pictures | Eczema HQ,Arms Carousel,Carousel showcasing eczema symptoms on arms.,C,1,Interactive carousel with navigation and accessibility requirements.,https://www.eczemaheadquarters.com/about-eczema/eczema-symptoms-and-pictures,arms_carousel,Carousel,Mapped to catalog block 'Carousel'.
Your Eczema Experience | Eczema HQ,Global Utility Strip,Provides links for user actions such as signing up for updates.,M,1,Includes user interaction elements requiring accessibility considerations.,https://www.eczemaheadquarters.com/understanding-eczema/eczema-experience-tool,global_utility_strip,Utility strip,No exact match found in the AEM block catalog.
Your Eczema Experience | Eczema HQ,Primary Navigation,Main site navigation with links to different sections.,C,1,Deep navigation structure with potential for dynamic content.,https://www.eczemaheadquarters.com/understanding-eczema/eczema-experience-tool,primary_navigation,Main navigation,No exact match found in the AEM block catalog.
Your Eczema Experience | Eczema HQ,Hero Section,Prominent section with the main heading and introduction.,M,1,Includes styling and potential animation.,https://www.eczemaheadquarters.com/understanding-eczema/eczema-experience-tool,hero_section,Hero,Mapped to the Hero block in the AEM catalog.
Your Eczema Experience | Eczema HQ,Introduction Text,Introductory paragraph summarizing the page's purpose.,S,1,Simple text content with basic styling.,https://www.eczemaheadquarters.com/understanding-eczema/eczema-experience-tool,intro_text,Text block,No exact match found in the AEM block catalog.
Your Eczema Experience | Eczema HQ,Experience Tool Section,Interactive section for user engagement with the eczema tool.,C,1,Includes interactive elements requiring advanced scripting.,https://www.eczemaheadquarters.com/understanding-eczema/eczema-experience-tool,experience_tool_section,Interactive tool,No exact match found in the AEM block catalog.
Your Eczema Experience | Eczema HQ,Social Share,Allows sharing the page on social media platforms.,M,1,Requires integration with social media APIs.,https://www.eczemaheadquarters.com/understanding-eczema/eczema-experience-tool,social_share,Social sharing,No exact match found in the AEM block catalog.
Your Eczema Experience | Eczema HQ,Download Tool CTA,Promotes the download of the eczema experience tool.,S,1,Simple link with basic styling.,https://www.eczemaheadquarters.com/understanding-eczema/eczema-experience-tool,download_tool_cta,Call-to-action,No exact match found in the AEM block catalog.
Your Eczema Experience | Eczema HQ,Footer Links,Footer section with additional navigation and resources.,M,1,Includes multiple links and potential dynamic content.,https://www.eczemaheadquarters.com/understanding-eczema/eczema-experience-tool,footer_links,Footer,Mapped to the Footer block in the AEM catalog.
Itch-Scratch Video Transcript,Utility Strip,Displays utility links like contact and subscribe.,S,1,Minimal styling and static links.,https://www.eczemaheadquarters.com/understanding-eczema/eczema-itch-pruritus/scratch-cycle-video-transcript,global_utility_strip,Utility strip,Not directly matched to a catalog block.
Itch-Scratch Video Transcript,Primary Header,Displays the main branding and navigation.,M,1,Involves primary navigation and branding elements.,https://www.eczemaheadquarters.com/understanding-eczema/eczema-itch-pruritus/scratch-cycle-video-transcript,primary_header,Main navigation,Not directly matched to a catalog block.
Itch-Scratch Video Transcript,Mega Navigation,Provides dropdown submenus for navigation.,C,1,Dynamic menus with multiple levels.,https://www.eczemaheadquarters.com/understanding-eczema/eczema-itch-pruritus/scratch-cycle-video-transcript,mega_navigation,Mega menu,Not directly matched to a catalog block.
Itch-Scratch Video Transcript,Hero Section,Highlights main title and introduction content.,M,1,Includes large visuals and text alignment.,https://www.eczemaheadquarters.com/understanding-eczema/eczema-itch-pruritus/scratch-cycle-video-transcript,hero_section,Hero banner,Matched with Hero block in the catalog.
Itch-Scratch Video Transcript,Social Share,Enables social media sharing.,S,1,Static buttons for sharing.,https://www.eczemaheadquarters.com/understanding-eczema/eczema-itch-pruritus/scratch-cycle-video-transcript,social_share,Social sharing buttons,Not directly matched to a catalog block.
Itch-Scratch Video Transcript,Video Player,Displays video content.,M,1,Includes video embedding and lazy loading.,https://www.eczemaheadquarters.com/understanding-eczema/eczema-itch-pruritus/scratch-cycle-video-transcript,video_player,Video component,Matched with Video block in the catalog.
Itch-Scratch Video Transcript,Transcript Text,Shows video transcript content.,S,1,Static text content.,https://www.eczemaheadquarters.com/understanding-eczema/eczema-itch-pruritus/scratch-cycle-video-transcript,transcript_text,Transcript display,Not directly matched to a catalog block.
Itch-Scratch Video Transcript,Next Page CTA,Call-to-action for navigating to the next page.,S,1,Simple link with styling.,https://www.eczemaheadquarters.com/understanding-eczema/eczema-itch-pruritus/scratch-cycle-video-transcript,next_page_cta,Call-to-action,Not directly matched to a catalog block.
Itch-Scratch Video Transcript,Recommended Topics,Displays related topics for further reading.,M,1,Dynamic content loading.,https://www.eczemaheadquarters.com/understanding-eczema/eczema-itch-pruritus/scratch-cycle-video-transcript,recommended_topics,Related topics,Not directly matched to a catalog block.
Itch-Scratch Video Transcript,Footer,Displays footer content with links and navigation.,M,1,Includes multiple links and styling.,https://www.eczemaheadquarters.com/understanding-eczema/eczema-itch-pruritus/scratch-cycle-video-transcript,footer,Footer navigation,Matched with Footer block in the catalog.
Ways to Make Your Eczema Doctor Your BFF | Eczema HQ,Utility Navigation,"Supports user interactions like login, sign-up, and search.",S,1,Basic navigation features without deep interactivity.,https://www.eczemaheadquarters.com/learnings-from-the-lab/partnering-with-your-doctor,global_utility_navigation,Utility strip,Directly tied to header functionality.
Ways to Make Your Eczema Doctor Your BFF | Eczema HQ,Primary Navigation,Provides main site navigation links.,M,1,Includes hierarchical navigation with submenus.,https://www.eczemaheadquarters.com/learnings-from-the-lab/partnering-with-your-doctor,primary_navigation,Main navigation,Requires accessibility for dropdowns and nested items.
Ways to Make Your Eczema Doctor Your BFF | Eczema HQ,Hero Section,Highlights the main topic with a prominent heading.,S,1,Static content without dynamic features.,https://www.eczemaheadquarters.com/learnings-from-the-lab/partnering-with-your-doctor,hero_section,Static hero,Focused on page introduction.
Ways to Make Your Eczema Doctor Your BFF | Eczema HQ,Social Share,Allows sharing content on social media.,S,1,Embedded functionality for external platforms.,https://www.eczemaheadquarters.com/learnings-from-the-lab/partnering-with-your-doctor,social_share,Share buttons,Requires integration with social APIs.
Ways to Make Your Eczema Doctor Your BFF | Eczema HQ,Content Introduction,Introduces page content with text overview.,S,1,Simple textual content layout.,https://www.eczemaheadquarters.com/learnings-from-the-lab/partnering-with-your-doctor,main_content_intro,Text column,Ensures readability and basic styling.
Ways to Make Your Eczema Doctor Your BFF | Eczema HQ,Image and Text Component,Displays image and text side by side.,M,1,Combines visual and textual elements responsively.,https://www.eczemaheadquarters.com/learnings-from-the-lab/partnering-with-your-doctor,image_text_component,Image-text pairing,Requires responsive design adaptation.
Ways to Make Your Eczema Doctor Your BFF | Eczema HQ,First Content Section,Details first topic with headings and text.,S,1,Basic structured content.,https://www.eczemaheadquarters.com/learnings-from-the-lab/partnering-with-your-doctor,section_one,Text column,Focused on layout consistency.
Ways to Make Your Eczema Doctor Your BFF | Eczema HQ,Second Content Section,Explores second topic with related details.,S,1,Simple structured content layout.,https://www.eczemaheadquarters.com/learnings-from-the-lab/partnering-with-your-doctor,section_two,Text column,Ensures alignment with page theme.
Ways to Make Your Eczema Doctor Your BFF | Eczema HQ,Third Content Section,Covers third topic emphasizing relationships.,S,1,Text-focused content without interactivity.,https://www.eczemaheadquarters.com/learnings-from-the-lab/partnering-with-your-doctor,section_three,Text column,Aligns with page narrative structure.
Ways to Make Your Eczema Doctor Your BFF | Eczema HQ,Recommended Topics,Displays suggested topics in a card grid format.,M,1,Requires dynamic content population and grid layout.,https://www.eczemaheadquarters.com/learnings-from-the-lab/partnering-with-your-doctor,recommended_topics,Content cards,Enhances user navigation and engagement.
The Eczema Itch: What Is Pruritus? | Eczema HQ,Utility Navigation,Provides quick access to global utilities such as sign-up and search.,M,1,Integration with header and navigation components.,https://www.eczemaheadquarters.com/understanding-eczema/eczema-itch-pruritus,global_utility_navigation,Utility strip,Includes accessibility features for interactive elements.
The Eczema Itch: What Is Pruritus? | Eczema HQ,Primary Navigation,Main site navigation with links to major sections.,C,1,Deep navigation structure with submenus.,https://www.eczemaheadquarters.com/understanding-eczema/eczema-itch-pruritus,primary_navigation,Main navigation,Requires responsive design and accessibility compliance.
The Eczema Itch: What Is Pruritus? | Eczema HQ,Hero Section,Highlights the main topic of the page with a prominent heading and introductory text.,M,1,Includes layout and styling for prominent visual impact.,https://www.eczemaheadquarters.com/understanding-eczema/eczema-itch-pruritus,hero_section,Prominent header,Supports dynamic content and SEO optimization.
The Eczema Itch: What Is Pruritus? | Eczema HQ,Social Share,Allows users to share the page content on social media platforms.,S,1,Simple embed functionality.,https://www.eczemaheadquarters.com/understanding-eczema/eczema-itch-pruritus,social_share,Social media integration,Includes links to major social platforms.
The Eczema Itch: What Is Pruritus? | Eczema HQ,Video Player,Displays a video related to the page content.,M,1,Integration with video hosting platforms and lazy loading.,https://www.eczemaheadquarters.com/understanding-eczema/eczema-itch-pruritus,video_player,Embedded video,Supports multiple video formats.
The Eczema Itch: What Is Pruritus? | Eczema HQ,Main Content Columns,Presents the main content in a two-column layout with text and images.,M,1,Responsive layout with text and image alignment.,https://www.eczemaheadquarters.com/understanding-eczema/eczema-itch-pruritus,main_content_columns,Two-column layout,Optimized for readability and visual balance.
The Eczema Itch: What Is Pruritus? | Eczema HQ,Quick Poll,Interactive poll for user engagement.,M,1,Includes form submission and validation.,https://www.eczemaheadquarters.com/understanding-eczema/eczema-itch-pruritus,quick_poll,Interactive form,Supports dynamic question display.
The Eczema Itch: What Is Pruritus? | Eczema HQ,Background Video Section,Section with a background video and supporting text.,C,1,Combines video and text with responsive design.,https://www.eczemaheadquarters.com/understanding-eczema/eczema-itch-pruritus,background_video_section,Background video,Requires performance optimization for video rendering.
The Eczema Itch: What Is Pruritus? | Eczema HQ,Recommended Topics,Displays recommended topics for further exploration.,M,1,Dynamic content loading and card layout.,https://www.eczemaheadquarters.com/understanding-eczema/eczema-itch-pruritus,recommended_topics,Content recommendations,Optimized for user engagement.
The Eczema Itch: What Is Pruritus? | Eczema HQ,Footer Call-to-Action,Encourages users to navigate to the next topic or take action.,S,1,Simple footer integration.,https://www.eczemaheadquarters.com/understanding-eczema/eczema-itch-pruritus,footer_cta,Call-to-action,Includes links and visual cues for user interaction.
Trigger Words Video Transcript,Global Utility Strip,Provides utility links and search functionality.,M,1,Includes multiple interactive elements such as search and links.,https://www.eczemaheadquarters.com/living-with-eczema/eczema-stories/trigger-words-transcript,global_utility_strip,Utility strip,No direct match found in AEM catalog.
Trigger Words Video Transcript,Primary Navigation,Offers main navigation links to primary site sections.,M,1,Contains structured navigation with submenus.,https://www.eczemaheadquarters.com/living-with-eczema/eczema-stories/trigger-words-transcript,primary_navigation,Main navigation,No direct match found in AEM catalog.
Trigger Words Video Transcript,Hero Section,Highlights the main topic with a title and social sharing options.,M,1,Requires responsive design and integration of social sharing.,https://www.eczemaheadquarters.com/living-with-eczema/eczema-stories/trigger-words-transcript,hero_section,Hero layout,Matched with catalog entry for Hero block.
Trigger Words Video Transcript,Video Player,Displays video content with player controls.,C,1,Handles multimedia embedding and playback controls.,https://www.eczemaheadquarters.com/living-with-eczema/eczema-stories/trigger-words-transcript,video_player,Video embedding,Matched with catalog entry for Video block.
Trigger Words Video Transcript,Transcript Content,Provides textual transcript for video content.,M,1,Requires accessibility considerations and dynamic content loading.,https://www.eczemaheadquarters.com/living-with-eczema/eczema-stories/trigger-words-transcript,transcript_content,Text transcript,No direct match found in AEM catalog.
Trigger Words Video Transcript,Recommended Topics,Displays related topics with images and links.,M,1,Involves dynamic content generation and linking.,https://www.eczemaheadquarters.com/living-with-eczema/eczema-stories/trigger-words-transcript,recommended_topics,Related topics,No direct match found in AEM catalog.
Trigger Words Video Transcript,Footer,Contains footer links and site information.,S,1,Static content with basic styling.,https://www.eczemaheadquarters.com/living-with-eczema/eczema-stories/trigger-words-transcript,footer,Footer layout,Matched with catalog entry for Footer block.
Derm Reacts Transcript,Global Utility Strip,"Provides quick access to contact, subscription, or group site links.",S,1,Minimal scope; static links and basic navigation.,https://www.eczemaheadquarters.com/living-with-eczema/eczema-stories/derm-reacts-transcript,global_utility_strip,Utility strip,No direct match found in catalog.
Derm Reacts Transcript,Primary Header and Branding,Displays the logo and primary navigation for the site.,M,1,Includes branding and primary navigation functionality.,https://www.eczemaheadquarters.com/living-with-eczema/eczema-stories/derm-reacts-transcript,primary_header,Main navigation,No direct match found in catalog.
Derm Reacts Transcript,Hero Section,Highlights the main title and introduction to the page.,S,1,Simple hero block with title and introduction.,https://www.eczemaheadquarters.com/living-with-eczema/eczema-stories/derm-reacts-transcript,hero_section,Hero section,Matched to 'Hero' block in catalog.
Derm Reacts Transcript,Social Share Section,Allows users to share the content on various social media platforms.,S,1,Basic social sharing functionality.,https://www.eczemaheadquarters.com/living-with-eczema/eczema-stories/derm-reacts-transcript,social_share,Social share,No direct match found in catalog.
Derm Reacts Transcript,Video Player,Displays the main video content for the page.,M,1,Includes video embedding and playback functionality.,https://www.eczemaheadquarters.com/living-with-eczema/eczema-stories/derm-reacts-transcript,video_player,Video player,Matched to 'Video' block in catalog.
Derm Reacts Transcript,Transcript Content,Contains the detailed transcript of the video content.,S,1,Static rich text content.,https://www.eczemaheadquarters.com/living-with-eczema/eczema-stories/derm-reacts-transcript,transcript_content,Rich text transcript,No direct match found in catalog.
Derm Reacts Transcript,Recommended Topics,Shows additional topics and related content for the user.,S,1,Static content display with links.,https://www.eczemaheadquarters.com/living-with-eczema/eczema-stories/derm-reacts-transcript,recommended_topics,Related content,No direct match found in catalog.
Derm Reacts Transcript,Footer,Displays site-wide footer links and information.,S,1,Basic footer functionality.,https://www.eczemaheadquarters.com/living-with-eczema/eczema-stories/derm-reacts-transcript,footer,Footer,Matched to 'Footer' block in catalog.
Understanding Eczema,Global Utility Strip,"Provides quick access to global actions such as signing up, logging in, and searching.",S,1,Basic navigation functionality with low customization requirements.,https://www.eczemaheadquarters.com/understanding-eczema,global_utility_strip,Utility strip,No exact match found in AEM catalog.
Understanding Eczema,Primary Navigation,Main navigation menu for accessing primary site sections.,M,1,Includes submenu and hierarchical navigation.,https://www.eczemaheadquarters.com/understanding-eczema,primary_navigation,Main navigation,No exact match found in AEM catalog.
Understanding Eczema,Footer,Displays site-wide links and legal information.,S,1,Simple layout with predefined styles.,https://www.eczemaheadquarters.com/understanding-eczema,footer,Legal footer,Matched with AEM catalog entry 'Footer'.
Understanding Eczema,Back to Top Button,Provides a button for users to quickly scroll back to the top of the page.,S,1,Single-button functionality with minimal interactivity.,https://www.eczemaheadquarters.com/understanding-eczema,back_to_top,Scroll utility,No exact match found in AEM catalog.
Investigating Natural Home Remedies for Eczema | Eczema HQ,Utility Navigation,Provides quick access links such as sign-up and search.,S,1,Simple navigation links without complex interactions.,https://www.eczemaheadquarters.com/learnings-from-the-lab/home-remedies,global_utility_strip,Utility strip,Potential for integration with user profile and search features.
Investigating Natural Home Remedies for Eczema | Eczema HQ,Primary Navigation,Main site navigation with links to major sections.,M,1,Includes dropdown menus and hierarchical navigation.,https://www.eczemaheadquarters.com/learnings-from-the-lab/home-remedies,primary_navigation,Main navigation,Requires accessibility considerations for menu interaction.
Investigating Natural Home Remedies for Eczema | Eczema HQ,Hero Section,Highlights the main topic of the page with a prominent heading.,S,1,Static content presentation with minimal interactivity.,https://www.eczemaheadquarters.com/learnings-from-the-lab/home-remedies,hero_section,Page hero,Focus on visual impact and responsive design.
Investigating Natural Home Remedies for Eczema | Eczema HQ,Social Share,Allows users to share the page content on social media.,S,1,Integration with external social media APIs.,https://www.eczemaheadquarters.com/learnings-from-the-lab/home-remedies,social_share,Social sharing,Ensure compliance with social media platform guidelines.
Investigating Natural Home Remedies for Eczema | Eczema HQ,Content Introduction,Introduces the topic with a summary and initial context.,S,1,Static text content without dynamic features.,https://www.eczemaheadquarters.com/learnings-from-the-lab/home-remedies,main_content_intro,Introductory content,Ensure alignment with page theme and tone.
Investigating Natural Home Remedies for Eczema | Eczema HQ,Sunflower Oil Section,Details about the benefits and usage of sunflower oil.,S,1,Simple text and image presentation.,https://www.eczemaheadquarters.com/learnings-from-the-lab/home-remedies,content_section_sunflower_oil,Content fragment,Ensure content is factual and well-structured.
Investigating Natural Home Remedies for Eczema | Eczema HQ,Turmeric Section,Details about the benefits and usage of turmeric.,S,1,Static content with minimal interactivity.,https://www.eczemaheadquarters.com/learnings-from-the-lab/home-remedies,content_section_turmeric,Content fragment,Include references to scientific studies where applicable.
Investigating Natural Home Remedies for Eczema | Eczema HQ,Alternative Methods Section,Discusses alternative methods like relaxation and stress management.,S,1,Simple text-based content.,https://www.eczemaheadquarters.com/learnings-from-the-lab/home-remedies,content_section_alternative,Content fragment,Focus on actionable advice and user engagement.
Investigating Natural Home Remedies for Eczema | Eczema HQ,Recommended Topics,Provides links to related topics for further exploration.,S,1,Static card layout for navigation.,https://www.eczemaheadquarters.com/learnings-from-the-lab/home-remedies,recommended_topics,Related topics,Ensure links are relevant and updated regularly.
Eczema Stories: Living With Eczema | Eczema HQ,Global Utility Strip,"Provides quick access to contact, subscription, and group site links.",S,1,Simple navigation links with minimal styling.,https://www.eczemaheadquarters.com/living-with-eczema/eczema-stories,global_utility_strip,Utility strip,No direct match in AEM catalog.
Eczema Stories: Living With Eczema | Eczema HQ,Primary Header,Displays the main branding and navigation elements.,M,1,Includes branding and navigation functionality.,https://www.eczemaheadquarters.com/living-with-eczema/eczema-stories,primary_header,Main navigation,Mapped to AEM Header block.
Eczema Stories: Living With Eczema | Eczema HQ,Mega Navigation,Offers a detailed navigation menu with submenus.,C,1,Complex navigation structure with hierarchical submenus.,https://www.eczemaheadquarters.com/living-with-eczema/eczema-stories,mega_navigation,Detailed navigation,No direct match in AEM catalog.
Eczema Stories: Living With Eczema | Eczema HQ,Hero Section,Highlights the main title and introductory text about the page.,M,1,Hero section with large image and heading.,https://www.eczemaheadquarters.com/living-with-eczema/eczema-stories,hero_section,Hero layout,Mapped to AEM Hero block.
Eczema Stories: Living With Eczema | Eczema HQ,Introduction Paragraph,Provides a brief overview of the content on the page.,S,1,Simple text content with basic styling.,https://www.eczemaheadquarters.com/living-with-eczema/eczema-stories,intro_paragraph,Text content,No direct match in AEM catalog.
Eczema Stories: Living With Eczema | Eczema HQ,Trigger Words Section,Features content and a video about eczema trigger words.,M,1,Includes video embedding and content layout.,https://www.eczemaheadquarters.com/living-with-eczema/eczema-stories,trigger_words_section,Video section,Mapped to AEM Video block.
Eczema Stories: Living With Eczema | Eczema HQ,Fill in the Blank Section,Contains a video and text about personal eczema experiences.,M,1,Includes video embedding and content layout.,https://www.eczemaheadquarters.com/living-with-eczema/eczema-stories,fill_in_the_blank_section,Video section,Mapped to AEM Video block.
Eczema Stories: Living With Eczema | Eczema HQ,Dermatologist Reacts Section,Includes a video and text featuring a dermatologist's perspective.,M,1,Includes video embedding and content layout.,https://www.eczemaheadquarters.com/living-with-eczema/eczema-stories,dermatologist_reacts_section,Video section,Mapped to AEM Video block.
Eczema Stories: Living With Eczema | Eczema HQ,Share Your Story CTA,Encourages users to share their eczema stories via email or phone.,S,1,Simple call-to-action text.,https://www.eczemaheadquarters.com/living-with-eczema/eczema-stories,share_story_cta,Call-to-action,No direct match in AEM catalog.
Eczema Stories: Living With Eczema | Eczema HQ,Next Page CTA,Provides a call-to-action to continue exploring related content.,S,1,Simple call-to-action text.,https://www.eczemaheadquarters.com/living-with-eczema/eczema-stories,next_page_cta,Call-to-action,No direct match in AEM catalog.
Eczema Headquarters Sitemap,Global Header,"Displays the main navigation, logo, and utility links for the site.",M,1,"Includes navigation, logo, and utility links with potential interactivity and accessibility requirements.",https://www.eczemaheadquarters.com/sitemap,global_header,Main navigation,Could not find an exact match in the catalog.
Eczema Headquarters Sitemap,Primary Navigation,"Provides the main site navigation links, including submenus.",C,1,Deep navigation structure with submenus and interactive elements.,https://www.eczemaheadquarters.com/sitemap,primary_navigation,Primary navigation,Could not find an exact match in the catalog.
Eczema Headquarters Sitemap,Sitemap Title,Displays the title of the sitemap page.,S,1,Simple text-based component.,https://www.eczemaheadquarters.com/sitemap,sitemap_title,Page title,Could not find an exact match in the catalog.
Eczema Headquarters Sitemap,Sitemap Links Section,Displays the first set of sitemap links categorized by topic.,M,1,Categorized links may require dynamic rendering or styling.,https://www.eczemaheadquarters.com/sitemap,sitemap_links_section_1,Sitemap links,Could not find an exact match in the catalog.
Eczema Headquarters Sitemap,Global Footer,Displays footer links and additional site navigation.,M,1,Includes multiple navigation and interactive elements.,https://www.eczemaheadquarters.com/sitemap,global_footer,Footer navigation,Could not find an exact match in the catalog.
Your Eczema Care Team: Specialists | Eczema HQ,Global Utility Strip,Provides global navigation options such as contact and subscription links.,M,1,Requires integration with global site navigation and user interaction elements.,https://www.eczemaheadquarters.com/treating-eczema/eczema-specialists,global_utility_strip,Utility strip,No exact match found in the AEM catalog.
Your Eczema Care Team: Specialists | Eczema HQ,Primary Navigation,Main site navigation with links to primary sections.,C,1,Involves deep navigation structures and accessibility compliance.,https://www.eczemaheadquarters.com/treating-eczema/eczema-specialists,primary_navigation,Main navigation,No exact match found in the AEM catalog.
Your Eczema Care Team: Specialists | Eczema HQ,Hero Section,Prominent introductory section with a headline and supporting image.,M,1,Requires handling of responsive design and media content.,https://www.eczemaheadquarters.com/treating-eczema/eczema-specialists,hero_section,Hero section,Matched to Hero in the AEM catalog.
Your Eczema Care Team: Specialists | Eczema HQ,Promo Drawer,Interactive drawer prompting user feedback or additional actions.,M,1,Includes user interaction and animation components.,https://www.eczemaheadquarters.com/treating-eczema/eczema-specialists,promo_drawer,Promo drawer,No exact match found in the AEM catalog.
Your Eczema Care Team: Specialists | Eczema HQ,Specialist Introduction,Section introducing eczema specialists and their roles.,S,1,Static content with minimal interactivity.,https://www.eczemaheadquarters.com/treating-eczema/eczema-specialists,specialist_intro,Introduction section,No exact match found in the AEM catalog.
Your Eczema Care Team: Specialists | Eczema HQ,Quick Poll,Interactive poll for users to provide feedback on their treatment satisfaction.,M,1,Requires handling of user inputs and data submission.,https://www.eczemaheadquarters.com/treating-eczema/eczema-specialists,quick_poll,Poll,No exact match found in the AEM catalog.
Your Eczema Care Team: Specialists | Eczema HQ,Next Page CTA,Call-to-action encouraging users to find an eczema specialist.,S,1,Simple button or link functionality.,https://www.eczemaheadquarters.com/treating-eczema/eczema-specialists,nextpage_cta,Call-to-action,No exact match found in the AEM catalog.
Your Eczema Care Team: Specialists | Eczema HQ,Recommended Topics,Section with recommended articles and resources for users.,M,1,Dynamic content generation based on user interactions.,https://www.eczemaheadquarters.com/treating-eczema/eczema-specialists,recommended_topics,Topics carousel,No exact match found in the AEM catalog.
Guide to Talk to Your Doctor About Eczema | Eczema HQ,Global Utility Strip,Provides quick access to sign-up and search functionalities.,S,1,Simple utility bar with links.,https://www.eczemaheadquarters.com/treating-eczema/doctor-discussion-guide,global_utility_strip,Utility strip,No direct match found in catalog.
Guide to Talk to Your Doctor About Eczema | Eczema HQ,Primary Header,Displays the main navigation and branding for the site.,M,1,Contains branding and navigation elements.,https://www.eczemaheadquarters.com/treating-eczema/doctor-discussion-guide,primary_header,Main header,No direct match found in catalog.
Guide to Talk to Your Doctor About Eczema | Eczema HQ,Primary Navigation,Contains the main site navigation links.,M,1,Includes hierarchical navigation.,https://www.eczemaheadquarters.com/treating-eczema/doctor-discussion-guide,primary_navigation,Main navigation,No direct match found in catalog.
Guide to Talk to Your Doctor About Eczema | Eczema HQ,Hero Section,Highlights the main message or purpose of the page.,M,1,Prominent visual and text display.,https://www.eczemaheadquarters.com/treating-eczema/doctor-discussion-guide,hero_section,Hero banner,Matched to 'Hero' block in catalog.
Guide to Talk to Your Doctor About Eczema | Eczema HQ,Introduction Text,Provides an introduction and context for the page content.,S,1,Static text content.,https://www.eczemaheadquarters.com/treating-eczema/doctor-discussion-guide,intro_text,Introductory paragraph,No direct match found in catalog.
Guide to Talk to Your Doctor About Eczema | Eczema HQ,Social Share,Allows users to share the page content on social media platforms.,S,1,Simple sharing functionality.,https://www.eczemaheadquarters.com/treating-eczema/doctor-discussion-guide,social_share,Social media links,No direct match found in catalog.
Guide to Talk to Your Doctor About Eczema | Eczema HQ,Embedded Form,Displays a form for user input or interaction.,C,1,Handles user input and data submission.,https://www.eczemaheadquarters.com/treating-eczema/doctor-discussion-guide,embedded_form,Input form,Matched to 'Form' block in catalog.
Guide to Talk to Your Doctor About Eczema | Eczema HQ,Call-to-Action Section,Encourages users to download a guide or take a specific action.,M,1,Interactive and action-oriented.,https://www.eczemaheadquarters.com/treating-eczema/doctor-discussion-guide,cta_section,Call-to-action,No direct match found in catalog.
Guide to Talk to Your Doctor About Eczema | Eczema HQ,Footer Links,Provides additional navigation and resources in the footer.,S,1,Static footer links.,https://www.eczemaheadquarters.com/treating-eczema/doctor-discussion-guide,footer_links,Footer navigation,No direct match found in catalog.
OLP Thank You New,Utility Navigation,Provides quick access to sign-up and search functionalities.,M,1,Includes accessibility considerations and interactive elements.,https://www.eczemaheadquarters.com/landing/thanks,global_utility_navigation,Utility strip,No exact match in the catalog.
OLP Thank You New,Primary Navigation,Main site navigation with links to various sections and subsections.,C,1,Deep navigation with hierarchical menus and accessibility features.,https://www.eczemaheadquarters.com/landing/thanks,primary_navigation,Main navigation,No exact match in the catalog.
OLP Thank You New,Hero Section,Displays a prominent message and image to welcome users to the page.,M,1,Includes visual prominence and potential animation.,https://www.eczemaheadquarters.com/landing/thanks,hero_section,Hero banner,No exact match in the catalog.
OLP Thank You New,Main Message,Highlights the purpose of the page with a headline and supporting text.,S,1,Simple text-based content.,https://www.eczemaheadquarters.com/landing/thanks,main_message,Headline and text,No exact match in the catalog.
OLP Thank You New,Recommended Topics,Showcases topics and resources relevant to the user.,M,1,Dynamic content display with potential user personalization.,https://www.eczemaheadquarters.com/landing/thanks,recommended_topics,Card grid,No exact match in the catalog.
OLP Thank You New,Footer,Contains site-wide links and information organized into categories.,M,1,Includes fragments and styling configurations.,https://www.eczemaheadquarters.com/landing/thanks,footer,Site footer,Matched to catalog entry.
See the Invisible Impact of Eczema | Eczema HQ,Utility Navigation,Provides quick access to sign-up options and utility navigation.,S,1,Basic links and navigation functionality.,https://www.eczemaheadquarters.com/learnings-from-the-lab/invisible-impact,global_utility_strip,Utility strip,Matches header functionality.
See the Invisible Impact of Eczema | Eczema HQ,Primary Header,Displays the main branding and navigation elements.,M,1,Includes branding and potentially complex navigation.,https://www.eczemaheadquarters.com/learnings-from-the-lab/invisible-impact,primary_header,Main navigation,Includes primary navigation and branding.
See the Invisible Impact of Eczema | Eczema HQ,Hero Section,Highlights the main theme of the page with a prominent heading and background.,M,1,Requires design and responsive layout considerations.,https://www.eczemaheadquarters.com/learnings-from-the-lab/invisible-impact,hero_section,Hero banner,Prominent visual and title.
See the Invisible Impact of Eczema | Eczema HQ,Social Share,Allows users to share the page content on various social media platforms.,S,1,Basic integration with social media APIs.,https://www.eczemaheadquarters.com/learnings-from-the-lab/invisible-impact,social_share,Share buttons,No direct match in AEM catalog.
See the Invisible Impact of Eczema | Eczema HQ,Main Content Columns,Organizes the primary content into columns for structured presentation.,M,1,Responsive design and layout-specific challenges.,https://www.eczemaheadquarters.com/learnings-from-the-lab/invisible-impact,main_content_columns,Content columns,Flexible layout needs.
See the Invisible Impact of Eczema | Eczema HQ,Quote Section A,Displays a quote from a real eczema patient with accompanying imagery.,S,1,Simple text and image display.,https://www.eczemaheadquarters.com/learnings-from-the-lab/invisible-impact,quote_section_a,Quote with image,Styled for emphasis.
See the Invisible Impact of Eczema | Eczema HQ,Finding A Section,Explores the impact of eczema on sleep and productivity.,M,1,Interactive expandable content.,https://www.eczemaheadquarters.com/learnings-from-the-lab/invisible-impact,finding_a_section,Accordion section,Interactive and structured.
See the Invisible Impact of Eczema | Eczema HQ,Footer Section,Contains site-wide links and information.,S,1,Basic footer with links.,https://www.eczemaheadquarters.com/learnings-from-the-lab/invisible-impact,footer_section,Footer,Matches footer functionality.
Eczema and Emotional Health and Wellness | Eczema HQ,Utility Navigation,"Provides quick access to contact, subscription, and group site links.",S,1,Simple navigation bar with minimal interactive elements.,https://www.eczemaheadquarters.com/living-with-eczema/eczema-and-emotional-health,global_utility_strip,Utility strip,Includes contact and subscription links.
Eczema and Emotional Health and Wellness | Eczema HQ,Primary Navigation,Main site navigation menu with links to key sections.,M,1,Expandable menu with hierarchical navigation.,https://www.eczemaheadquarters.com/living-with-eczema/eczema-and-emotional-health,primary_navigation,Main navigation,Supports submenus and multiple levels.
Eczema and Emotional Health and Wellness | Eczema HQ,Hero Section,Highlights the main topic of the page with a title and image.,S,1,Static content with image and text.,https://www.eczemaheadquarters.com/living-with-eczema/eczema-and-emotional-health,hero_section,Hero image,Used for visual emphasis.
Eczema and Emotional Health and Wellness | Eczema HQ,Introduction Text,Provides an introductory paragraph about the topic.,S,1,Simple text content with no interactive elements.,https://www.eczemaheadquarters.com/living-with-eczema/eczema-and-emotional-health,intro_text,Static text,Basic paragraph structure.
Eczema and Emotional Health and Wellness | Eczema HQ,Main Content Columns,Displays the main content in a two-column layout.,M,1,Responsive layout for structured content.,https://www.eczemaheadquarters.com/living-with-eczema/eczema-and-emotional-health,main_content_columns,Two-column layout,Adapts to screen sizes.
Eczema and Emotional Health and Wellness | Eczema HQ,Quick Poll,Interactive poll for user engagement.,C,1,Includes form handling and user interaction.,https://www.eczemaheadquarters.com/living-with-eczema/eczema-and-emotional-health,quick_poll,Poll form,Captures user input dynamically.
Eczema and Emotional Health and Wellness | Eczema HQ,Call to Action Section,Encourages users to explore related topics or take specific actions.,S,1,Simple call-to-action links or buttons.,https://www.eczemaheadquarters.com/living-with-eczema/eczema-and-emotional-health,cta_section,CTA buttons,Directs user actions.
Eczema and Emotional Health and Wellness | Eczema HQ,Recommended Topics,Displays suggested topics for further reading.,M,1,Card layout with links to additional content.,https://www.eczemaheadquarters.com/living-with-eczema/eczema-and-emotional-health,recommended_topics,Content cards,Encourages further exploration.
Treatment Sign Up Page,Utility Navigation,Provides quick access to global utilities such as contact and subscription options.,S,1,Simple navigation with limited elements.,https://www.eczemaheadquarters.com/landing/stay-tuned,global_utility_strip,Utility strip,No direct match found in the AEM catalog.
Treatment Sign Up Page,Primary Navigation,Main site navigation menu with links to major sections.,M,1,Includes hierarchical navigation and submenu functionality.,https://www.eczemaheadquarters.com/landing/stay-tuned,primary_navigation,Main navigation,No direct match found in the AEM catalog.
Treatment Sign Up Page,Hero Section,Prominent section with an image and heading to introduce the page.,M,1,Includes visual elements and dynamic content.,https://www.eczemaheadquarters.com/landing/stay-tuned,hero_section,Hero banner,No direct match found in the AEM catalog.
Treatment Sign Up Page,Content Columns,Two-column layout with text and images providing detailed information.,M,1,Moderate layout complexity with structured content.,https://www.eczemaheadquarters.com/landing/stay-tuned,main_content_columns,Columns layout,No direct match found in the AEM catalog.
Treatment Sign Up Page,Recommended Topics,Displays recommended topics with links and images.,M,1,Includes interactive elements and links.,https://www.eczemaheadquarters.com/landing/stay-tuned,recommended_topics,Content recommendations,No direct match found in the AEM catalog.
Treatment Sign Up Page,Footer,Footer with links to various site sections and additional resources.,S,1,Simple structure with static links.,https://www.eczemaheadquarters.com/landing/stay-tuned,footer_section,Footer navigation,No direct match found in the AEM catalog.
homepage-experience-full,Utility Navigation,"Provides quick access to user actions like login, signup, and search.",M,1,Includes interactive elements requiring accessibility and dynamic updates.,https://www.eczemaheadquarters.com/personalization/homepage-experience-full,global_utility_strip,Utility strip,Could be mapped to a navigation block type with a utility focus.
homepage-experience-full,Primary Navigation,Main navigation for site-wide links and hierarchical menu.,C,1,Deep hierarchical navigation requiring accessibility and responsive design.,https://www.eczemaheadquarters.com/personalization/homepage-experience-full,primary_navigation,Main navigation,May align with a navigation block type for primary headers.
homepage-experience-full,Hero Section,Displays main visual and introductory content for the page.,M,1,Includes large visuals and dynamic content requiring responsive design.,https://www.eczemaheadquarters.com/personalization/homepage-experience-full,hero_section,Hero,Consider mapping to a Hero block type for visual emphasis.
homepage-experience-full,Information Tree,Interactive guide helping users navigate based on their eczema experience.,C,1,Requires dynamic interactions and conditional logic.,https://www.eczemaheadquarters.com/personalization/homepage-experience-full,info_tree,Interactive guide,Could be linked to a decision tree or interactive block type.
homepage-experience-full,Footer,"Provides site-wide links and resources, styled for consistent branding.",M,1,Includes fragments and requires accessibility compliance.,https://www.eczemaheadquarters.com/personalization/homepage-experience-full,footer,Footer,Mapped successfully to Footer block type from the catalog.
We Hope You’re Hungry for The Truth | Eczema HQ,Utility Navigation,Provides quick access links for contact and subscription.,S,1,Basic navigation links with minimal interactivity.,https://www.eczemaheadquarters.com/learnings-from-the-lab/eczema-diets,global_utility_strip,Utility strip,Could be mapped to a custom utility navigation block.
We Hope You’re Hungry for The Truth | Eczema HQ,Primary Navigation,Main navigation links for site sections.,M,1,Includes dropdown menus and hierarchical navigation.,https://www.eczemaheadquarters.com/learnings-from-the-lab/eczema-diets,primary_navigation,Main navigation,Potential mapping to a custom header navigation block.
We Hope You’re Hungry for The Truth | Eczema HQ,Hero Section,Prominent hero section with headline and supporting content.,M,1,Requires responsive design and prominent styling.,https://www.eczemaheadquarters.com/learnings-from-the-lab/eczema-diets,hero_section,Hero banner,Matches the 'Hero' block from the catalog.
We Hope You’re Hungry for The Truth | Eczema HQ,Social Sharing Buttons,Facilitates sharing on social media platforms.,S,1,Simple buttons with external links.,https://www.eczemaheadquarters.com/learnings-from-the-lab/eczema-diets,social_share,Social share,Could be integrated with an embed or custom sharing block.
We Hope You’re Hungry for The Truth | Eczema HQ,Diet Advice Call-to-Action,Encourages user engagement through sign-up.,M,1,Includes form submission or link redirection.,https://www.eczemaheadquarters.com/learnings-from-the-lab/eczema-diets,diet_advice_cta,Call-to-action,May require custom CTA block implementation.
We Hope You’re Hungry for The Truth | Eczema HQ,Recommended Topics Section,Displays links to related topics and resources.,S,1,Static links with basic styling.,https://www.eczemaheadquarters.com/learnings-from-the-lab/eczema-diets,recommended_topics,Related topics,Could use a card or list block for layout.
Can Stress Cause Eczema? | Eczema HQ,Global Utility Strip,Provides global navigation utilities such as sign-up and search.,S,1,Simple utility navigation with limited interactivity.,https://www.eczemaheadquarters.com/living-with-eczema/eczema-and-stress,global_utility_strip,Utility strip,No direct match in the catalog.
Can Stress Cause Eczema? | Eczema HQ,Primary Navigation,Main site navigation with links to key sections.,M,1,Multi-level navigation with potential accessibility requirements.,https://www.eczemaheadquarters.com/living-with-eczema/eczema-and-stress,primary_navigation,Main navigation,No direct match in the catalog.
Can Stress Cause Eczema? | Eczema HQ,Hero Section,Features the main headline and introductory content.,M,1,Hero sections often include dynamic styling and responsive design.,https://www.eczemaheadquarters.com/living-with-eczema/eczema-and-stress,hero_section,Hero banner,Mapped to 'Hero' from the catalog.
Can Stress Cause Eczema? | Eczema HQ,Main Content Columns,Presents the main content in a two-column layout.,M,1,Requires layout management and responsive adjustments.,https://www.eczemaheadquarters.com/living-with-eczema/eczema-and-stress,main_content_columns,Content layout,No direct match in the catalog.
Can Stress Cause Eczema? | Eczema HQ,Stress Busters Section,Provides tips and techniques to reduce stress.,S,1,Simple content block with static information.,https://www.eczemaheadquarters.com/living-with-eczema/eczema-and-stress,stress_busters_section,Content feature,No direct match in the catalog.
Can Stress Cause Eczema? | Eczema HQ,Recommended Topics,Displays recommended topics for further exploration.,S,1,Static list of links or articles.,https://www.eczemaheadquarters.com/living-with-eczema/eczema-and-stress,recommended_topics,Content recommendation,No direct match in the catalog.
Help us improve (Voice of the Customer) | Eczema HQ,Utility Navigation,"Provides access to utility links like sign-up, search, and navigation toggle.",M,1,Involves interactive elements such as search and sign-up links.,https://www.eczemaheadquarters.com/eczema-support-and-resources/voc-survey,global_utility_strip,Utility strip,Split from primary navigation for clarity.
Help us improve (Voice of the Customer) | Eczema HQ,Primary Navigation,Main navigation menu for accessing site sections.,C,1,Includes nested menus and interactive navigation features.,https://www.eczemaheadquarters.com/eczema-support-and-resources/voc-survey,primary_navigation,Main navigation,Separate from utility navigation for distinct functionality.
Help us improve (Voice of the Customer) | Eczema HQ,Hero Section,Highlights the main message or call to action for the page.,M,1,Requires responsive design and prominent visual styling.,https://www.eczemaheadquarters.com/eczema-support-and-resources/voc-survey,hero_section,Hero banner,Focuses on a single prominent message.
Help us improve (Voice of the Customer) | Eczema HQ,Feedback Form,Embedded form for collecting user feedback.,C,1,"Handles user input, validation, and submission processes.",https://www.eczemaheadquarters.com/eczema-support-and-resources/voc-survey,form_embed,Survey form,Critical for user interaction and data collection.
Help us improve (Voice of the Customer) | Eczema HQ,Footer Links,Footer navigation with links to various site sections and external resources.,M,1,Includes multiple links and potential dynamic content.,https://www.eczemaheadquarters.com/eczema-support-and-resources/voc-survey,footer_links,Footer navigation,May include legal disclaimers or contact information.
Help us improve (Voice of the Customer) | Eczema HQ,Back to Top Button,Allows users to quickly return to the top of the page.,S,1,Simple scroll functionality with minor styling.,https://www.eczemaheadquarters.com/eczema-support-and-resources/voc-survey,back_to_top,Utility button,Enhances user navigation experience.
Biologics &amp; Oral Small Molecules | Eczema HQ,Utility Navigation,Provides global access to features such as signing up for updates.,S,1,Simple header functionality with limited interactive elements.,https://www.eczemaheadquarters.com/treating-eczema/eczema-treatment-options,global_utility_strip,Utility strip,May include accessibility features for navigation.
Biologics &amp; Oral Small Molecules | Eczema HQ,Primary Navigation,Main navigation for site sections.,M,1,Depth of navigation hierarchy increases implementation complexity.,https://www.eczemaheadquarters.com/treating-eczema/eczema-treatment-options,primary_navigation,Main navigation,Requires responsive design and accessibility compliance.
Biologics &amp; Oral Small Molecules | Eczema HQ,Hero Section,Highlights the main topic with visuals and heading.,S,1,Static visual presentation with minimal interactivity.,https://www.eczemaheadquarters.com/treating-eczema/eczema-treatment-options,hero_section,Hero banner,May require optimization for different screen sizes.
Biologics &amp; Oral Small Molecules | Eczema HQ,Introduction Content,Provides an overview and context for the page topic.,S,1,Simple text-based content with no dynamic functionality.,https://www.eczemaheadquarters.com/treating-eczema/eczema-treatment-options,intro_content,Text content,Could be mapped to Columns or another layout block if more details are provided.
Biologics &amp; Oral Small Molecules | Eczema HQ,Next Page CTA,Encourages users to navigate to related content.,S,1,Basic call-to-action functionality without complex interactivity.,https://www.eczemaheadquarters.com/treating-eczema/eczema-treatment-options,nextpage_cta,CTA button,Consider mapping to a Button or similar block if available.
Biologics &amp; Oral Small Molecules | Eczema HQ,Recommended Topics,Displays related topics in a card layout.,M,1,Requires dynamic content generation and responsive design.,https://www.eczemaheadquarters.com/treating-eczema/eczema-treatment-options,recommended_topics,Card grid,Ensure cards are accessible and visually distinct.
Biologics &amp; Oral Small Molecules | Eczema HQ,Site Footer,Provides site-wide links and resources.,S,1,Static layout with minimal interactivity.,https://www.eczemaheadquarters.com/treating-eczema/eczema-treatment-options,footer,Footer links,May include additional elements like social media links and legal notices.
Eczema Routines (Atopic Dermatitis) | Eczema HQ,Utility Strip,"Provides quick access to contact, subscription, and group site links.",S,1,Straightforward utility navigation with limited interactivity.,https://www.eczemaheadquarters.com/living-with-eczema/eczema-routine,global_utility_strip,Utility strip,No direct match in the catalog.
Eczema Routines (Atopic Dermatitis) | Eczema HQ,Primary Navigation,Main site navigation with links to primary sections.,M,1,Complexity arises from deep navigation and submenu levels.,https://www.eczemaheadquarters.com/living-with-eczema/eczema-routine,primary_navigation,Main navigation,No direct match in the catalog.
Eczema Routines (Atopic Dermatitis) | Eczema HQ,Hero Section,Highlights the main theme of the page with a large image and introductory text.,M,1,Requires proper rendering of large visuals and responsive design.,https://www.eczemaheadquarters.com/living-with-eczema/eczema-routine,hero_section,Hero banner,No direct match in the catalog.
Eczema Routines (Atopic Dermatitis) | Eczema HQ,Promo Drawer,A collapsible section to gather user feedback or provide additional information.,M,1,Interactive collapsible behavior increases implementation scope.,https://www.eczemaheadquarters.com/living-with-eczema/eczema-routine,promo_drawer,Feedback drawer,No direct match in the catalog.
Eczema Routines (Atopic Dermatitis) | Eczema HQ,Introduction Columns,Provides an introduction to the topic with text and supporting imagery.,S,1,Simple layout with static content.,https://www.eczemaheadquarters.com/living-with-eczema/eczema-routine,intro_columns,Introductory layout,No direct match in the catalog.
Eczema Routines (Atopic Dermatitis) | Eczema HQ,Tips Section,Offers actionable tips for managing eczema.,S,1,Static content with minimal interactivity.,https://www.eczemaheadquarters.com/living-with-eczema/eczema-routine,tips_section,Tips display,No direct match in the catalog.
Eczema Routines (Atopic Dermatitis) | Eczema HQ,Quick Poll,Interactive section allowing users to participate in a poll.,C,1,Requires backend integration for poll functionality and analytics.,https://www.eczemaheadquarters.com/living-with-eczema/eczema-routine,quick_poll,Poll widget,No direct match in the catalog.
Eczema Routines (Atopic Dermatitis) | Eczema HQ,Inline Call to Action,Encourages users to sign up for additional resources or magazines.,S,1,Simple call-to-action functionality.,https://www.eczemaheadquarters.com/living-with-eczema/eczema-routine,inline_cta,Inline subscription prompt,No direct match in the catalog.
Eczema Routines (Atopic Dermatitis) | Eczema HQ,Recommended Topics,Displays suggested articles or topics for further reading.,M,1,Dynamic content generation based on analytics.,https://www.eczemaheadquarters.com/living-with-eczema/eczema-routine,recommended_topics,Suggested topics,No direct match in the catalog.
When the Temp Goes Down &amp; Your Eczema Heats Up | Eczema HQ,Global Utility Strip,Provides quick access to global utilities such as contact and subscription options.,S,1,Basic utility navigation without deep interactive elements.,https://www.eczemaheadquarters.com/learnings-from-the-lab/winter-eczema,global_utility_strip,Utility strip,No exact match found in the catalog.
When the Temp Goes Down &amp; Your Eczema Heats Up | Eczema HQ,Primary Navigation,Contains the main navigation menu for the website.,M,1,Includes submenu handling and accessibility features.,https://www.eczemaheadquarters.com/learnings-from-the-lab/winter-eczema,primary_navigation,Main navigation,No exact match found in the catalog.
When the Temp Goes Down &amp; Your Eczema Heats Up | Eczema HQ,Hero Section,Displays the main headline and introduction for the page.,S,1,Static content with minimal interactive elements.,https://www.eczemaheadquarters.com/learnings-from-the-lab/winter-eczema,hero_section,Hero banner,No exact match found in the catalog.
When the Temp Goes Down &amp; Your Eczema Heats Up | Eczema HQ,Social Share,Allows users to share the page on social media platforms.,S,1,Basic sharing functionality without advanced integrations.,https://www.eczemaheadquarters.com/learnings-from-the-lab/winter-eczema,social_share,Social sharing,No exact match found in the catalog.
When the Temp Goes Down &amp; Your Eczema Heats Up | Eczema HQ,Main Content Introduction,Introduces the main topic of the page with a brief overview.,S,1,Simple text content presentation.,https://www.eczemaheadquarters.com/learnings-from-the-lab/winter-eczema,main_content_intro,Content introduction,No exact match found in the catalog.
When the Temp Goes Down &amp; Your Eczema Heats Up | Eczema HQ,Image with Text,Displays an image alongside descriptive text.,S,1,Static layout with image and text pairing.,https://www.eczemaheadquarters.com/learnings-from-the-lab/winter-eczema,image_with_text_1,Image and text block,No exact match found in the catalog.
When the Temp Goes Down &amp; Your Eczema Heats Up | Eczema HQ,Scientific Takeaway,Summarizes the scientific insights related to the page topic.,S,1,Simple text-based content block.,https://www.eczemaheadquarters.com/learnings-from-the-lab/winter-eczema,scientific_takeaway,Takeaway section,No exact match found in the catalog.
When the Temp Goes Down &amp; Your Eczema Heats Up | Eczema HQ,Recommended Topics,Shows related topics for further exploration.,M,1,Requires dynamic content population based on recommendations.,https://www.eczemaheadquarters.com/learnings-from-the-lab/winter-eczema,recommended_topics,Related topics,No exact match found in the catalog.
Treatment Video Transcript,Utility Navigation,Provides global utility links for quick access.,S,1,Simple links and navigation.,https://www.eczemaheadquarters.com/treating-eczema/options-for-eczema-treatment/treatment-video-transcript,global_utility_strip,Utility strip,No matching catalog entry found.
Treatment Video Transcript,Site Header,"Displays site logo, primary navigation, and search.",M,1,Includes multiple interactive elements.,https://www.eczemaheadquarters.com/treating-eczema/options-for-eczema-treatment/treatment-video-transcript,primary_header,Main navigation,No matching catalog entry found.
Treatment Video Transcript,Primary Navigation,Main navigation with dropdown menus for site sections.,M,1,Dropdown functionality adds complexity.,https://www.eczemaheadquarters.com/treating-eczema/options-for-eczema-treatment/treatment-video-transcript,primary_navigation,Main navigation,No matching catalog entry found.
Treatment Video Transcript,Hero Section,Displays a prominent heading and introductory text.,M,1,Requires styling and layout for visual emphasis.,https://www.eczemaheadquarters.com/treating-eczema/options-for-eczema-treatment/treatment-video-transcript,hero_section,Hero banner,Mapped to Hero block in catalog.
Treatment Video Transcript,Social Sharing,Provides options for sharing content on social media.,S,1,Simple sharing functionality.,https://www.eczemaheadquarters.com/treating-eczema/options-for-eczema-treatment/treatment-video-transcript,social_share,Social share,No matching catalog entry found.
Treatment Video Transcript,Video Player,Displays video content related to the page topic.,M,1,Includes video embedding and playback controls.,https://www.eczemaheadquarters.com/treating-eczema/options-for-eczema-treatment/treatment-video-transcript,video_player,Video player,Mapped to Video block in catalog.
Treatment Video Transcript,Transcript Content,Presents the transcript of the video content.,S,1,Simple text presentation.,https://www.eczemaheadquarters.com/treating-eczema/options-for-eczema-treatment/treatment-video-transcript,transcript_content,Transcript,No matching catalog entry found.
Treatment Video Transcript,Recommended Topics,Displays related content and topics.,S,1,Simple list of links or cards.,https://www.eczemaheadquarters.com/treating-eczema/options-for-eczema-treatment/treatment-video-transcript,recommended_topics,Content recommendations,No matching catalog entry found.
Treatment Video Transcript,Footer,Displays site-wide links and copyright information.,S,1,Static footer content.,https://www.eczemaheadquarters.com/treating-eczema/options-for-eczema-treatment/treatment-video-transcript,footer,Footer,Mapped to Footer block in catalog.
Current Eczema Treatment Options | Eczema HQ,Utility Navigation,"Displays links for contact, subscription, and site groups.",S,1,Basic navigation links without additional interactivity.,https://www.eczemaheadquarters.com/treating-eczema/options-for-eczema-treatment,global_utility_strip,Utility strip,No matching block in the AEM catalog.
Current Eczema Treatment Options | Eczema HQ,Site Header,Provides the site logo and main navigation.,M,1,Includes logo integration and navigation structure.,https://www.eczemaheadquarters.com/treating-eczema/options-for-eczema-treatment,primary_header,Main navigation,Mapped to 'Header' from the catalog.
Current Eczema Treatment Options | Eczema HQ,Mega Navigation,Offers access to primary site sections with expanded menus.,C,1,Involves deep navigation structure and interactivity.,https://www.eczemaheadquarters.com/treating-eczema/options-for-eczema-treatment,mega_navigation,Primary navigation,No matching block in the AEM catalog.
Current Eczema Treatment Options | Eczema HQ,Hero Section,Highlights the page with a prominent title and introductory text.,M,1,Includes styling for visual emphasis.,https://www.eczemaheadquarters.com/treating-eczema/options-for-eczema-treatment,hero_section,Hero,Mapped to 'Hero' from the catalog.
Current Eczema Treatment Options | Eczema HQ,Introductory Text,Provides an overview of the page's topic.,S,1,Simple text content without interactivity.,https://www.eczemaheadquarters.com/treating-eczema/options-for-eczema-treatment,intro_text,Text section,No matching block in the AEM catalog.
Current Eczema Treatment Options | Eczema HQ,Social Share,Facilitates sharing of the page on social media platforms.,S,1,Basic sharing functionality.,https://www.eczemaheadquarters.com/treating-eczema/options-for-eczema-treatment,social_share,Social sharing,No matching block in the AEM catalog.
Current Eczema Treatment Options | Eczema HQ,Video Player,Embeds and plays video content.,M,1,Requires integration with video hosting services.,https://www.eczemaheadquarters.com/treating-eczema/options-for-eczema-treatment,video_player,Video content,Mapped to 'Video' from the catalog.
Current Eczema Treatment Options | Eczema HQ,Treatment Options Accordion,Displays expandable sections for treatment details.,M,1,Interactive UI element with content toggling.,https://www.eczemaheadquarters.com/treating-eczema/options-for-eczema-treatment,accordion_treatment_options,Accordion,Mapped to 'Accordion' from the catalog.
Current Eczema Treatment Options | Eczema HQ,Reactive and Proactive Section,Explains reactive and proactive treatment approaches.,S,1,Static text with minimal styling.,https://www.eczemaheadquarters.com/treating-eczema/options-for-eczema-treatment,reactive_proactive_section,Content section,No matching block in the AEM catalog.
Supporting A Kid or Teen with Eczema | Eczema HQ,Utility Navigation,"Provides links for contact, subscribe, and group sites.",S,1,Limited scope with basic accessibility and navigation links.,https://www.eczemaheadquarters.com/learnings-from-the-lab/supporting-eczema-teens,global_utility_strip,Utility strip,No direct match found in AEM catalog.
Supporting A Kid or Teen with Eczema | Eczema HQ,Site Header,Displays branding and primary navigation.,M,1,Includes branding and navigation with potential dropdown menus.,https://www.eczemaheadquarters.com/learnings-from-the-lab/supporting-eczema-teens,primary_header,Main navigation,No direct match found in AEM catalog.
Supporting A Kid or Teen with Eczema | Eczema HQ,Hero Banner,Features the main page title and introduction.,M,1,Includes visual elements and introductory content.,https://www.eczemaheadquarters.com/learnings-from-the-lab/supporting-eczema-teens,hero_section,Hero section,No direct match found in AEM catalog.
Supporting A Kid or Teen with Eczema | Eczema HQ,Social Sharing,Provides sharing options for social media platforms.,S,1,Basic functionality for social media integration.,https://www.eczemaheadquarters.com/learnings-from-the-lab/supporting-eczema-teens,social_share,Share options,No direct match found in AEM catalog.
Supporting A Kid or Teen with Eczema | Eczema HQ,Introduction Section,Introduces the topic with summary and image.,M,1,Includes text and visual elements for topic introduction.,https://www.eczemaheadquarters.com/learnings-from-the-lab/supporting-eczema-teens,content_intro,Content introduction,No direct match found in AEM catalog.
Supporting A Kid or Teen with Eczema | Eczema HQ,Multi-Column Content,Displays detailed content in columns.,M,1,Requires layout management for multi-column display.,https://www.eczemaheadquarters.com/learnings-from-the-lab/supporting-eczema-teens,content_columns,Content layout,No direct match found in AEM catalog.
Supporting A Kid or Teen with Eczema | Eczema HQ,Tips Section,Provides actionable advice and tips.,S,1,Straightforward section with text-based tips.,https://www.eczemaheadquarters.com/learnings-from-the-lab/supporting-eczema-teens,supporting_tips,Advice section,No direct match found in AEM catalog.
Supporting A Kid or Teen with Eczema | Eczema HQ,Topics Recommendation,Highlights related topics for exploration.,M,1,Requires dynamic linking to related content.,https://www.eczemaheadquarters.com/learnings-from-the-lab/supporting-eczema-teens,recommended_topics,Related topics,No direct match found in AEM catalog.
Eczema HQ on Social Media | Eczema HQ,Global Utility Strip,Provides utility links such as sign-up and search options.,S,1,Basic navigation functionality without advanced features.,https://www.eczemaheadquarters.com/connect-with-us,global_utility_strip,Utility strip,No exact match found in the catalog.
Eczema HQ on Social Media | Eczema HQ,Primary Navigation,Main site navigation with links to key sections.,M,1,Includes hierarchical navigation structure.,https://www.eczemaheadquarters.com/connect-with-us,primary_navigation,Main navigation,No exact match found in the catalog.
Eczema HQ on Social Media | Eczema HQ,Hero Section,Prominent introductory section with a title to engage users.,M,1,Requires CSS and JS for positioning and styling.,https://www.eczemaheadquarters.com/connect-with-us,hero_section,Hero with title,Mapped to Hero block from catalog.
Eczema HQ on Social Media | Eczema HQ,Promo Drawer,Interactive drawer prompting users to provide feedback.,M,1,Interactive functionality with user engagement.,https://www.eczemaheadquarters.com/connect-with-us,promo_drawer,Feedback drawer,No exact match found in the catalog.
Eczema HQ on Social Media | Eczema HQ,Social Media CTAs,Links to follow the site on social media platforms.,S,1,Simple link-based functionality.,https://www.eczemaheadquarters.com/connect-with-us,social_media_ctas,Social media links,No exact match found in the catalog.
Eczema HQ on Social Media | Eczema HQ,Recommended Topics,Displays recommended articles or sections for users.,S,1,Static content display without interactive features.,https://www.eczemaheadquarters.com/connect-with-us,recommended_topics,Related content,No exact match found in the catalog.
Eczema HQ on Social Media | Eczema HQ,Footer Links,Footer with categorized links to various site sections.,M,1,Fragment-based footer with styling requirements.,https://www.eczemaheadquarters.com/connect-with-us,footer_links,Footer links,Mapped to Footer block from catalog.
Fill in the Blank Video Transcript,Global Utility Navigation,Provides quick access to global actions like signing up and searching.,S,1,Minimal complexity due to basic navigation links.,https://www.eczemaheadquarters.com/living-with-eczema/eczema-stories/fill-in-the-blank-transcript,global_utility_strip,Utility strip,May require custom implementation for specific actions.
Fill in the Blank Video Transcript,Primary Header,Displays the logo and main navigation for the site.,M,1,Moderate complexity due to integration of navigation and branding elements.,https://www.eczemaheadquarters.com/living-with-eczema/eczema-stories/fill-in-the-blank-transcript,primary_header,Main navigation,Uses AEM Header block for layout and navigation.
Fill in the Blank Video Transcript,Mega Navigation,Displays the primary navigation menu with submenus.,C,1,High complexity due to multi-level navigation and accessibility requirements.,https://www.eczemaheadquarters.com/living-with-eczema/eczema-stories/fill-in-the-blank-transcript,mega_navigation,Mega menu,May require custom scripting for submenu interactions.
Fill in the Blank Video Transcript,Hero Section,"Highlights the main topic of the page, including the video transcript.",M,1,Moderate complexity due to visual emphasis and responsive design.,https://www.eczemaheadquarters.com/living-with-eczema/eczema-stories/fill-in-the-blank-transcript,hero_section,Hero banner,Utilizes AEM Hero block for styling and layout.
Fill in the Blank Video Transcript,Video Player,Embeds the main video content for the page.,M,1,Moderate complexity due to integration of video playback and accessibility features.,https://www.eczemaheadquarters.com/living-with-eczema/eczema-stories/fill-in-the-blank-transcript,video_player,Embedded video,Relies on AEM Video block for embedding and styling.
Fill in the Blank Video Transcript,Transcript Text,Displays the full transcript of the video content.,S,1,Minimal complexity due to static text content.,https://www.eczemaheadquarters.com/living-with-eczema/eczema-stories/fill-in-the-blank-transcript,transcript_text,Rich text,Requires custom styling for readability.
Fill in the Blank Video Transcript,Recommended Topics,Lists additional related topics for further exploration.,S,1,Minimal complexity due to basic list layout.,https://www.eczemaheadquarters.com/living-with-eczema/eczema-stories/fill-in-the-blank-transcript,recommended_topics,Suggestions,May require dynamic data fetching based on user preferences.
Fill in the Blank Video Transcript,Footer Links,Provides links to additional resources and site navigation.,M,1,Moderate complexity due to integration of navigation and branding elements.,https://www.eczemaheadquarters.com/living-with-eczema/eczema-stories/fill-in-the-blank-transcript,footer_links,Footer navigation,Uses AEM Footer block for styling and layout.
Find a Doctor Near You | Eczema HQ,Top Utility Bar,Provides quick access to contact and subscription links.,S,1,Simple links with minimal interactivity.,https://www.eczemaheadquarters.com/treating-eczema/doctor-near-me,global_utility_strip,Utility strip,Could be categorized under header utilities.
Find a Doctor Near You | Eczema HQ,Main Navigation,Primary navigation menu for main site sections.,M,1,Includes multi-level dropdowns requiring accessibility compliance.,https://www.eczemaheadquarters.com/treating-eczema/doctor-near-me,primary_navigation,Primary navigation,Should ensure ARIA roles and keyboard navigation.
Find a Doctor Near You | Eczema HQ,Hero Banner,Highlights the main message and image of the page.,M,1,Large visual element with dynamic styles.,https://www.eczemaheadquarters.com/treating-eczema/doctor-near-me,hero_section,Hero section,Mapped to the Hero block type from the catalog.
Find a Doctor Near You | Eczema HQ,Specialist Locator,Interactive tool for finding specialists by ZIP code.,C,1,Complex functionality with user input and data fetching.,https://www.eczemaheadquarters.com/treating-eczema/doctor-near-me,locator_tool,Locator tool,Requires integration with backend services for data.
Find a Doctor Near You | Eczema HQ,Introduction Text,Introductory text providing context for the locator tool.,S,1,Static text with basic styling.,https://www.eczemaheadquarters.com/treating-eczema/doctor-near-me,rich_text_intro,Rich text,Can be styled directly in the CMS.
Find a Doctor Near You | Eczema HQ,Footer Links,Contains links to resources and information.,M,1,Dynamic footer content with styling and link management.,https://www.eczemaheadquarters.com/treating-eczema/doctor-near-me,footer_links,Footer links,Mapped to the Footer block type from the catalog.
Eczema Support &amp; Resources,Utility Navigation,Provides quick access to utility links such as contact and subscription.,M,1,Includes accessibility considerations and dynamic content.,https://www.eczemaheadquarters.com/eczema-support-and-resources,global_utility_strip,Utility strip,No exact match found in the AEM catalog.
Eczema Support &amp; Resources,Main Navigation,"Primary navigation for the website, providing links to key sections.",C,1,Deep navigation hierarchy and accessibility requirements.,https://www.eczemaheadquarters.com/eczema-support-and-resources,primary_navigation,Main navigation,No exact match found in the AEM catalog.
Eczema Support &amp; Resources,Hero Carousel,Showcases featured content in a rotating carousel format.,C,1,Interactive component with navigation buttons and indicators.,https://www.eczemaheadquarters.com/eczema-support-and-resources,hero_carousel,Content carousel,Mapped to the Carousel block in AEM catalog.
Eczema Support &amp; Resources,Footer Section,Displays categorized links and additional resources in the footer.,M,1,Requires fragment loading and styling.,https://www.eczemaheadquarters.com/eczema-support-and-resources,footer_links,Footer links,Mapped to the Footer block in AEM catalog.
Eczema Support &amp; Resources,Back to Top,Scrolls the page back to the top when clicked.,S,1,Simple functionality with minimal styling.,https://www.eczemaheadquarters.com/eczema-support-and-resources,back_to_top_button,Scroll button,No exact match found in the AEM catalog.
Learnings from the Lab,Utility Navigation,Displays utility links like sign-up and search.,M,1,Requires accessibility and interaction handling for utility links.,https://www.eczemaheadquarters.com/learnings-from-the-lab,global_utility_navigation,Utility strip,Includes search and sign-up features.
Learnings from the Lab,Primary Navigation,Main navigation for site sections.,C,1,Deep navigation structure and interaction handling.,https://www.eczemaheadquarters.com/learnings-from-the-lab,primary_navigation,Main navigation,Includes multi-level menus.
Learnings from the Lab,Hero Section,Highlights page topic with introductory text.,S,1,Simple layout with image and text.,https://www.eczemaheadquarters.com/learnings-from-the-lab,hero_section,Hero banner,Focuses on page introduction.
Learnings from the Lab,Content Introduction,Provides a brief overview of page content.,S,1,Text-based content with minimal styling.,https://www.eczemaheadquarters.com/learnings-from-the-lab,content_intro,Introductory text,Could integrate into other blocks.
Learnings from the Lab,Featured Articles,Displays featured articles in a grid format.,M,1,Requires responsive grid layout and image handling.,https://www.eczemaheadquarters.com/learnings-from-the-lab,featured_articles,Article grid,Supports image and text display.
Learnings from the Lab,Footer,Contains site-wide footer information and links.,M,1,Includes multiple links and accessibility requirements.,https://www.eczemaheadquarters.com/learnings-from-the-lab,footer,Footer,Standard footer implementation.
Sign Up Successful: Thank You! | Eczema HQ,Global Header,"The header section contains the site logo, primary navigation, and utility links.",M,1,Model output omitted this blockId after catalog review. Mapped as Unmapped; re-run mapping or fix agent output.,https://www.eczemaheadquarters.com/sign-up/confirmation,global_header,default,templateIds: tpl_45
Sign Up Successful: Thank You! | Eczema HQ,Hero Section,The hero section displays the main confirmation message to the user.,M,1,Model output omitted this blockId after catalog review. Mapped as Unmapped; re-run mapping or fix agent output.,https://www.eczemaheadquarters.com/sign-up/confirmation,hero_section,default,templateIds: tpl_45
Sign Up Successful: Thank You! | Eczema HQ,Confirmation Message,This section provides a thank-you message and additional information to the user.,M,1,Model output omitted this blockId after catalog review. Mapped as Unmapped; re-run mapping or fix agent output.,https://www.eczemaheadquarters.com/sign-up/confirmation,confirmation_message,default,templateIds: tpl_45
Sign Up Successful: Thank You! | Eczema HQ,Quick Poll 1,The first quick poll asks the user about their primary doctor for eczema.,M,1,Model output omitted this blockId after catalog review. Mapped as Unmapped; re-run mapping or fix agent output.,https://www.eczemaheadquarters.com/sign-up/confirmation,quick_poll_1,default,templateIds: tpl_45
Sign Up Successful: Thank You! | Eczema HQ,Quick Poll 2,The second quick poll asks the user about their upcoming doctor appointments.,M,1,Model output omitted this blockId after catalog review. Mapped as Unmapped; re-run mapping or fix agent output.,https://www.eczemaheadquarters.com/sign-up/confirmation,quick_poll_2,default,templateIds: tpl_45
Sign Up Successful: Thank You! | Eczema HQ,Recommended Topics,Displays recommended topics for the user based on their interests.,M,1,Model output omitted this blockId after catalog review. Mapped as Unmapped; re-run mapping or fix agent output.,https://www.eczemaheadquarters.com/sign-up/confirmation,recommended_topics,default,templateIds: tpl_45
Sign Up Successful: Thank You! | Eczema HQ,Footer Section,The footer contains links to additional resources and site navigation.,M,1,Model output omitted this blockId after catalog review. Mapped as Unmapped; re-run mapping or fix agent output.,https://www.eczemaheadquarters.com/sign-up/confirmation,footer_section,default,templateIds: tpl_45
