Page Title,UI Component Name,Function description,Tshirt Sizing,Number of occurrences,Complexity justification,Page URL,Source block name,Variation type,Other remarks
Oncology Research &amp; Treatment | AbbVie,Global Utility Strip,"Provides quick access to contact, subscription, and group site links.",S,1,Simple navigation links.,https://www.abbvie.com/science/areas-of-focus/oncology.html,global_utility_strip,Utility strip,No matching block found in catalog.
Oncology Research &amp; Treatment | AbbVie,Primary Navigation,Main site navigation with dropdown menus for different sections.,M,1,Dropdown menus increase complexity.,https://www.abbvie.com/science/areas-of-focus/oncology.html,primary_navigation,Main navigation,No matching block found in catalog.
Oncology Research &amp; Treatment | AbbVie,Hero Section,Prominent section with a large image and introductory text.,M,1,Includes large image and text positioning.,https://www.abbvie.com/science/areas-of-focus/oncology.html,hero_section,Hero section,Matched to 'Hero' in catalog.
Oncology Research &amp; Treatment | AbbVie,Multi-Column CTAs,Section with multiple columns featuring calls to action.,M,1,Multiple columns and CTAs add complexity.,https://www.abbvie.com/science/areas-of-focus/oncology.html,multi_column_ctas,Calls to action,No matching block found in catalog.
Oncology Research &amp; Treatment | AbbVie,Card Grid,Displays a grid of cards with images and descriptions.,M,1,Grid layout and card styling.,https://www.abbvie.com/science/areas-of-focus/oncology.html,card_grid,Card grid,Matched to 'Cards' in catalog.
Oncology Research &amp; Treatment | AbbVie,Back to Top Button,Provides a button to quickly scroll back to the top of the page.,S,1,Single button functionality.,https://www.abbvie.com/science/areas-of-focus/oncology.html,back_to_top_button,Scroll button,No matching block found in catalog.
Pharmaceutical Research &amp; Development | AbbVie,Global Utility Strip,"Provides links for contact, subscription, and group sites.",S,1,Simple layout with basic links.,https://www.abbvie.com/,global_utility_strip,Utility strip,No exact match found in catalog.
Pharmaceutical Research &amp; Development | AbbVie,Primary Navigation,Main navigation menu with links to various sections of the site.,M,1,Potential depth of navigation and interactivity.,https://www.abbvie.com/,primary_navigation,Main navigation,No exact match found in catalog.
Pharmaceutical Research &amp; Development | AbbVie,Hero Section,Prominent section showcasing the main theme or focus of the page.,M,1,Includes styling and potential interactivity.,https://www.abbvie.com/,hero_section,Hero,Mapped to catalog block 'Hero'.
Pharmaceutical Research &amp; Development | AbbVie,Multi-Column CTAs,Displays multiple call-to-action elements in a grid layout.,M,1,Requires grid layout and responsive design.,https://www.abbvie.com/,multi_column_cta,Call-to-action grid,No exact match found in catalog.
Pharmaceutical Research &amp; Development | AbbVie,Card Grid,Grid layout showcasing cards with images and text.,M,1,Grid layout with potential interactivity.,https://www.abbvie.com/,card_grid,Card grid,Mapped to catalog block 'Cards'.
Pharmaceutical Research &amp; Development | AbbVie,Latest News Listing,Lists the latest news articles or updates.,M,1,Dynamic content listing with potential sorting or filtering.,https://www.abbvie.com/,latest_news_listing,News listing,No exact match found in catalog.
Pharmaceutical Research &amp; Development | AbbVie,Back to Top Button,Button allowing users to quickly return to the top of the page.,S,1,Simple functionality with minimal interactivity.,https://www.abbvie.com/,back_to_top_button,Utility button,No exact match found in catalog.
Policies &amp; Disclosures | AbbVie,Global Utility Strip,"Provides quick access to global utilities like contact, subscribe, and group sites.",M,1,Moderate complexity due to integration of multiple utility links and potential accessibility requirements.,https://www.abbvie.com/who-we-are/policies-disclosures.html,global_utility_strip,Utility strip,Ensure alignment with global standards for utility strips.
Policies &amp; Disclosures | AbbVie,Primary Navigation,"Main navigation menu for the site, including dropdowns for sections.",C,1,High complexity due to deep navigation structure and dropdown features.,https://www.abbvie.com/who-we-are/policies-disclosures.html,primary_navigation,Main navigation,Ensure comprehensive testing for responsive and accessibility compliance.
Policies &amp; Disclosures | AbbVie,Content Grid,"Displays a grid of content cards, including stories and statistics.",M,1,Moderate complexity due to dynamic content rendering and grid structure.,https://www.abbvie.com/who-we-are/policies-disclosures.html,content_grid,Content grid,Verify alignment with design specifications and grid responsiveness.
Major League Baseball | AbbVie,Global Utility Strip,"Provides quick access to contact, subscription, and other group sites.",M,1,Moderate complexity due to accessibility considerations and integration of multiple links.,https://www.abbvie.com/who-we-are/brand-partnerships/major-league-baseball.html,global_utility_strip,Utility strip,No matching block found in the AEM catalog.
Major League Baseball | AbbVie,Primary Navigation,Main site navigation with dropdown menus for exploring site sections.,C,1,High complexity due to deep navigation structure and dropdown functionality.,https://www.abbvie.com/who-we-are/brand-partnerships/major-league-baseball.html,primary_navigation,Main navigation,No matching block found in the AEM catalog.
Major League Baseball | AbbVie,Back to Top Button,Button to quickly scroll back to the top of the page.,S,1,Low complexity as it involves a simple button with scrolling functionality.,https://www.abbvie.com/who-we-are/brand-partnerships/major-league-baseball.html,back_to_top,Scroll button,No matching block found in the AEM catalog.
Our R&amp;D Leaders | AbbVie,Global Utility Strip,Provides quick access to essential links such as contact and subscribe options.,S,1,Simple structure with limited interactivity.,https://www.abbvie.com/science/our-people/our-rd-leaders.html,global_utility_strip,Utility strip,Ensure accessibility and responsiveness.
Our R&amp;D Leaders | AbbVie,Primary Header,Displays the main site navigation and branding elements.,M,1,Includes navigation with potential dropdowns and branding.,https://www.abbvie.com/science/our-people/our-rd-leaders.html,primary_header,Main navigation,Check for deep navigation and accessibility compliance.
Our R&amp;D Leaders | AbbVie,Hero Section,Highlights the main theme or focus of the page with a large image and heading.,M,1,Involves responsive design and potential animation.,https://www.abbvie.com/science/our-people/our-rd-leaders.html,hero_section,Hero image and text,Ensure proper scaling for various devices.
Our R&amp;D Leaders | AbbVie,Card Grid,Displays a grid of cards showcasing content or links.,M,1,Requires dynamic layout adjustments and content management.,https://www.abbvie.com/science/our-people/our-rd-leaders.html,card_grid,Content cards,Consider hover effects and mobile layout.
Our R&amp;D Leaders | AbbVie,Prose Columns,Presents detailed textual information in a columnar layout.,S,1,Static text layout with minimal interactivity.,https://www.abbvie.com/science/our-people/our-rd-leaders.html,prose_columns,Textual content,Focus on typography and readability.
Partnering Days | AbbVie,Global Utility Strip,"Provides quick access to contact, subscription, and group sites.",S,1,Limited functionality and interaction scope.,https://www.abbvie.com/science/partner-with-us/partnering-days.html,global_utility_strip,Utility strip,No direct match in AEM catalog.
Partnering Days | AbbVie,Primary Navigation,Main site navigation with dropdown menus for sections.,M,1,Dropdown interactions and potential depth of navigation.,https://www.abbvie.com/science/partner-with-us/partnering-days.html,primary_navigation,Main navigation,No direct match in AEM catalog.
Partnering Days | AbbVie,Hero Section,Large visual section introducing the page's main topic.,M,1,Involves styling and potential dynamic content.,https://www.abbvie.com/science/partner-with-us/partnering-days.html,hero_section,Hero banner,Mapped to 'Hero' from AEM catalog.
Partnering Days | AbbVie,Main Call-to-Action,Encourages users to explore the 'Who We Are' section.,S,1,Simple call-to-action functionality.,https://www.abbvie.com/science/partner-with-us/partnering-days.html,main_cta,Subscribe/Action button,No direct match in AEM catalog.
Partnering Days | AbbVie,Card Grid,Displays a grid of cards with images and text for featured content.,M,1,Grid layout and card interactions.,https://www.abbvie.com/science/partner-with-us/partnering-days.html,card_grid,Content cards,Mapped to 'Cards' from AEM catalog.
Partnering Days | AbbVie,Dashboard Cards,Highlights key metrics and recognitions.,M,1,Requires dynamic data display and styling.,https://www.abbvie.com/science/partner-with-us/partnering-days.html,dashboard_cards,Metrics cards,No direct match in AEM catalog.
Patient-Focused Drug Development | AbbVie,Global Utility Strip,"Provides quick links for contact, subscription, and access to group sites.",S,1,Simple navigation links without deep hierarchy.,https://www.abbvie.com/science/areas-of-innovation/patient-focused-drug-development.html,global_utility_strip,Utility strip,No exact match in AEM catalog.
Patient-Focused Drug Development | AbbVie,Primary Navigation,"Main navigation menu for the website, including dropdowns for sections and pages.",C,1,Complex dropdown navigation with potential accessibility considerations.,https://www.abbvie.com/science/areas-of-innovation/patient-focused-drug-development.html,primary_navigation,Main navigation,No exact match in AEM catalog.
Patient-Focused Drug Development | AbbVie,Hero Section,Prominent hero image and title introducing the page's main topic.,M,1,Styling and responsiveness required for hero layout.,https://www.abbvie.com/science/areas-of-innovation/patient-focused-drug-development.html,hero_section,Hero,Mapped to Hero block in AEM catalog.
Patient-Focused Drug Development | AbbVie,Main Content,The main content area with detailed information and links.,M,1,Standard content area with potential for nested elements.,https://www.abbvie.com/science/areas-of-innovation/patient-focused-drug-development.html,main_content,Content,No exact match in AEM catalog.
Patient-Focused Drug Development | AbbVie,Card Grid,Grid layout displaying cards with images and text for various topics.,M,1,Requires grid responsiveness and card styling.,https://www.abbvie.com/science/areas-of-innovation/patient-focused-drug-development.html,card_grid,Card grid,Mapped to Cards block in AEM catalog.
Patient-Focused Drug Development | AbbVie,Call-to-Action Buttons,Buttons encouraging user actions such as navigation or form submissions.,S,1,Simple button elements without advanced interactions.,https://www.abbvie.com/science/areas-of-innovation/patient-focused-drug-development.html,cta_buttons,Buttons,No exact match in AEM catalog.
Patient-Focused Drug Development | AbbVie,Back to Top Button,Button to quickly navigate back to the top of the page.,S,1,Single functionality button without complex interactions.,https://www.abbvie.com/science/areas-of-innovation/patient-focused-drug-development.html,back_to_top,Back to top,No exact match in AEM catalog.
Independent Educational Grants | AbbVie,Global Utility Strip,"Provides quick access to contact, subscription, and group site links.",S,1,"Simple, static utility strip with basic links.",https://www.abbvie.com/science/independent-educational-grants.html,global_utility_strip,Utility strip,No exact match in the AEM catalog.
Independent Educational Grants | AbbVie,Primary Navigation,Main site navigation with dropdown menus for exploring site sections.,C,1,Complex navigation structure with dropdowns and potential accessibility requirements.,https://www.abbvie.com/science/independent-educational-grants.html,primary_navigation,Main navigation,No exact match in the AEM catalog.
Independent Educational Grants | AbbVie,Hero Section,Prominent introductory section with a large image and heading.,M,1,Requires responsive design and image handling.,https://www.abbvie.com/science/independent-educational-grants.html,hero_section,Hero,No exact match in the AEM catalog.
Independent Educational Grants | AbbVie,Content Introduction,Introduction to the page content with a title and supporting text.,S,1,Simple text-based content block.,https://www.abbvie.com/science/independent-educational-grants.html,content_intro,Introduction,No exact match in the AEM catalog.
Independent Educational Grants | AbbVie,Card Grid,Displays a grid of cards with images and descriptions for featured content.,M,1,Dynamic grid layout with potential for interactive elements.,https://www.abbvie.com/science/independent-educational-grants.html,card_grid,Card layout,No exact match in the AEM catalog.
Independent Educational Grants | AbbVie,Footer,Footer section with site information and additional navigation links.,S,1,Standard footer implementation with predefined styles.,https://www.abbvie.com/science/independent-educational-grants.html,footer,Footer,Matched to AEM catalog entry.
Commercial | AbbVie,Global Utility Strip,"Provides quick access to contact, subscribe, and group sites.",S,1,Simple navigation links with no advanced functionality.,https://www.abbvie.com/join-us/opportunities/commercial.html,global_utility_strip,Utility strip,No direct mapping found in the AEM catalog.
Commercial | AbbVie,Primary Navigation,Main site navigation including logo and menu.,M,1,Primary navigation typically includes submenus and accessibility considerations.,https://www.abbvie.com/join-us/opportunities/commercial.html,primary_navigation,Main navigation,No direct mapping found in the AEM catalog.
Commercial | AbbVie,Hero Section,Prominent section with a large image and main heading.,M,1,Hero sections often involve responsive design and advanced styling.,https://www.abbvie.com/join-us/opportunities/commercial.html,hero_section,Hero,Mapped to the 'Hero' block in the AEM catalog.
Commercial | AbbVie,CTA Columns,Columns with call-to-action links and descriptions.,M,1,Multiple call-to-action elements require coordination and styling.,https://www.abbvie.com/join-us/opportunities/commercial.html,cta_columns,Call-to-action layout,No direct mapping found in the AEM catalog.
Commercial | AbbVie,Card Grid,Grid of cards highlighting key stories or features.,M,1,Card grids need responsive design and dynamic content handling.,https://www.abbvie.com/join-us/opportunities/commercial.html,card_grid,Card grid,Mapped to the 'Cards' block in the AEM catalog.
Our Leaders | AbbVie,Primary Navigation,Main navigation menu for accessing site sections.,C,1,Complexity due to deep navigation tree and accessibility requirements.,https://www.abbvie.com/who-we-are/our-leaders.html,primary_navigation,Main navigation,No exact match found in AEM catalog.
Our Leaders | AbbVie,Hero Section,Prominent section with a large image and heading.,M,1,Moderate complexity due to visual prominence and styling.,https://www.abbvie.com/who-we-are/our-leaders.html,hero_section,Hero banner,Mapped to 'Hero' block in AEM catalog.
Our Leaders | AbbVie,Leaders Grid,Grid layout displaying leader profiles.,M,1,Moderate complexity due to grid layout and dynamic content.,https://www.abbvie.com/who-we-are/our-leaders.html,leaders_grid,Grid display,No exact match found in AEM catalog.
Our Leaders | AbbVie,Call-to-Action Section,Encourages user actions or navigation to related content.,M,1,Moderate complexity due to interactive elements.,https://www.abbvie.com/who-we-are/our-leaders.html,cta_section,CTA buttons,No exact match found in AEM catalog.
Chicago Cubs | AbbVie,Global Header,Main navigation and branding.,M,1,"Includes navigation and branding, requiring integration across site.",https://www.abbvie.com/who-we-are/brand-partnerships/cubs.html,global_header,Main navigation,No direct match in catalog.
Chicago Cubs | AbbVie,Hero Section,Prominent image and heading for page focus.,M,1,Requires responsive design and accessibility for key visuals.,https://www.abbvie.com/who-we-are/brand-partnerships/cubs.html,hero_section,Hero image,No direct match in catalog.
Chicago Cubs | AbbVie,Primary Navigation,Provides main site navigation links.,C,1,Deep navigation structure with accessibility considerations.,https://www.abbvie.com/who-we-are/brand-partnerships/cubs.html,primary_navigation,Primary navigation,No direct match in catalog.
Chicago Cubs | AbbVie,CTA Grid,Grid of call-to-action buttons and links.,M,1,Interactive elements requiring styling and functionality.,https://www.abbvie.com/who-we-are/brand-partnerships/cubs.html,cta_grid,Call-to-action grid,No direct match in catalog.
Chicago Cubs | AbbVie,Content Section,Main content of the page.,M,1,Includes text and images with potential layout variations.,https://www.abbvie.com/who-we-are/brand-partnerships/cubs.html,content_section,Content display,No direct match in catalog.
Eye Care | AbbVie,Utility Bar,"Displays quick access links for users to navigate to contact, subscription, and group sites.",S,1,Simple navigation links with minimal interactivity.,https://www.abbvie.com/science/areas-of-focus/eye-care.html,global_utility_strip,Utility strip,Consider mapping to a known AEM block for consistent styling and functionality.
Eye Care | AbbVie,Main Navigation,Provides primary navigation for the website with dropdown menus.,M,1,Dropdown menus require accessibility considerations and dynamic content handling.,https://www.abbvie.com/science/areas-of-focus/eye-care.html,primary_navigation,Main navigation,Ensure accessibility compliance and responsiveness for dropdown functionality.
AbbVie&#39;s Code of Conduct | AbbVie,Global Utility Strip,"Provides quick access to contact, subscription, and group site links.",S,1,Minimal implementation complexity for static utility links.,https://www.abbvie.com/who-we-are/operating-with-integrity/abbvies-code-of-conduct.html,global_utility_strip,Utility strip,No direct match found in the AEM catalog.
AbbVie&#39;s Code of Conduct | AbbVie,Primary Navigation,Main site navigation with dropdown menus and links.,C,1,Complexity due to deep hierarchical navigation and accessibility requirements.,https://www.abbvie.com/who-we-are/operating-with-integrity/abbvies-code-of-conduct.html,primary_navigation,Main navigation,No direct match found in the AEM catalog.
AbbVie&#39;s Code of Conduct | AbbVie,Back to Top Button,Allows users to quickly return to the top of the page.,S,1,Simple functionality with minimal implementation effort.,https://www.abbvie.com/who-we-are/operating-with-integrity/abbvies-code-of-conduct.html,back_to_top,Back to top,No direct match found in the AEM catalog.
Research &amp; Development | AbbVie,Global Utility Strip,Provides links and utilities such as contact information and subscription options.,S,1,Simple functionality with basic links and utilities.,https://www.abbvie.com/join-us/opportunities/research-and-development.html,global_utility_strip,Utility strip,No direct match found in the AEM catalog.
Research &amp; Development | AbbVie,Primary Navigation,Main navigation for site structure and user access.,M,1,Dropdown menus and hierarchical structure increase implementation complexity.,https://www.abbvie.com/join-us/opportunities/research-and-development.html,primary_navigation,Main navigation,No direct match found in the AEM catalog.
Research &amp; Development | AbbVie,Card Grid Section,Displays content in a card-like format with images and text in a grid layout.,M,1,Grid layout and responsive design require moderate implementation effort.,https://www.abbvie.com/join-us/opportunities/research-and-development.html,card_grid_section,Content grid,Matched to 'Cards' in the AEM catalog with additional styling and functionality.
Product Quality &amp; Safety | AbbVie,Global Utility Strip,"Provides quick access to contact, subscription links, and group site navigation.",S,1,Simple navigation links with minimal styling.,https://www.abbvie.com/patients/product-quality-and-safety.html,global_utility_strip,Utility strip,No exact match found in catalog.
Product Quality &amp; Safety | AbbVie,Primary Navigation,Enables navigation across primary site sections with dropdown menus.,M,1,Dropdown menus and hierarchical navigation increase scope.,https://www.abbvie.com/patients/product-quality-and-safety.html,primary_navigation,Main navigation,No exact match found in catalog.
Product Quality &amp; Safety | AbbVie,Hero Section,Displays prominent headline and introductory content for the page.,M,1,Hero sections often include dynamic content and styling.,https://www.abbvie.com/patients/product-quality-and-safety.html,hero_section,Hero banner,No exact match found in catalog.
Product Quality &amp; Safety | AbbVie,Content Grid,Structures page content into a grid layout.,M,1,Grid layouts require responsive design and styling.,https://www.abbvie.com/patients/product-quality-and-safety.html,content_grid,Structured grid,No exact match found in catalog.
Product Quality &amp; Safety | AbbVie,Card Grid,Displays a collection of cards with images and text.,M,1,Card layouts often include interactive elements and styling.,https://www.abbvie.com/patients/product-quality-and-safety.html,card_grid,Card collection,No exact match found in catalog.
Product Quality &amp; Safety | AbbVie,Footer,Provides site-wide footer content with navigation and links.,M,1,Footer often integrates with global navigation and includes multiple links.,https://www.abbvie.com/patients/product-quality-and-safety.html,footer,Footer navigation,Matched to catalog entry with styling and scripting support.
Research Publications | AbbVie,Global Utility Strip,"Provides quick access to contact, subscription, and group site links.",S,1,Limited functionality with straightforward accessibility and design requirements.,https://www.abbvie.com/science/publications.html,global_utility_strip,Utility strip,"No direct catalog match found, likely custom implementation."
Research Publications | AbbVie,Primary Header,Displays the main navigation bar with branding and primary site navigation.,C,1,Complex navigation with potential accessibility and responsive design considerations.,https://www.abbvie.com/science/publications.html,primary_header,Main navigation,Requires detailed mapping due to its critical role in site navigation.
Research Publications | AbbVie,Hero Section,Highlights the main message or visual of the page.,M,1,Moderate complexity due to visual design and potential dynamic content.,https://www.abbvie.com/science/publications.html,hero_section,Hero banner,"No direct catalog match found, verify custom styling."
Research Publications | AbbVie,Content Columns,Organizes the main content into multiple columns for better readability.,M,1,Moderate complexity due to layout requirements and responsive behavior.,https://www.abbvie.com/science/publications.html,content_columns,Content layout,May require custom grid system integration.
Research Publications | AbbVie,Card Grid,Displays a grid of cards with images and text for featured content.,M,1,Moderate complexity due to dynamic card generation and responsive behavior.,https://www.abbvie.com/science/publications.html,card_grid,Card layout,Verify dynamic content handling and accessibility.
Areas of Innovation | AbbVie,Global Navigation,Primary navigation menu with links to main sections and dropdowns.,C,1,Complex dropdown structure and accessibility requirements.,https://www.abbvie.com/science/areas-of-innovation.html,global_navigation,Main navigation,Requires robust a11y and dynamic content loading.
Areas of Innovation | AbbVie,Hero Section,Visual and textual introduction highlighting primary focus.,M,1,Visual prominence and responsive design.,https://www.abbvie.com/science/areas-of-innovation.html,hero_section,Hero banner,Focus on visual engagement and responsiveness.
Areas of Innovation | AbbVie,Content Introduction,Overview or introduction providing context for the page.,S,1,Simple text content with minimal styling.,https://www.abbvie.com/science/areas-of-innovation.html,content_intro,Introductory text,Could be mapped to generic text block.
Areas of Innovation | AbbVie,Featured Links,Highlighted links to important sections or pages.,S,1,Static list of links with basic styling.,https://www.abbvie.com/science/areas-of-innovation.html,featured_links,Link list,No specific AEM block found for direct mapping.
Areas of Innovation | AbbVie,Featured Card,Prominent card highlighting a story or feature.,M,1,Includes image and content arrangement.,https://www.abbvie.com/science/areas-of-innovation.html,featured_card,Feature card,Uses card layout for visual emphasis.
Areas of Innovation | AbbVie,Statistics Section,Displays key statistics in a visually engaging format.,M,1,Requires dynamic data visualization.,https://www.abbvie.com/science/areas-of-innovation.html,statistics_section,Dashboard cards,Could involve integration with data sources.
Areas of Innovation | AbbVie,Footer,Footer with links and copyright information.,S,1,Static content with basic styling.,https://www.abbvie.com/science/areas-of-innovation.html,footer,Footer navigation,Commonly used block for page footer.
Operating with Integrity | AbbVie,Global Utility Strip,"Provides quick access to contact, subscription, and group site links.",S,1,Minimal functionality with basic accessibility requirements.,https://www.abbvie.com/who-we-are/operating-with-integrity.html,global_utility_strip,Utility strip,No exact match found in the AEM catalog.
Operating with Integrity | AbbVie,Primary Navigation,Main site navigation with dropdown menus for accessing sections.,M,1,Dropdown menus may require additional accessibility and responsive design considerations.,https://www.abbvie.com/who-we-are/operating-with-integrity.html,primary_navigation,Main navigation,No exact match found in the AEM catalog.
Operating with Integrity | AbbVie,Hero Section,Large visual and textual introduction to the page's main theme.,S,1,Simple visual presentation with limited interactivity.,https://www.abbvie.com/who-we-are/operating-with-integrity.html,hero_section,Hero,Matched to the 'Hero' block in the AEM catalog.
Operating with Integrity | AbbVie,Content Cards,Displays key content in a card format for quick access.,M,1,Requires responsive design and dynamic content handling.,https://www.abbvie.com/who-we-are/operating-with-integrity.html,content_cards,Card layout,Matched to the 'Cards' block in the AEM catalog.
Clinical Trials | AbbVie,Global Header,Provides site-wide branding and navigation.,M,1,"Includes navigation and branding elements, requiring CSS and JavaScript integration.",https://www.abbvie.com/science/clinical-trials.html,global_header,Primary navigation,Matches 'Header' from the catalog.
Clinical Trials | AbbVie,Primary Navigation,Main navigation menu with links to key sections.,M,1,Complex navigation structure with potential submenus.,https://www.abbvie.com/science/clinical-trials.html,primary_navigation,Main navigation,No exact match in the catalog.
Clinical Trials | AbbVie,Hero Section,Displays a prominent image and introductory text.,M,1,Requires integration of visual components and responsive design.,https://www.abbvie.com/science/clinical-trials.html,hero_section,Hero banner,Matches 'Hero' from the catalog.
Clinical Trials | AbbVie,Science Section,Highlights science-related content with links to detailed pages.,M,1,Involves dynamic content and potential interactivity.,https://www.abbvie.com/science/clinical-trials.html,science_section,Content section,No exact match in the catalog.
Clinical Trials | AbbVie,Footer,Provides additional navigation and site information.,M,1,Involves dynamic content and styling.,https://www.abbvie.com/science/clinical-trials.html,footer,Footer navigation,Matches 'Footer' from the catalog.
"Shaping the future of science, together | AbbVie",Utility Strip,"Provides quick access to contact, subscription, and group site links.",S,1,Basic functionality requiring minimal interaction or styling.,https://www.abbvie.com/science/our-people.html,global_utility_strip,Utility strip,No direct match found in AEM catalog.
"Shaping the future of science, together | AbbVie",Primary Navigation,Main navigation menu for site sections and pages.,M,1,Moderate complexity due to potential deep navigation hierarchies.,https://www.abbvie.com/science/our-people.html,primary_navigation,Main navigation,No direct match found in AEM catalog.
"Shaping the future of science, together | AbbVie",Site Footer,Displays footer content with navigation and legal information.,S,1,Simple styling and fragment loading.,https://www.abbvie.com/science/our-people.html,footer,Footer,Matched to catalog entry 'Footer'.
"Shaping the future of science, together | AbbVie",Back to Top Button,Provides a button to quickly scroll back to the top of the page.,S,1,Simple functionality with minimal styling or interaction.,https://www.abbvie.com/science/our-people.html,back_to_top,Button,No direct match found in AEM catalog.
Neuroscience | AbbVie,Global Navigation,Provides primary website navigation.,C,1,Includes multiple subsections and accessibility features.,https://www.abbvie.com/science/areas-of-focus/neuroscience.html,global_navigation,Main navigation,Complex navigation structure not found in catalog.
Neuroscience | AbbVie,Hero Section,Displays a prominent introductory section with a large image and key message.,M,1,Requires styling and scripting for layout and interactivity.,https://www.abbvie.com/science/areas-of-focus/neuroscience.html,hero_section,Hero layout,Matched with catalog 'Hero' block.
Neuroscience | AbbVie,Science Section,Highlights science-related content and links.,M,1,Potentially includes dynamic content and styled links.,https://www.abbvie.com/science/areas-of-focus/neuroscience.html,science_section,Content showcase,Not found in catalog.
Neuroscience | AbbVie,Who We Are Section,Provides information about organizational principles and values.,S,1,Static content with basic styling.,https://www.abbvie.com/science/areas-of-focus/neuroscience.html,who_we_are_section,Informational section,Not found in catalog.
Neuroscience | AbbVie,Footer,Displays footer content with navigation and site information.,M,1,Includes multiple links and accessibility considerations.,https://www.abbvie.com/science/areas-of-focus/neuroscience.html,footer,Footer navigation,Matched with catalog 'Footer' block.
Who We Are | AbbVie,Global Navigation,Provides primary navigation and access to site sections.,M,1,Complexity due to potential deep navigation and accessibility requirements.,https://www.abbvie.com/who-we-are.html,global_navigation,Main navigation,No direct match in AEM catalog.
Who We Are | AbbVie,Hero Section,Highlights the main theme of the page with a large image and heading.,M,1,Requires styling and scripting for hero presentation.,https://www.abbvie.com/who-we-are.html,hero_section,Hero banner,Matched to 'Hero' in AEM catalog.
Who We Are | AbbVie,Who We Are Text,Describes the mission and vision of AbbVie.,S,1,Simple text content block.,https://www.abbvie.com/who-we-are.html,who_we_are_text,Text content,No direct match in AEM catalog.
Who We Are | AbbVie,Who We Are Button,Provides a call-to-action button linking to the Who We Are page.,S,1,Basic button functionality.,https://www.abbvie.com/who-we-are.html,who_we_are_button,Button,No direct match in AEM catalog.
Who We Are | AbbVie,Link List,Displays a list of related links for further exploration.,S,1,Simple list of links.,https://www.abbvie.com/who-we-are.html,link_list,Link list,No direct match in AEM catalog.
Who We Are | AbbVie,Featured Card,Highlights a featured story or article.,M,1,Requires grid layout and responsive design.,https://www.abbvie.com/who-we-are.html,featured_card,Featured card,Matched to 'Cards' in AEM catalog.
Who We Are | AbbVie,Recognition Dashboard,Displays key recognition statistics.,C,1,Complex data visualization and interactivity.,https://www.abbvie.com/who-we-are.html,recognition_dashboard,Dashboard,No direct match in AEM catalog.
Operations | AbbVie,Global Utility Strip,"Provides quick access to contact, subscription, and group site links.",M,1,Includes navigation and quick access elements.,https://www.abbvie.com/join-us/opportunities/operations.html,global_utility_strip,Utility strip,No exact match found in the AEM catalog.
Operations | AbbVie,Primary Navigation,"Main navigation menu for the site, including dropdowns for major sections.",C,1,Deep menu structure with dropdowns and potential accessibility requirements.,https://www.abbvie.com/join-us/opportunities/operations.html,primary_navigation,Main navigation,No exact match found in the AEM catalog.
Operations | AbbVie,Hero Section,Highlights the main theme of the page with a large image and headline.,M,1,Includes prominent visual elements and text.,https://www.abbvie.com/join-us/opportunities/operations.html,hero_section,Hero banner,No exact match found in the AEM catalog.
Operations | AbbVie,Call-to-Action Columns,Displays multiple CTAs in a column layout to guide users to key areas.,M,1,Multiple interactive elements with specific layout requirements.,https://www.abbvie.com/join-us/opportunities/operations.html,cta_columns,CTA layout,No exact match found in the AEM catalog.
Operations | AbbVie,Card Grid,Organizes content into cards for easy navigation and readability.,M,1,Content organization with individual card styling.,https://www.abbvie.com/join-us/opportunities/operations.html,card_grid,Content cards,No exact match found in the AEM catalog.
Operations | AbbVie,Footer,"Contains site-wide links, contact information, and other footer content.",M,1,"Includes links, contact details, and styling for background and fonts.",https://www.abbvie.com/join-us/opportunities/operations.html,footer,Site footer,Mapped to the catalog entry for 'Footer'.
Patient Access and Affordability | AbbVie,Utility Strip,"Provides quick links to contact, subscription, and group sites.",S,1,Simple navigation with limited interactions.,https://www.abbvie.com/patients/patient-support.html,global_utility_strip,Utility strip,No exact match in AEM catalog.
Patient Access and Affordability | AbbVie,Primary Navigation,Main navigation for exploring site sections.,M,1,Dropdown menus and multi-level navigation.,https://www.abbvie.com/patients/patient-support.html,primary_navigation,Main navigation,No exact match in AEM catalog.
Patient Access and Affordability | AbbVie,Card Grid,Displays a grid layout of cards highlighting content.,M,1,Grid layout with interactive elements.,https://www.abbvie.com/patients/patient-support.html,card_grid_section,Card grid,No exact match in AEM catalog.
Immunology | AbbVie,Primary Navigation,Provides access to key site sections via a navigation bar.,M,1,Requires integration of deep navigation structures and accessibility features.,https://www.abbvie.com/science/areas-of-focus/immunology.html,primary_navigation,Main navigation,No matching catalog entry found.
Immunology | AbbVie,Hero Section,Displays a large image and key message prominently.,S,1,Simple layout with basic styling and positioning.,https://www.abbvie.com/science/areas-of-focus/immunology.html,hero_section,Hero banner,Matched to catalog block 'Hero'.
Immunology | AbbVie,Who We Are Section,Highlights company identity and mission-related content.,M,1,Includes structured content with links and descriptions.,https://www.abbvie.com/science/areas-of-focus/immunology.html,who_we_are_section,Content highlight,No matching catalog entry found.
Immunology | AbbVie,Science Section,Showcases scientific achievements and focus areas.,M,1,Requires structured content presentation and links.,https://www.abbvie.com/science/areas-of-focus/immunology.html,science_section,Content highlight,No matching catalog entry found.
Immunology | AbbVie,Back to Top Button,Enables users to quickly navigate back to the top of the page.,S,1,Simple button functionality with minimal styling.,https://www.abbvie.com/science/areas-of-focus/immunology.html,back_to_top_button,Utility button,No matching catalog entry found.
AbbVie Ventures | AbbVie,Global Utility Strip,"Provides links for contact, subscription, and access to group sites.",S,1,Simple navigation links with no complex interactions.,https://www.abbvie.com/science/partner-with-us/abbvie-ventures.html,global_utility_strip,Utility strip,No matching catalog entry found.
AbbVie Ventures | AbbVie,Primary Navigation,Main navigation with dropdown menus for exploring sections.,M,1,Dropdown menus and navigation hierarchy.,https://www.abbvie.com/science/partner-with-us/abbvie-ventures.html,primary_navigation,Main navigation,No matching catalog entry found.
AbbVie Ventures | AbbVie,Hero Section,Highlights the main focus or feature of the page with a hero image and heading.,M,1,Includes styled hero image and heading.,https://www.abbvie.com/science/partner-with-us/abbvie-ventures.html,hero_section,Hero,Matched with catalog entry for Hero block.
AbbVie Ventures | AbbVie,Content Section 1,Provides an overview of 'Who We Are' with links and highlights.,M,1,"Content with links and highlights, requiring layout considerations.",https://www.abbvie.com/science/partner-with-us/abbvie-ventures.html,content_section_1,Content overview,No matching catalog entry found.
AbbVie Ventures | AbbVie,Content Section 2,Displays a featured story with an image and description.,M,1,Image and text layout with potential interactivity.,https://www.abbvie.com/science/partner-with-us/abbvie-ventures.html,content_section_2,Featured story,No matching catalog entry found.
AbbVie Ventures | AbbVie,Back to Top Button,Allows users to quickly return to the top of the page.,S,1,Simple button functionality.,https://www.abbvie.com/science/partner-with-us/abbvie-ventures.html,back_to_top,Back to top,No matching catalog entry found.
Key Facts | AbbVie,Primary Navigation,Provides the main navigation menu for the site.,M,1,Includes deep navigation structure and accessibility considerations.,https://www.abbvie.com/who-we-are/key-facts.html,primary_navigation,Main navigation,Not matched to a specific AEM block catalog entry.
Key Facts | AbbVie,Hero Section,Displays the main visual and textual highlight at the top of the page.,M,1,Requires styling and JavaScript for dynamic presentation.,https://www.abbvie.com/who-we-are/key-facts.html,hero_section,Hero image and text,Mapped to the Hero block in the AEM catalog.
Key Facts | AbbVie,Key Facts Section,"Highlights key facts about the organization, including metrics and recognitions.",M,1,Involves dynamic content and layout considerations.,https://www.abbvie.com/who-we-are/key-facts.html,key_facts_section,Metrics and recognitions display,Not matched to a specific AEM block catalog entry.
Key Facts | AbbVie,Related Links,Provides links to related pages and resources.,S,1,Simple list of links with minimal interaction.,https://www.abbvie.com/who-we-are/key-facts.html,related_links,Link list,Not matched to a specific AEM block catalog entry.
Our R&amp;D Approach | AbbVie,Global Utility Strip,"Provides quick access to contact, subscription, and group site links.",S,1,Simple layout with minimal interactivity.,https://www.abbvie.com/science.html,global_utility_strip,Utility strip,No direct match found in catalog.
Our R&amp;D Approach | AbbVie,Primary Navigation,Main site navigation with dropdown menus for exploring site sections.,C,1,Includes dropdown menus and deep navigation structure.,https://www.abbvie.com/science.html,primary_navigation,Main navigation,No direct match found in catalog.
Positions &amp; Views | AbbVie,Global Navigation Bar,Provides the primary navigation interface for the website.,M,1,Requires accessibility compliance and potential integration with site-wide navigation systems.,https://www.abbvie.com/who-we-are/our-principles/positions-views.html,global_navigation,Main navigation,Ensure compatibility with mobile and desktop views.
Positions &amp; Views | AbbVie,Hero Section,Showcases the main theme or message of the page prominently.,M,1,Includes visual design considerations and potential dynamic content integration.,https://www.abbvie.com/who-we-are/our-principles/positions-views.html,hero_section,Hero banner,May include dynamic elements such as carousels or videos.
Positions &amp; Views | AbbVie,Primary Content Area,Displays the main articles or information related to the page topic.,S,1,Primarily static content with minimal interactivity.,https://www.abbvie.com/who-we-are/our-principles/positions-views.html,main_content,Content section,Focus on clear and accessible presentation of information.
Other Specialties | AbbVie,Global Utility Strip,"Provides quick access to contact, subscription, and group site links.",S,1,Simple UI element with links and minimal interactivity.,https://www.abbvie.com/science/areas-of-focus/other-specialties.html,global_utility_strip,Utility strip,No direct match found in the AEM blocks catalog.
Other Specialties | AbbVie,Primary Navigation,Main navigation menu for site sections and pages.,M,1,Main navigation often involves hierarchical menus and accessibility considerations.,https://www.abbvie.com/science/areas-of-focus/other-specialties.html,primary_navigation,Main navigation,No direct match found in the AEM blocks catalog.
Corporate | AbbVie,Global Utility Strip,"Provides quick access to contact, subscription, and related group sites.",S,1,Simple utility bar with links and minimal interactivity.,https://www.abbvie.com/join-us/opportunities/corporate.html,global_utility_strip,Utility strip,No direct match in catalog.
Corporate | AbbVie,Primary Navigation,Main site navigation including dropdown menus and links to key sections.,C,1,Complex navigation structure with dropdowns and multi-level menus.,https://www.abbvie.com/join-us/opportunities/corporate.html,primary_navigation,Main navigation,No direct match in catalog.
Corporate | AbbVie,Hero Section,Prominent visual and textual introduction to the page content.,M,1,Includes large image and heading with styling.,https://www.abbvie.com/join-us/opportunities/corporate.html,hero_section,Hero section,Mapped to 'Hero' in catalog.
Corporate | AbbVie,Call-to-Action Grid,Grid of CTAs encouraging users to explore specific sections or content.,M,1,Interactive grid layout with multiple links and visual elements.,https://www.abbvie.com/join-us/opportunities/corporate.html,cta_grid,Subscribe,No direct match in catalog.
Corporate | AbbVie,Card Grid,Displays a grid of cards with images and text summaries for articles or features.,M,1,Responsive grid layout with card styling and content.,https://www.abbvie.com/join-us/opportunities/corporate.html,card_grid,Card grid,Mapped to 'Cards' in catalog.
R&amp;D Sites | AbbVie,Global Utility Strip,Displays the top-level utilities such as contact links and subscriptions.,M,1,Includes navigation and utility links requiring responsive design and accessibility.,https://www.abbvie.com/science/rd-sites.html,global_utility_strip,Utility Strip,Ensure consistent styling with the site header.
R&amp;D Sites | AbbVie,Primary Navigation,Serves as the main navigation bar with links to key site sections.,C,1,Deep navigation hierarchy and responsive behavior.,https://www.abbvie.com/science/rd-sites.html,primary_navigation,Main Navigation,Requires precise alignment with site-wide navigation structure.
R&amp;D Sites | AbbVie,Hero Section,Prominently displays the main theme or message of the page.,M,1,Requires responsive imagery and text alignment.,https://www.abbvie.com/science/rd-sites.html,hero_section,Hero Section,Focus on visual impact and accessibility.
R&amp;D Sites | AbbVie,Content Columns,Organizes content into multiple columns for better readability.,M,1,Requires responsive design for column layout.,https://www.abbvie.com/science/rd-sites.html,content_columns,Content Columns,Ensure proper spacing and alignment across devices.
R&amp;D Sites | AbbVie,Card Grid,Displays content in a card layout for showcasing articles or features.,M,1,Involves dynamic content rendering and styling.,https://www.abbvie.com/science/rd-sites.html,card_grid,Card Layout,Ensure consistent card design and responsive behavior.
Patients | AbbVie,Global Utility Strip,Provides quick access to essential links like contact and subscription.,M,1,Handles multiple links and potential dynamic elements for accessibility.,https://www.abbvie.com/patients.html,global_utility_strip,Utility strip,No direct catalog match found; ensure custom implementation aligns with AEM standards.
Patients | AbbVie,Primary Navigation,Main navigation menu for site sections and pages.,C,1,Deep navigation hierarchy and potential for complex accessibility requirements.,https://www.abbvie.com/patients.html,primary_navigation,Main navigation,No direct catalog match found; verify hierarchical structure and ARIA roles.
Patients | AbbVie,Main Content Area,The central area of the page containing primary information and resources.,M,1,Variety of content types and potential for interactive elements.,https://www.abbvie.com/patients.html,main_content,Content region,No direct catalog match found; ensure layout adheres to responsive and accessible design principles.
Opportunities | AbbVie,Site Navigation,Provides site-wide navigation links and dropdowns.,C,1,Includes dropdowns and accessibility requirements for navigation.,https://www.abbvie.com/join-us/opportunities.html,global_navigation,Main navigation,Ensure compatibility with screen readers and keyboard navigation.
Opportunities | AbbVie,Hero Banner,Displays a prominent visual and introductory content.,M,1,Requires responsive design and visual prominence.,https://www.abbvie.com/join-us/opportunities.html,hero_section,Hero image and heading,May include call-to-action buttons or links.
Opportunities | AbbVie,Who We Are,Highlights organization principles and key facts.,S,1,Static content with minor styling.,https://www.abbvie.com/join-us/opportunities.html,who_we_are_section,Informational block,Content may be updated periodically.
Opportunities | AbbVie,Science Overview,Showcases the organization's scientific focus and innovations.,S,1,Static content with minor styling.,https://www.abbvie.com/join-us/opportunities.html,science_section,Scientific focus,Ensure alignment with the organization's branding guidelines.
Opportunities | AbbVie,Patient Resources,Provides resources and information for patients.,M,1,Includes navigation elements and accessibility considerations.,https://www.abbvie.com/join-us/opportunities.html,patients_section,Support and information,May require frequent updates based on regulatory changes.
Partner with Us | AbbVie,Global Utility Strip,"Provides quick access to contact, subscription, and group site links.",S,1,Limited scope with basic accessibility and functionality.,https://www.abbvie.com/science/partner-with-us.html,global_utility_strip,Utility strip,No equivalent block found in the AEM catalog.
Partner with Us | AbbVie,Primary Navigation,"Main navigation menu for the site, including dropdowns and links.",C,1,Deep navigation structure with dropdowns and potential accessibility requirements.,https://www.abbvie.com/science/partner-with-us.html,primary_navigation,Main navigation,No equivalent block found in the AEM catalog.
Partner with Us | AbbVie,CTA Grid,Grid of call-to-action elements for user engagement.,M,1,Medium scope with grid layout and interactive elements.,https://www.abbvie.com/science/partner-with-us.html,cta_grid,Call-to-action grid,No equivalent block found in the AEM catalog.
Partner with Us | AbbVie,Card Teasers,Displays content cards with images and descriptions.,M,1,Medium scope due to image handling and interactive descriptions.,https://www.abbvie.com/science/partner-with-us.html,card_teasers,Content cards,No equivalent block found in the AEM catalog.
Patient Assistance | AbbVie,Global Navigation,Provides primary navigation for the website.,M,1,Includes multiple navigation links and accessibility considerations.,https://www.abbvie.com/patients/patient-support/patient-assistance.html,global_navigation,Main navigation,No exact match in the catalog.
Patient Assistance | AbbVie,Hero Section,Highlights a prominent image and heading for user engagement.,M,1,Requires responsive design and styling.,https://www.abbvie.com/patients/patient-support/patient-assistance.html,hero_section,Hero banner,Matched to 'Hero' in the AEM catalog.
Patient Assistance | AbbVie,Primary Content,Displays the main textual content of the page.,M,1,Includes text and links with potential for dynamic content.,https://www.abbvie.com/patients/patient-support/patient-assistance.html,primary_content,Text content,No exact match in the catalog.
Patient Assistance | AbbVie,CTA Button,Encourages user navigation through a call-to-action.,S,1,Simple button functionality with minimal styling.,https://www.abbvie.com/patients/patient-support/patient-assistance.html,cta_button,Button,No exact match in the catalog.
Patient Assistance | AbbVie,Card Grid,Displays a grid of cards with images and descriptions.,C,1,Grid layout with responsive design and interactive elements.,https://www.abbvie.com/patients/patient-support/patient-assistance.html,card_grid,Card layout,Matched to 'Cards' in the AEM catalog.
Our Stories | AbbVie,Global Navigation,Provides site-wide navigation links and branding.,M,1,"Includes site-wide navigation, requiring attention to accessibility and responsive design.",https://www.abbvie.com/who-we-are/our-stories.html,global_navigation,Main navigation,No exact match found in the AEM block catalog.
Our Stories | AbbVie,Hero Section,Highlights the main theme or message of the page with a prominent image and heading.,M,1,Involves prominent visual elements and dynamic content placement.,https://www.abbvie.com/who-we-are/our-stories.html,hero_section,Hero banner,Matched to 'Hero' block in the catalog.
Our Stories | AbbVie,Main Content,"Displays the primary content of the page, including stories and articles.",M,1,Includes rich text and various embedded elements.,https://www.abbvie.com/who-we-are/our-stories.html,main_content,Content area,No exact match found in the AEM block catalog.
Our Stories | AbbVie,Card Grid,Presents a grid of cards showcasing featured stories or articles.,C,1,Requires responsive grid layout and dynamic content integration.,https://www.abbvie.com/who-we-are/our-stories.html,card_grid,Card layout,Matched to 'Cards' block in the catalog.
Podcasts | AbbVie,Global Header,Contains the main navigation and branding elements for the site.,M,1,Includes site-wide branding and navigation elements.,https://www.abbvie.com/who-we-are/our-stories/the-persistence-lab-podcasts.html,global_header,Main navigation and branding,No exact match found in the catalog.
Podcasts | AbbVie,Primary Navigation,Provides the main site navigation links.,M,1,Includes primary navigation links with potential dropdowns.,https://www.abbvie.com/who-we-are/our-stories/the-persistence-lab-podcasts.html,primary_navigation,Site navigation,No exact match found in the catalog.
Podcasts | AbbVie,Hero Section,Displays the main visual and introductory content of the page.,M,1,Hero sections typically involve large images and text overlays.,https://www.abbvie.com/who-we-are/our-stories/the-persistence-lab-podcasts.html,hero_section,Hero image and heading,Matched with the 'Hero' block in the catalog.
Podcasts | AbbVie,Main Content,"Contains the primary content of the page, including articles and media.",C,1,Deals with diverse content types and layouts.,https://www.abbvie.com/who-we-are/our-stories/the-persistence-lab-podcasts.html,main_content,Dynamic content display,No exact match found in the catalog.
Community of Science | AbbVie,Global Utility Strip,"Provides top-level utilities such as contact links, subscriptions, and access to group sites.",M,1,Includes multiple utility elements requiring integration.,https://www.abbvie.com/science/our-people/community-of-science.html,global_utility_strip,Utility strip,No exact match found in the AEM catalog.
Community of Science | AbbVie,Primary Navigation,"Contains the main site navigation, including the logo and mega-navigation menu.",C,1,Complex navigation structure with potential mega-menu and accessibility requirements.,https://www.abbvie.com/science/our-people/community-of-science.html,primary_navigation,Main navigation,No exact match found in the AEM catalog.
Community of Science | AbbVie,Hero Section,Displays the main hero image and headline for the page.,M,1,Central visual component requiring responsive design.,https://www.abbvie.com/science/our-people/community-of-science.html,hero_section,Hero,Matched to 'Hero' in the AEM catalog.
Community of Science | AbbVie,Multi-Column CTA,Features multiple call-to-action elements in a column layout.,M,1,Requires layout and interaction design for multiple CTAs.,https://www.abbvie.com/science/our-people/community-of-science.html,multi_column_cta,CTA grid,No exact match found in the AEM catalog.
Community of Science | AbbVie,Card Grid,Showcases content cards with images and descriptions.,M,1,Grid layout with interactive elements.,https://www.abbvie.com/science/our-people/community-of-science.html,card_grid,Content cards,Matched to 'Cards' in the AEM catalog.
Our Principles | AbbVie,Global Utility Strip,"Provides quick access to contact, subscription, and group sites.",S,1,Minimal interactivity and content depth.,https://www.abbvie.com/who-we-are/our-principles.html,global_utility_strip,Utility strip,No direct match found in the AEM catalog.
Our Principles | AbbVie,Primary Navigation,Contains the main site navigation with dropdown menus.,M,1,Moderate complexity due to dropdown functionality.,https://www.abbvie.com/who-we-are/our-principles.html,primary_navigation,Main navigation,No direct match found in the AEM catalog.
Our Principles | AbbVie,Hero Section,Highlights the main theme or message of the page.,M,1,Requires visual emphasis and responsive design.,https://www.abbvie.com/who-we-are/our-principles.html,hero_section,Hero banner,No direct match found in the AEM catalog.
Our Principles | AbbVie,Call-to-Action Grid,Displays a grid of CTAs for navigating to key areas.,M,1,Moderate complexity due to grid layout and interactivity.,https://www.abbvie.com/who-we-are/our-principles.html,cta_grid,CTA grid,No direct match found in the AEM catalog.
Our Principles | AbbVie,Content Section,Presents detailed information about the principles.,S,1,Simple content presentation with minimal interactivity.,https://www.abbvie.com/who-we-are/our-principles.html,content_section,Content block,No direct match found in the AEM catalog.
Our Principles | AbbVie,Card Grid,Displays a grid of cards with images and descriptions.,M,1,Moderate complexity due to grid layout and visual alignment.,https://www.abbvie.com/who-we-are/our-principles.html,card_grid,Card grid,No direct match found in the AEM catalog.
Responsible Supply Chain | AbbVie,Global Utility Strip,"Provides quick access to contact, subscribe, and group site links.",S,1,Minimal complexity due to standard navigation links.,https://www.abbvie.com/who-we-are/operating-with-integrity/responsible-supply-chain.html,global_utility_strip,Utility strip,No direct match found in AEM catalog.
Responsible Supply Chain | AbbVie,Primary Navigation,Main site navigation with links to key sections.,M,1,Moderate complexity due to hierarchical navigation structure.,https://www.abbvie.com/who-we-are/operating-with-integrity/responsible-supply-chain.html,primary_navigation,Main navigation,No direct match found in AEM catalog.
Responsible Supply Chain | AbbVie,Hero Section,Features the main headline and introductory content.,M,1,Moderate complexity with styling and JavaScript for enhanced visuals.,https://www.abbvie.com/who-we-are/operating-with-integrity/responsible-supply-chain.html,hero_section,Hero banner,Matched to 'Hero' in AEM catalog.
Responsible Supply Chain | AbbVie,Content Card Grid,Displays a grid of content cards with images and text.,M,1,Moderate complexity due to grid layout and responsive design.,https://www.abbvie.com/who-we-are/operating-with-integrity/responsible-supply-chain.html,content_card_grid,Card grid,Matched to 'Cards' in AEM catalog.
Protecting Human Rights and Workplace Safety | AbbVie,Global Utility Strip,Provides global links and utilities like contact and subscription options.,S,1,Simple navigation utility without deep integration.,https://www.abbvie.com/who-we-are/operating-with-integrity/protecting-human-rights-and-workplace-safety.html,global_utility_strip,Utility strip,No direct match found in AEM catalog.
Protecting Human Rights and Workplace Safety | AbbVie,Primary Navigation,Main site navigation with dropdown menus for sections.,C,1,Complexity due to dropdown menus and potential accessibility requirements.,https://www.abbvie.com/who-we-are/operating-with-integrity/protecting-human-rights-and-workplace-safety.html,primary_navigation,Main navigation,No direct match found in AEM catalog.
Protecting Human Rights and Workplace Safety | AbbVie,Hero Section,Prominent visual and textual content introducing the page.,M,1,Moderate complexity involving image and text alignment.,https://www.abbvie.com/who-we-are/operating-with-integrity/protecting-human-rights-and-workplace-safety.html,hero_section,Hero,Matched to 'Hero' in AEM catalog.
Protecting Human Rights and Workplace Safety | AbbVie,Content Introduction,Introductory text and links related to the page topic.,S,1,Simple text and links structure.,https://www.abbvie.com/who-we-are/operating-with-integrity/protecting-human-rights-and-workplace-safety.html,content_intro,Introductory content,No direct match found in AEM catalog.
Protecting Human Rights and Workplace Safety | AbbVie,Featured Story Card,Highlights a specific story with an image and description.,M,1,Moderate complexity due to grid layout and image handling.,https://www.abbvie.com/who-we-are/operating-with-integrity/protecting-human-rights-and-workplace-safety.html,featured_story_card,Featured story,Matched to 'Cards' in AEM catalog.
Protecting Human Rights and Workplace Safety | AbbVie,Recognition Stats,Displays statistics or achievements related to recognition.,S,1,Simple data presentation.,https://www.abbvie.com/who-we-are/operating-with-integrity/protecting-human-rights-and-workplace-safety.html,recognition_stats,Statistics,No direct match found in AEM catalog.
Precision Medicine | AbbVie,Global Utility Strip,"Provides quick access to contact, subscription, and group site links.",S,1,Simple utility navigation with limited interactivity.,https://www.abbvie.com/science/areas-of-innovation/precision-medicine.html,global_utility_strip,Utility strip,No direct match in catalog.
Precision Medicine | AbbVie,Primary Navigation,Main site navigation with branding and mega-menu.,C,1,Complex navigation requiring accessibility and deep menu structures.,https://www.abbvie.com/science/areas-of-innovation/precision-medicine.html,primary_navigation,Main navigation,No direct match in catalog.
Precision Medicine | AbbVie,Hero Section,Large visual banner with key messaging and imagery.,M,1,Requires responsive design and image optimization.,https://www.abbvie.com/science/areas-of-innovation/precision-medicine.html,hero_section,Hero banner,Matched catalog entry.
Precision Medicine | AbbVie,Card Grid,Displays a grid of cards with images and text for featured content.,M,1,Includes dynamic content and responsive grid layout.,https://www.abbvie.com/science/areas-of-innovation/precision-medicine.html,card_grid,Card grid,Matched catalog entry.
Precision Medicine | AbbVie,Footer,Footer section with links and additional site navigation.,M,1,Contains multiple links and styling requirements.,https://www.abbvie.com/science/areas-of-innovation/precision-medicine.html,footer,Footer navigation,Matched catalog entry.
A History of Impact | AbbVie,Global Navigation,Provides primary site navigation links.,M,1,Involves accessibility features and responsive design.,https://www.abbvie.com/landing/a-history-of-impact.html,global_navigation,Main navigation,Could include dynamic menu items.
A History of Impact | AbbVie,Hero Section,Displays a prominent hero section with image and text.,S,1,Simple layout with static content.,https://www.abbvie.com/landing/a-history-of-impact.html,hero_section,Hero banner,Focus on visual impact and branding.
A History of Impact | AbbVie,Milestones Timeline,Showcases milestones in a timeline format.,C,1,Requires dynamic content and detailed styling.,https://www.abbvie.com/landing/a-history-of-impact.html,milestones_timeline,Interactive timeline,May include animations or dynamic data fetching.
A History of Impact | AbbVie,Footer,Provides site-wide links and information.,S,1,Static layout with predefined links.,https://www.abbvie.com/landing/a-history-of-impact.html,footer,Footer with links,Standardized across pages.
Life at AbbVie | AbbVie,Global Utility Strip,"Provides quick access to contact, subscription, and group site links.",S,1,Simple layout and functionality for quick access links.,https://www.abbvie.com/join-us/life-at-abbvie.html,global_utility_strip,Utility strip,No matching block found in the AEM catalog.
Life at AbbVie | AbbVie,Primary Navigation,Main site navigation with branding and mega-navigation.,C,1,Involves deep navigation and potential accessibility considerations.,https://www.abbvie.com/join-us/life-at-abbvie.html,primary_navigation,Main navigation,No matching block found in the AEM catalog.
Pipeline | AbbVie,Global Utility Strip,"Provides quick access links such as contact, subscribe, and group sites.",S,1,Low complexity due to straightforward functionality.,https://www.abbvie.com/science/pipeline.html,global_utility_strip,Utility strip,No matching catalog entry found.
Pipeline | AbbVie,Primary Navigation,Main site navigation with menu and submenus for browsing.,M,1,Moderate complexity due to hierarchical navigation structure.,https://www.abbvie.com/science/pipeline.html,primary_navigation,Main navigation,No matching catalog entry found.
Pipeline | AbbVie,Hero Section,Large visual banner with a prominent message or image.,S,1,Low complexity due to static visual presentation.,https://www.abbvie.com/science/pipeline.html,hero_section,Hero banner,Mapped to catalog entry 'Hero'.
Transparency in Payments | AbbVie,Global Utility Strip,"Provides quick access links such as contact, subscribe, and group sites.",S,1,Simple utility navigation with limited interactivity.,https://www.abbvie.com/who-we-are/operating-with-integrity/transparency-in-payment.html,global_utility_strip,Utility strip,No direct match found in the AEM catalog.
Transparency in Payments | AbbVie,Primary Navigation,Main navigation menu with branding and links to key sections.,M,1,Requires hierarchical navigation structure and branding integration.,https://www.abbvie.com/who-we-are/operating-with-integrity/transparency-in-payment.html,primary_navigation,Main navigation,No direct match found in the AEM catalog.
Transparency in Payments | AbbVie,Hero Section,Prominent hero image and heading to capture attention.,M,1,Involves styling and scripting for visual prominence and responsiveness.,https://www.abbvie.com/who-we-are/operating-with-integrity/transparency-in-payment.html,hero_section,Hero image,Matched with the Hero block in the AEM catalog.
Transparency in Payments | AbbVie,CTA Grid,Grid layout with multiple CTAs for user engagement.,M,1,Requires grid layout implementation and interactive elements.,https://www.abbvie.com/who-we-are/operating-with-integrity/transparency-in-payment.html,cta_grid,Call-to-action grid,No direct match found in the AEM catalog.
Transparency in Payments | AbbVie,Content Columns,Multi-column layout for detailed content presentation.,S,1,Simple multi-column layout for static content.,https://www.abbvie.com/who-we-are/operating-with-integrity/transparency-in-payment.html,content_columns,Content columns,No direct match found in the AEM catalog.
Benefits | AbbVie,Global Header,Displays the page's main header with navigation.,M,1,Includes navigation and potential accessibility features.,https://www.abbvie.com/join-us/life-at-abbvie/benefits.html,global_header,Main navigation,Matches with the catalog's Header block.
Benefits | AbbVie,Hero Section,Prominent visual and text introduction for the page.,M,1,Requires styling and possible dynamic content handling.,https://www.abbvie.com/join-us/life-at-abbvie/benefits.html,hero_section,Hero image and text,Matches with the catalog's Hero block.
Benefits | AbbVie,Benefits Overview,Provides an overview of employee benefits.,S,1,Simple static content display.,https://www.abbvie.com/join-us/life-at-abbvie/benefits.html,benefits_overview,Text overview,No exact match in the catalog.
Benefits | AbbVie,Featured Story,Highlights a key story or profile.,M,1,Includes dynamic content and layout considerations.,https://www.abbvie.com/join-us/life-at-abbvie/benefits.html,featured_story,Featured card,No exact match in the catalog.
Benefits | AbbVie,Recognition Highlight,Showcases achievements and recognitions.,S,1,Focuses on static content with minimal interactivity.,https://www.abbvie.com/join-us/life-at-abbvie/benefits.html,recognition_highlight,Highlight card,No exact match in the catalog.
Medical Aesthetics &amp; Treatment | AbbVie,Global Utility Strip,"Provides quick access to contact, subscription, and group site links.",S,1,Simple navigation links with minimal functionality.,https://www.abbvie.com/science/areas-of-focus/aesthetics.html,global_utility_strip,Utility strip,No exact match found in the catalog.
Medical Aesthetics &amp; Treatment | AbbVie,Primary Navigation,Main site navigation with dropdown menus for exploring site sections.,C,1,Complex dropdown navigation with potential accessibility requirements.,https://www.abbvie.com/science/areas-of-focus/aesthetics.html,primary_navigation,Main navigation,No exact match found in the catalog.
Medical Aesthetics &amp; Treatment | AbbVie,Hero Section,Prominent section with a large image and heading to highlight key content.,M,1,Requires image handling and responsive design.,https://www.abbvie.com/science/areas-of-focus/aesthetics.html,hero_section,Hero,Mapped to 'Hero' in the catalog.
Medical Aesthetics &amp; Treatment | AbbVie,Content Columns,"Displays content in multiple columns, including text and links.",M,1,Column layout with responsive design considerations.,https://www.abbvie.com/science/areas-of-focus/aesthetics.html,content_columns,Columns,Mapped to 'Columns' in the catalog.
Medical Aesthetics &amp; Treatment | AbbVie,Card Grid,Grid of cards showcasing articles and statistics.,M,1,Grid layout with card styling and responsive behavior.,https://www.abbvie.com/science/areas-of-focus/aesthetics.html,card_grid,Card grid,Mapped to 'Cards' in the catalog.
Products | AbbVie,Global Header,Renders the main navigation and branding elements for the website.,M,1,"Includes primary navigation and branding elements, which require accessibility and responsive design considerations.",https://www.abbvie.com/patients/products.html,global_header,Main navigation,This block is critical for user navigation and site identity.
"Equity, Equality, Diversity &amp; Inclusion | AbbVie",Global Utility Strip,"Provides quick access to contact, subscription, and group site links.",S,1,Simple utility strip for quick navigation.,https://www.abbvie.com/who-we-are/our-principles/equity-equality-inclusion-diversity.html,global_utility_strip,Utility strip,No direct mapping found in catalog.
"Equity, Equality, Diversity &amp; Inclusion | AbbVie",Primary Navigation,Main navigation menu for site sections and pages.,M,1,Moderately complex due to navigation depth.,https://www.abbvie.com/who-we-are/our-principles/equity-equality-inclusion-diversity.html,primary_navigation,Main navigation,No direct mapping found in catalog.
"Equity, Equality, Diversity &amp; Inclusion | AbbVie",Hero Section,Prominent visual and text content introducing the page.,M,1,Includes visual and textual elements with layout considerations.,https://www.abbvie.com/who-we-are/our-principles/equity-equality-inclusion-diversity.html,hero_section,Hero content,No direct mapping found in catalog.
"Equity, Equality, Diversity &amp; Inclusion | AbbVie",Main Content Columns,"Columns displaying key information, links, and visuals.",M,1,Structured layout with multiple content areas.,https://www.abbvie.com/who-we-are/our-principles/equity-equality-inclusion-diversity.html,main_content_columns,Content columns,No direct mapping found in catalog.
"Equity, Equality, Diversity &amp; Inclusion | AbbVie",Card Grid,"Grid displaying cards with images, titles, and descriptions.",C,1,Interactive grid with dynamic content and visual elements.,https://www.abbvie.com/who-we-are/our-principles/equity-equality-inclusion-diversity.html,card_grid,Card layout,No direct mapping found in catalog.
"Equity, Equality, Diversity &amp; Inclusion | AbbVie",Back to Top Button,Button to quickly scroll back to the top of the page.,S,1,Simple functionality with minimal interactivity.,https://www.abbvie.com/who-we-are/our-principles/equity-equality-inclusion-diversity.html,back_to_top,Scroll utility,No direct mapping found in catalog.
Grants and Contribution Disclosures | AbbVie,Global Header,Displays the main site header including logo and navigation.,M,1,Includes navigation and responsive design.,https://www.abbvie.com/science/independent-educational-grants/grants-and-contribution-disclosures.html,global_header,Main navigation,Matches 'Header' block in catalog.
Grants and Contribution Disclosures | AbbVie,Hero Section,Presents a visually prominent hero image and heading.,M,1,Requires image and text alignment with responsiveness.,https://www.abbvie.com/science/independent-educational-grants/grants-and-contribution-disclosures.html,hero_section,Hero image with text overlay,Matches 'Hero' block in catalog.
Grants and Contribution Disclosures | AbbVie,Primary Navigation,Provides the main navigation menu for the site.,M,1,Involves dropdowns and accessibility features.,https://www.abbvie.com/science/independent-educational-grants/grants-and-contribution-disclosures.html,primary_navigation,Navigation bar with dropdowns,No direct match found in catalog.
Grants and Contribution Disclosures | AbbVie,Content Section,Displays primary content including text and links.,M,1,Dynamic content layout with links.,https://www.abbvie.com/science/independent-educational-grants/grants-and-contribution-disclosures.html,content_section,Content area,No direct match found in catalog.
Grants and Contribution Disclosures | AbbVie,Footer,Displays the site footer with additional links and information.,M,1,Includes navigation and responsive design.,https://www.abbvie.com/science/independent-educational-grants/grants-and-contribution-disclosures.html,footer,Footer navigation and info,Matches 'Footer' block in catalog.
AI &amp; Data Convergence | AbbVie,Global Header,Contains the main navigation and branding elements for the website.,M,1,"The header typically includes interactive elements like search and dropdowns, requiring accessibility and dynamic functionality.",https://www.abbvie.com/science/areas-of-innovation/ai-and-data-convergence.html,global_header,Main navigation,Could map to a navigation block if further details are obtained.
AI &amp; Data Convergence | AbbVie,Hero Section,Displays the main visual and text content at the top of the page.,M,1,"Hero sections involve large visuals, text overlays, and responsiveness.",https://www.abbvie.com/science/areas-of-innovation/ai-and-data-convergence.html,hero_section,Visual hero,Mapped directly to the 'Hero' block in the catalog.
AI &amp; Data Convergence | AbbVie,Primary Navigation,Provides the main site navigation links and dropdowns.,M,1,Navigation requires dynamic dropdowns and possible integration with site-wide search.,https://www.abbvie.com/science/areas-of-innovation/ai-and-data-convergence.html,primary_navigation,Site navigation,Could map to a navigation block if further details are obtained.
AI &amp; Data Convergence | AbbVie,Content Section,"Holds the core content of the page, including text and links.",S,1,"Content sections usually host static text and simple links, making them less complex.",https://www.abbvie.com/science/areas-of-innovation/ai-and-data-convergence.html,content_section,Textual content,Does not match any specific catalog block directly.
AI &amp; Data Convergence | AbbVie,Card Grid,Displays a grid of cards with images and text for quick navigation.,M,1,Cards involve responsive layouts and dynamic content handling.,https://www.abbvie.com/science/areas-of-innovation/ai-and-data-convergence.html,card_grid,Card layout,Mapped directly to the 'Cards' block in the catalog.
AI &amp; Data Convergence | AbbVie,Footer,Contains footer links and additional site navigation.,S,1,Footers are typically static and involve simple link lists.,https://www.abbvie.com/science/areas-of-innovation/ai-and-data-convergence.html,footer,Footer navigation,Mapped directly to the 'Footer' block in the catalog.
How to Apply | AbbVie,Global Utility Strip,"Provides quick access to contact, subscription, and group site links.",S,1,Basic utility navigation with limited interaction.,https://www.abbvie.com/science/independent-educational-grants/how-to-apply.html,global_utility_strip,Utility strip,No direct match in catalog.
How to Apply | AbbVie,Primary Navigation,Main navigation menu with dropdowns for site sections.,C,1,Complex navigation structure with potential accessibility requirements.,https://www.abbvie.com/science/independent-educational-grants/how-to-apply.html,primary_navigation,Main navigation,No direct match in catalog.
How to Apply | AbbVie,Footer Links,Footer section with navigation and utility links.,M,1,Includes dynamic content fetching and styling.,https://www.abbvie.com/science/independent-educational-grants/how-to-apply.html,footer_links,Footer navigation,Matched to catalog entry for 'Footer'.
Brand Partnerships | AbbVie,Global Utility Strip,"Quick access to contact, subscription, and group site links.",S,1,Limited functions and straightforward implementation.,https://www.abbvie.com/who-we-are/brand-partnerships.html,global_utility_strip,Utility strip,No exact match found in the catalog.
Brand Partnerships | AbbVie,Primary Navigation,Main site navigation with links to major sections.,M,1,Requires accessible deep navigation structure.,https://www.abbvie.com/who-we-are/brand-partnerships.html,primary_navigation,Main navigation,No exact match found in the catalog.
Brand Partnerships | AbbVie,Hero Section,Prominent section with a large image and key message.,M,1,Requires integration of large visual assets and responsive design.,https://www.abbvie.com/who-we-are/brand-partnerships.html,hero_section,Hero section,Matched with Hero in the catalog.
Brand Partnerships | AbbVie,Content Column One,Displays introductory text and a button linking to more information.,S,1,Simple text and button implementation.,https://www.abbvie.com/who-we-are/brand-partnerships.html,content_column_one,Content column,No exact match found in the catalog.
Brand Partnerships | AbbVie,Content Column Two,Highlights a featured story with an image and description.,M,1,Combines text and image with layout considerations.,https://www.abbvie.com/who-we-are/brand-partnerships.html,content_column_two,Featured story,No exact match found in the catalog.
Areas of Focus | AbbVie,Global Utility Strip,"Provides quick access links to contact, subscribe, and other utilities.",S,1,Simple navigation links without advanced functionality.,https://www.abbvie.com/science/areas-of-focus.html,global_utility_strip,Utility strip,Could be mapped to a utility block if further details are provided.
Areas of Focus | AbbVie,Primary Navigation,Main site navigation for key sections.,M,1,Potentially includes dropdown menus and multi-level navigation.,https://www.abbvie.com/science/areas-of-focus.html,primary_navigation,Main navigation,Requires deeper analysis for potential catalog mapping.
Areas of Focus | AbbVie,Hero Section,Prominent introductory section with a large image and heading.,M,1,"Includes image, heading, and potentially dynamic content.",https://www.abbvie.com/science/areas-of-focus.html,hero_section,Hero,Mapped to the 'Hero' block in the AEM catalog.
Areas of Focus | AbbVie,Areas of Focus Section,Highlights specific areas of focus with links and descriptions.,M,1,Includes links and descriptions which may require custom styling or interactivity.,https://www.abbvie.com/science/areas-of-focus.html,areas_of_focus_section,Focus area highlights,No direct mapping found in the current AEM catalog.
Genomics | AbbVie,Global Header,Provides site-wide navigation and branding.,M,1,Involves accessibility considerations and responsive design for navigation.,https://www.abbvie.com/science/areas-of-innovation/genomics.html,global_header,Utility strip,No direct match found in catalog.
Genomics | AbbVie,Hero Section,Introduces the page with a visually prominent section.,S,1,Basic structure with image and heading.,https://www.abbvie.com/science/areas-of-innovation/genomics.html,hero_section,Hero banner,Matched to 'Hero' block in catalog.
Genomics | AbbVie,Primary Navigation,Facilitates site-wide link access.,M,1,Requires deep navigation and accessibility compliance.,https://www.abbvie.com/science/areas-of-innovation/genomics.html,primary_navigation,Main navigation,No direct match found in catalog.
Genomics | AbbVie,Content Introduction,Provides an overview of the page's focus.,S,1,Simple text-based structure.,https://www.abbvie.com/science/areas-of-innovation/genomics.html,content_intro,Introductory text,No direct match found in catalog.
Genomics | AbbVie,Card Grid,Displays key stories or features in a grid layout.,M,1,Involves responsive design and interactive elements.,https://www.abbvie.com/science/areas-of-innovation/genomics.html,card_grid,Card layout,Matched to 'Cards' block in catalog.
Genomics | AbbVie,Back to Top Button,Allows users to quickly return to the top of the page.,S,1,Basic button functionality.,https://www.abbvie.com/science/areas-of-innovation/genomics.html,back_to_top,Utility button,No direct match found in catalog.
Requestor Training Guide | AbbVie,Global Utility Strip,"Provides quick access to contact, subscription, and group site links.",S,1,Minimal complexity due to lack of dynamic elements.,https://www.abbvie.com/science/independent-educational-grants/requestor-training-guide.html,global_utility_strip,Utility strip,No matching AEM catalog block found.
Requestor Training Guide | AbbVie,Primary Navigation,Main navigation menu for the website.,M,1,Moderate complexity due to navigation structure depth.,https://www.abbvie.com/science/independent-educational-grants/requestor-training-guide.html,primary_navigation,Main navigation,No matching AEM catalog block found.
Allergan Aesthetics | AbbVie,Global Utility Strip,"Provides quick access to contact, subscription, and group site links.",S,1,Limited to basic navigation and link accessibility.,https://www.abbvie.com/join-us/opportunities/allergan-aesthetics.html,global_utility_strip,Utility strip,No direct match in AEM catalog.
Allergan Aesthetics | AbbVie,Primary Navigation,Main site navigation including dropdown menus for site sections.,M,1,Includes dropdown menus and hierarchical navigation.,https://www.abbvie.com/join-us/opportunities/allergan-aesthetics.html,primary_navigation,Main navigation,No direct match in AEM catalog.
How AbbVie makes medications more accessible | AbbVie,Global Utility Strip,"Provides quick access links like contact, subscribe, and group sites.",S,1,Limited scope with basic links and navigation.,https://www.abbvie.com/who-we-are/our-stories/living-with-an-illness.html,global_utility_strip,Utility strip,Could be standardized with other utility navigation components.
How AbbVie makes medications more accessible | AbbVie,Primary Navigation,Main navigation bar with mega-menu functionality.,C,1,Complex navigation with multiple levels and features.,https://www.abbvie.com/who-we-are/our-stories/living-with-an-illness.html,primary_navigation,Main navigation,Requires accessibility considerations for dropdowns and keyboard navigation.
How AbbVie makes medications more accessible | AbbVie,Main Content Introduction,Displays introductory text and links summarizing the page.,M,1,Moderate scope with text and link formatting.,https://www.abbvie.com/who-we-are/our-stories/living-with-an-illness.html,main_content_intro,Introductory section,Could be enhanced with dynamic content or personalization.
How AbbVie makes medications more accessible | AbbVie,Main CTA Button,Primary call-to-action button for page navigation.,S,1,Simple button functionality with potential styling.,https://www.abbvie.com/who-we-are/our-stories/living-with-an-illness.html,main_cta_button,Call-to-action,Ensure clear labeling and accessibility for all users.
How AbbVie makes medications more accessible | AbbVie,Featured Card Grid,Grid layout displaying featured stories or sections.,C,1,Complex layout with potential for interactive elements.,https://www.abbvie.com/who-we-are/our-stories/living-with-an-illness.html,featured_card_grid,Card grid,May require responsive design and dynamic content loading.
AbbVies 2024 Working Parents Finding Purpose in Adversity | AbbVie,Global Utility Strip,"Provides quick access to contact, subscription, and group site links.",S,1,Simple utility navigation with minimal interactivity.,https://www.abbvie.com/who-we-are/our-stories/abbvies-2024-working-parents-finding-purpose-in-adversity.html,global_utility_strip,Utility strip,No exact match found in the AEM catalog.
AbbVies 2024 Working Parents Finding Purpose in Adversity | AbbVie,Primary Navigation,Main site navigation with links to key sections.,C,1,Deep navigation structure with potential for accessibility and responsive design complexities.,https://www.abbvie.com/who-we-are/our-stories/abbvies-2024-working-parents-finding-purpose-in-adversity.html,primary_navigation,Main navigation,No exact match found in the AEM catalog.
AbbVies 2024 Working Parents Finding Purpose in Adversity | AbbVie,Hero Section,Highlights the main story with an image and title.,M,1,"Includes a large image and heading, requiring CSS for positioning and styling.",https://www.abbvie.com/who-we-are/our-stories/abbvies-2024-working-parents-finding-purpose-in-adversity.html,hero_section,Hero section,Matched with Hero block in the AEM catalog.
AbbVies 2024 Working Parents Finding Purpose in Adversity | AbbVie,Main Content,Contains the primary content of the page.,M,1,Primary content container with potential for rich content and embedded elements.,https://www.abbvie.com/who-we-are/our-stories/abbvies-2024-working-parents-finding-purpose-in-adversity.html,main_content,Content container,No exact match found in the AEM catalog.
Investigator-Initiated Studies | AbbVie,Global Utility Strip,"Provides quick access to contact, subscription, and other utility links.",M,1,Model output omitted this blockId after catalog review. Mapped as Unmapped; re-run mapping or fix agent output.,https://www.abbvie.com/science/clinical-trials/investigator-initiated-studies.html,global_utility_strip,default,templateIds: tpl_61
Investigator-Initiated Studies | AbbVie,Primary Navigation,Main site navigation with dropdown menus for exploring sections.,M,1,Model output omitted this blockId after catalog review. Mapped as Unmapped; re-run mapping or fix agent output.,https://www.abbvie.com/science/clinical-trials/investigator-initiated-studies.html,primary_navigation,default,templateIds: tpl_61
Investigator-Initiated Studies | AbbVie,Card Grid,Displays a grid of cards with images and text for featured content.,M,1,Model output omitted this blockId after catalog review. Mapped as Unmapped; re-run mapping or fix agent output.,https://www.abbvie.com/science/clinical-trials/investigator-initiated-studies.html,card_grid,default,templateIds: tpl_61
Learning &amp; Development | AbbVie,Utility Strip,"Provides quick access to contact, subscription, and group site links.",S,1,Simple structure and functionality for navigation links.,https://www.abbvie.com/join-us/life-at-abbvie/learning-and-development.html,global_utility_strip,Utility strip,Could not find a direct match in the AEM catalog.
Learning &amp; Development | AbbVie,Main Navigation,Main navigation menu for site sections and pages.,M,1,Includes hierarchical navigation and potential accessibility requirements.,https://www.abbvie.com/join-us/life-at-abbvie/learning-and-development.html,primary_navigation,Primary navigation,Could not find a direct match in the AEM catalog.
Learning &amp; Development | AbbVie,Hero Section,Prominent introductory section with a large image and heading.,M,1,Prominent visual and functional role in page layout.,https://www.abbvie.com/join-us/life-at-abbvie/learning-and-development.html,hero_section,Hero with image and text,Mapped to the 'Hero' block in the AEM catalog.
Learning &amp; Development | AbbVie,Call to Action Section,Encourages users to explore more about the topic.,M,1,Requires user engagement and potentially dynamic content.,https://www.abbvie.com/join-us/life-at-abbvie/learning-and-development.html,cta_section,Call to Action,Could not find a direct match in the AEM catalog.
Learning &amp; Development | AbbVie,Card Grid,Displays a grid of cards with images and text for featured content.,M,1,Involves grid layout and responsive design.,https://www.abbvie.com/join-us/life-at-abbvie/learning-and-development.html,card_grid,Card grid layout,Mapped to the 'Cards' block in the AEM catalog.
Learning &amp; Development | AbbVie,Back to Top Button,Provides a button to quickly scroll back to the top of the page.,S,1,Simple functionality for user convenience.,https://www.abbvie.com/join-us/life-at-abbvie/learning-and-development.html,back_to_top,Scroll to top,Could not find a direct match in the AEM catalog.
Request Types | AbbVie,Global Utility Strip,"Provides quick access to contact, subscription, and group site links.",S,1,Simple utility links without deep functionality.,https://www.abbvie.com/science/independent-educational-grants/request-types.html,global_utility_strip,Utility strip,No matching block found in the AEM catalog.
Request Types | AbbVie,Primary Navigation,"Main navigation menu for the site, including dropdowns for sections.",C,1,Complex dropdown navigation structure.,https://www.abbvie.com/science/independent-educational-grants/request-types.html,primary_navigation,Main navigation,No matching block found in the AEM catalog.
Request Types | AbbVie,Main Content Section,"Contains the primary content of the page, including text and links.",M,1,Moderate complexity due to content depth and styling.,https://www.abbvie.com/science/independent-educational-grants/request-types.html,main_content_section,Content area,No matching block found in the AEM catalog.
Therapeutic Modalities &amp; Platforms | AbbVie,Site Header,Provides global navigation and branding elements.,M,1,Includes navigation and branding with potential accessibility requirements.,https://www.abbvie.com/science/areas-of-innovation/therapeutic-modalities-and-platforms.html,global_header,Utility strip,Mapped successfully to 'Header' block.
Therapeutic Modalities &amp; Platforms | AbbVie,Hero Banner,Displays a prominent visual and introductory content.,M,1,Requires responsive design and visual hierarchy.,https://www.abbvie.com/science/areas-of-innovation/therapeutic-modalities-and-platforms.html,hero_section,Hero image,Mapped successfully to 'Hero' block.
Therapeutic Modalities &amp; Platforms | AbbVie,Main Navigation,Provides site-wide navigation links.,M,1,Depth of navigation and accessibility considerations.,https://www.abbvie.com/science/areas-of-innovation/therapeutic-modalities-and-platforms.html,navigation_menu,Primary navigation,No direct match found in the catalog.
Therapeutic Modalities &amp; Platforms | AbbVie,Content Area,Displays the main informational content.,M,1,Content management and layout.,https://www.abbvie.com/science/areas-of-innovation/therapeutic-modalities-and-platforms.html,main_content,Body content,No direct match found in the catalog.
Therapeutic Modalities &amp; Platforms | AbbVie,Back to Top Button,Provides quick navigation to the top of the page.,S,1,Simple functionality with minimal design.,https://www.abbvie.com/science/areas-of-innovation/therapeutic-modalities-and-platforms.html,back_to_top_button,Utility button,No direct match found in the catalog.
Contact Center | AbbVie,Global Utility Strip,"Provides quick access to contact, subscription, and group site links.",S,1,Simple static links and navigation structure.,https://www.abbvie.com/contact-center.html,global_utility_strip,Utility strip,No direct match found in the AEM catalog.
Contact Center | AbbVie,Primary Navigation,Main site navigation with dropdown menus for exploring site sections.,C,1,Complex structure due to dropdown and multi-level navigation.,https://www.abbvie.com/contact-center.html,primary_navigation,Main navigation,No direct match found in the AEM catalog.
Contact Center | AbbVie,Hero Section,Prominent section showcasing key visuals and messaging.,M,1,Includes visual elements with possible dynamic content.,https://www.abbvie.com/contact-center.html,hero_section,Hero banner,Mapped to 'Hero' in the AEM catalog.
Contact Center | AbbVie,Who We Are CTA,Highlights the 'Who We Are' section with a call-to-action button.,S,1,Simple static call-to-action element.,https://www.abbvie.com/contact-center.html,who_we_are_cta,CTA,No direct match found in the AEM catalog.
Contact Center | AbbVie,Science CTA,Highlights the 'Science' section with a call-to-action button.,S,1,Simple static call-to-action element.,https://www.abbvie.com/contact-center.html,science_cta,CTA,No direct match found in the AEM catalog.
AbbVie Inquiry | AbbVie,Global Utility Strip,Provides quick access links for user convenience.,S,1,Simple utility bar with minimal interaction.,https://www.abbvie.com/who-we-are/operating-with-integrity/transparency-in-payment/abbvie-inquiry.html,global_utility_strip,Utility strip,No matching catalog entry was found.
AbbVie Inquiry | AbbVie,Primary Navigation,Main navigation menu with dropdown capabilities.,M,1,Dropdown menus and potential deep navigation.,https://www.abbvie.com/who-we-are/operating-with-integrity/transparency-in-payment/abbvie-inquiry.html,primary_navigation,Main navigation,No matching catalog entry was found.
AbbVie Inquiry | AbbVie,Hero Section,Displays a prominent visual or message for the page.,S,1,Static hero image with basic styling and positioning.,https://www.abbvie.com/who-we-are/operating-with-integrity/transparency-in-payment/abbvie-inquiry.html,hero_section,Hero,Matched with 'Hero' block in catalog.
AbbVie Inquiry | AbbVie,Main Content,Holds the core content of the page.,M,1,General page content with potential dynamic elements.,https://www.abbvie.com/who-we-are/operating-with-integrity/transparency-in-payment/abbvie-inquiry.html,main_content,Content area,No matching catalog entry was found.
Jag Dosanjh | AbbVie,Global Navigation,Provides primary navigation links and branding for the site.,M,1,Includes deep navigation structure and branding elements.,https://www.abbvie.com/who-we-are/our-leaders/jag-dosanjh.html,global_navigation,Primary navigation,No direct match in AEM catalog for navigation blocks.
Jag Dosanjh | AbbVie,Main Content,"Displays the primary content of the page, including text and supporting visuals.",M,1,Handles diverse content types and visual elements.,https://www.abbvie.com/who-we-are/our-leaders/jag-dosanjh.html,main_content,Content block,No direct match in AEM catalog for content blocks.
Jag Dosanjh | AbbVie,Footer,"Contains site-wide links, copyright information, and additional navigation.",S,1,Relatively straightforward implementation for site-wide footer.,https://www.abbvie.com/who-we-are/our-leaders/jag-dosanjh.html,footer,Footer block,Mapped to AEM's Footer block with basic styling and fragment fetching.
Join AbbVie | AbbVie,Global Utility Strip,"Provides quick access to contact, subscription, and group site links.",S,1,Simple utility strip with links.,https://www.abbvie.com/join-us.html,global_utility_strip,Utility strip,No direct match found in the AEM blocks catalog.
Join AbbVie | AbbVie,Primary Navigation,Main navigation menu with dropdowns for site sections.,M,1,Dropdown menus may require moderate implementation effort.,https://www.abbvie.com/join-us.html,primary_navigation,Main navigation,No direct match found in the AEM blocks catalog.
Students &amp; New Graduates | AbbVie,Global Utility Strip,"Provides quick access to contact, subscription, and group site links.",S,1,Minimal interactive elements with low complexity.,https://www.abbvie.com/join-us/student-and-new-graduates.html,global_utility_strip,Utility strip,No matching AEM block found in catalog.
Students &amp; New Graduates | AbbVie,Primary Navigation,Main site navigation including dropdown menus for different sections.,C,1,Complex navigation structure with dropdowns and accessibility requirements.,https://www.abbvie.com/join-us/student-and-new-graduates.html,primary_navigation,Main navigation,No matching AEM block found in catalog.
Students &amp; New Graduates | AbbVie,Hero Section,Large banner image with a prominent heading and call-to-action link.,M,1,Standard hero block with moderate customization.,https://www.abbvie.com/join-us/student-and-new-graduates.html,hero_section,Hero image and CTA,Mapped to Hero block from catalog.
Students &amp; New Graduates | AbbVie,Who We Are Section,Details about the organization's principles and values.,M,1,Requires content structuring and styling.,https://www.abbvie.com/join-us/student-and-new-graduates.html,who_we_are_section,Organizational values presentation,No matching AEM block found in catalog.
Students &amp; New Graduates | AbbVie,Science Section,Information on scientific focus areas and innovations.,M,1,Content-heavy block with potential interactive elements.,https://www.abbvie.com/join-us/student-and-new-graduates.html,science_section,Scientific focus display,No matching AEM block found in catalog.
Students &amp; New Graduates | AbbVie,Patients Section,Resources and support information for patients.,M,1,Requires structured content delivery and user accessibility.,https://www.abbvie.com/join-us/student-and-new-graduates.html,patients_section,Patient resources,No matching AEM block found in catalog.
Sustainability | AbbVie,Global Utility Strip,"Provides quick access to contact information, subscription options, and links to group sites.",S,1,Simple utility navigation with links and static content.,https://www.abbvie.com/sustainability.html,global_utility_strip,Utility strip,Could not match to an official AEM block name.
Sustainability | AbbVie,Primary Navigation,"Main navigation menu for the website, allowing users to explore different sections.",M,1,Moderate complexity due to hierarchical navigation structure.,https://www.abbvie.com/sustainability.html,primary_navigation,Main navigation,Could not match to an official AEM block name.
Sustainability | AbbVie,Back to Top Button,Button allowing users to quickly return to the top of the page.,S,1,Simple button functionality with potential smooth scrolling.,https://www.abbvie.com/sustainability.html,back_to_top,Utility button,Could not match to an official AEM block name.
"Environmental, Social &amp; Governance | AbbVie",Global Utility Strip,"Provides quick access to contact, subscription, and group site links.",S,1,Limited functionality and low implementation overhead.,https://www.abbvie.com/sustainability/environmental-social-and-governance.html,global_utility_strip,Utility strip,No matching catalog entry found for this block.
"Environmental, Social &amp; Governance | AbbVie",Primary Navigation,Main navigation menu for the website.,M,1,Requires handling of hierarchical navigation and accessibility concerns.,https://www.abbvie.com/sustainability/environmental-social-and-governance.html,primary_navigation,Main navigation,No matching catalog entry found for this block.
Terms of Use | AbbVie,Site Header,Provides navigation and branding elements.,M,1,"Includes navigation and branding, requiring integration with site-wide elements.",https://www.abbvie.com/terms-of-use.html,global_header,Main navigation,Requires CSS and JS for layout and functionality.
Terms of Use | AbbVie,Primary Content,Displays the main content of the Terms of Use page.,S,1,Simple content display with minimal interactivity.,https://www.abbvie.com/terms-of-use.html,main_content,Terms of Use content,No matching AEM catalog block found.
United States | AbbVie,Global Header,Implements the global navigation and branding for the site.,M,1,"Includes navigation and branding elements, requiring responsive and accessible design.",https://www.abbvie.com/contact-center/locations/united-states.html,global_header,Main navigation,Includes CSS and JS for layout and interactivity.
United States | AbbVie,Hero Section,"Displays the primary promotional content, typically with an image and headline.",M,1,Requires precise layout and styling to highlight key content.,https://www.abbvie.com/contact-center/locations/united-states.html,hero_section,Main hero,Includes CSS and JS for styling and functionality.
United States | AbbVie,Who We Are Section,Highlights the company's identity and values.,S,1,Static informational content.,https://www.abbvie.com/contact-center/locations/united-states.html,who_we_are_section,Informational,No direct match in the AEM catalog.
United States | AbbVie,Science Section,Details the company's scientific achievements and focus areas.,S,1,Static informational content.,https://www.abbvie.com/contact-center/locations/united-states.html,science_section,Informational,No direct match in the AEM catalog.
United States | AbbVie,Patients Section,Provides resources and information for patients.,S,1,Static informational content.,https://www.abbvie.com/contact-center/locations/united-states.html,patients_section,Informational,No direct match in the AEM catalog.
"Latif Akintade, M.D. | AbbVie",Global Utility Strip,"Provides global links for contact, subscription, and group sites.",S,1,Simple navigation links without complex functionality.,https://www.abbvie.com/who-we-are/our-leaders/latif-akintade.html,global_utility_strip,Utility strip,No direct match found in AEM catalog.
"Latif Akintade, M.D. | AbbVie",Primary Navigation,Main navigation for the site including branding and mega-navigation.,C,1,Complex navigation structure often involving deep linking and accessibility requirements.,https://www.abbvie.com/who-we-are/our-leaders/latif-akintade.html,primary_navigation,Main navigation,No direct match found in AEM catalog.
"Latif Akintade, M.D. | AbbVie",Content Introduction,Introductory text providing context and purpose of the page.,S,1,Static content without dynamic or interactive elements.,https://www.abbvie.com/who-we-are/our-leaders/latif-akintade.html,content_intro,Page introduction,No direct match found in AEM catalog.
"Latif Akintade, M.D. | AbbVie",Call-to-Action Buttons,Interactive buttons guiding users to perform specific actions.,M,1,Interactive elements requiring styling and accessibility considerations.,https://www.abbvie.com/who-we-are/our-leaders/latif-akintade.html,cta_buttons,Button set,No direct match found in AEM catalog.
Robert A. Michael | AbbVie,Global Navigation,Provides primary navigation functionality across the site.,M,1,Ensures accessibility compliance and integrates with site-wide navigation structure.,https://www.abbvie.com/who-we-are/our-leaders/robert-michael.html,global_navigation,Main navigation,No exact match found in the AEM blocks catalog.
Robert A. Michael | AbbVie,Hero Banner,Highlights key page content with a visual and textual focus.,S,1,Basic styling and positioning for hero content.,https://www.abbvie.com/who-we-are/our-leaders/robert-michael.html,hero_section,Hero section,Matched with 'Hero' block in the AEM catalog.
Robert A. Michael | AbbVie,About Section,Provides an overview of the organization's mission and values.,S,1,Simple text content presentation.,https://www.abbvie.com/who-we-are/our-leaders/robert-michael.html,about_section,Text overview,No exact match found in the AEM blocks catalog.
Robert A. Michael | AbbVie,Call-to-Action Button,Encourages user engagement through actionable buttons.,S,1,Basic button functionality with potential for tracking user interaction.,https://www.abbvie.com/who-we-are/our-leaders/robert-michael.html,cta_button,Button,No exact match found in the AEM blocks catalog.
Robert A. Michael | AbbVie,Featured Card,Displays highlighted content in a card layout.,M,1,Includes responsive grid layout and image handling.,https://www.abbvie.com/who-we-are/our-leaders/robert-michael.html,featured_card,Card layout,Matched with 'Cards' block in the AEM catalog.
Why AbbVie | AbbVie,Utility Strip,"Provides quick links for contact, subscription, and group sites.",S,1,"Limited scope, primarily static links.",https://www.abbvie.com/join-us/why-abbvie.html,global_utility_strip,Utility strip,No direct match in the AEM catalog.
Why AbbVie | AbbVie,Primary Navigation,Main navigation for site sections with dropdown menus.,M,1,Dropdown functionality requires moderate implementation effort.,https://www.abbvie.com/join-us/why-abbvie.html,primary_navigation,Main navigation,No direct match in the AEM catalog.
Liz Shea | AbbVie,Global Header,Displays the main navigation and branding elements.,M,1,"Includes branding and navigation, likely requiring accessibility considerations.",https://www.abbvie.com/who-we-are/our-leaders/liz-shea.html,global_header,Utility strip,No exact match found in the AEM catalog.
Liz Shea | AbbVie,Hero Section,Highlights the main content with a prominent image and heading.,M,1,Prominent visual element with potential dynamic content.,https://www.abbvie.com/who-we-are/our-leaders/liz-shea.html,hero_section,Hero Banner,No exact match found in the AEM catalog.
Liz Shea | AbbVie,Primary Navigation,Provides the main site navigation links.,C,1,Deep navigation structure requiring accessibility and responsive design.,https://www.abbvie.com/who-we-are/our-leaders/liz-shea.html,primary_navigation,Main navigation,No exact match found in the AEM catalog.
Liz Shea | AbbVie,Main Content Area,"Contains the primary content of the page, including text and images.",M,1,Varied content types with potential for dynamic elements.,https://www.abbvie.com/who-we-are/our-leaders/liz-shea.html,main_content,Content,No exact match found in the AEM catalog.
Liz Shea | AbbVie,Back to Top Button,Provides a button to quickly scroll back to the top of the page.,S,1,Simple functionality with minimal interaction.,https://www.abbvie.com/who-we-are/our-leaders/liz-shea.html,back_to_top,Utility,No exact match found in the AEM catalog.
New Graduates &amp; Entry-Level positions | AbbVie,Global Utility Strip,"Provides global utilities such as contact, subscribe, and links to group sites.",S,1,Low complexity due to static links and simple styling.,https://www.abbvie.com/join-us/student-and-new-graduates/new-graduates-and-entry-level-positions.html,global_utility_strip,Utility strip,No matching catalog entry was found.
New Graduates &amp; Entry-Level positions | AbbVie,Primary Navigation,Main navigation menu with links to key site sections.,M,1,Medium complexity due to navigation depth and potential accessibility requirements.,https://www.abbvie.com/join-us/student-and-new-graduates/new-graduates-and-entry-level-positions.html,primary_navigation,Main navigation,No matching catalog entry was found.
New Graduates &amp; Entry-Level positions | AbbVie,Hero Section,Prominent hero section with a large image and heading to capture user attention.,M,1,Medium complexity due to dynamic content and visual impact.,https://www.abbvie.com/join-us/student-and-new-graduates/new-graduates-and-entry-level-positions.html,hero_section,Hero section,Matched catalog entry provides styling and JavaScript assets for implementation.
New Graduates &amp; Entry-Level positions | AbbVie,Who We Are Section,Highlights the company's principles and values.,S,1,Low complexity due to static text and simple styling.,https://www.abbvie.com/join-us/student-and-new-graduates/new-graduates-and-entry-level-positions.html,who_we_are_section,Informative section,No matching catalog entry was found.
New Graduates &amp; Entry-Level positions | AbbVie,Science Section,Showcases the company's scientific focus and innovations.,S,1,Low complexity due to static text and simple styling.,https://www.abbvie.com/join-us/student-and-new-graduates/new-graduates-and-entry-level-positions.html,science_section,Informative section,No matching catalog entry was found.
New Graduates &amp; Entry-Level positions | AbbVie,Patients Section,Provides information and support resources for patients.,M,1,Medium complexity due to potential interaction elements and accessibility considerations.,https://www.abbvie.com/join-us/student-and-new-graduates/new-graduates-and-entry-level-positions.html,patients_section,Informative section,No matching catalog entry was found.
"Nicholas Donoghoe, M.D. | AbbVie",Global Header,Represents the primary header with navigation and branding.,M,1,Includes branding and navigation elements.,https://www.abbvie.com/who-we-are/our-leaders/nicholas-donoghoe.html,global_header,Header navigation,No direct catalog match found.
"Nicholas Donoghoe, M.D. | AbbVie",Hero Section,Main hero section featuring a large image and heading.,M,1,Includes image handling and responsive design.,https://www.abbvie.com/who-we-are/our-leaders/nicholas-donoghoe.html,hero_section,Hero image with heading,Mapped to Hero block.
"Nicholas Donoghoe, M.D. | AbbVie",Primary Navigation,Main site navigation menu.,C,1,Deep navigation structure and accessibility requirements.,https://www.abbvie.com/who-we-are/our-leaders/nicholas-donoghoe.html,primary_navigation,Site navigation,No direct catalog match found.
"Nicholas Donoghoe, M.D. | AbbVie",Content Introduction,Introductory text and links for the 'Who We Are' section.,S,1,Simple text and link layout.,https://www.abbvie.com/who-we-are/our-leaders/nicholas-donoghoe.html,content_intro,Introductory text,No direct catalog match found.
"Nicholas Donoghoe, M.D. | AbbVie",Call-to-Action Button,Provides a link to the 'Who We Are' page.,S,1,Single button functionality.,https://www.abbvie.com/who-we-are/our-leaders/nicholas-donoghoe.html,cta_button,CTA button,No direct catalog match found.
"Nicholas Donoghoe, M.D. | AbbVie",Card Grid,Grid layout showcasing stories and facts.,M,1,Requires responsive grid design and card styling.,https://www.abbvie.com/who-we-are/our-leaders/nicholas-donoghoe.html,card_grid,Card grid,Mapped to Cards block.
Our Commitment to Ethical and Responsible Use of Animals in Research | AbbVie,Global Header,"The primary header containing the logo, navigation menu, and utility links.",M,1,"No LLM mapping run. Enable credentials for the block-mapping agent, or assign catalog blocks manually using query_aem_blocks_catalog / MCP list_blocks.",https://www.abbvie.com/who-we-are/our-principles/positions-views/our-commitment-to-ethical-and-responsible-use-of-animals-in-research.html,global_header,default,templateIds: tpl_80
Our Commitment to Ethical and Responsible Use of Animals in Research | AbbVie,Hero Section,The hero section with a large image and introductory text.,M,1,"No LLM mapping run. Enable credentials for the block-mapping agent, or assign catalog blocks manually using query_aem_blocks_catalog / MCP list_blocks.",https://www.abbvie.com/who-we-are/our-principles/positions-views/our-commitment-to-ethical-and-responsible-use-of-animals-in-research.html,hero_section,default,templateIds: tpl_80
Our Commitment to Ethical and Responsible Use of Animals in Research | AbbVie,Main Navigation,The main navigation menu with dropdowns and links to various sections.,M,1,"No LLM mapping run. Enable credentials for the block-mapping agent, or assign catalog blocks manually using query_aem_blocks_catalog / MCP list_blocks.",https://www.abbvie.com/who-we-are/our-principles/positions-views/our-commitment-to-ethical-and-responsible-use-of-animals-in-research.html,main_navigation,default,templateIds: tpl_80
Our Commitment to Ethical and Responsible Use of Animals in Research | AbbVie,Content Introduction,Introductory text and links providing an overview of the page content.,M,1,"No LLM mapping run. Enable credentials for the block-mapping agent, or assign catalog blocks manually using query_aem_blocks_catalog / MCP list_blocks.",https://www.abbvie.com/who-we-are/our-principles/positions-views/our-commitment-to-ethical-and-responsible-use-of-animals-in-research.html,content_intro,default,templateIds: tpl_80
Our Commitment to Ethical and Responsible Use of Animals in Research | AbbVie,Related Links,A list of related links for further exploration.,M,1,"No LLM mapping run. Enable credentials for the block-mapping agent, or assign catalog blocks manually using query_aem_blocks_catalog / MCP list_blocks.",https://www.abbvie.com/who-we-are/our-principles/positions-views/our-commitment-to-ethical-and-responsible-use-of-animals-in-research.html,related_links,default,templateIds: tpl_80
Our Commitment to Ethical and Responsible Use of Animals in Research | AbbVie,Featured Card,A card highlighting a specific story or feature.,M,1,"No LLM mapping run. Enable credentials for the block-mapping agent, or assign catalog blocks manually using query_aem_blocks_catalog / MCP list_blocks.",https://www.abbvie.com/who-we-are/our-principles/positions-views/our-commitment-to-ethical-and-responsible-use-of-animals-in-research.html,featured_card,default,templateIds: tpl_80
Our Commitment to Ethical and Responsible Use of Animals in Research | AbbVie,Footer,The footer section containing additional navigation and site information.,M,1,"No LLM mapping run. Enable credentials for the block-mapping agent, or assign catalog blocks manually using query_aem_blocks_catalog / MCP list_blocks.",https://www.abbvie.com/who-we-are/our-principles/positions-views/our-commitment-to-ethical-and-responsible-use-of-animals-in-research.html,footer,default,templateIds: tpl_80
Algeria | AbbVie,Global Utility Strip,Provides quick access links for users.,S,1,Minimal functionality and scope.,https://www.abbvie.com/contact-center/locations/algeria.html,global_utility_strip,Utility strip,May require accessibility review.
Algeria | AbbVie,Primary Navigation,Facilitates site-wide navigation.,C,1,Deep navigation hierarchy and dropdowns.,https://www.abbvie.com/contact-center/locations/algeria.html,primary_navigation,Main navigation,Ensure comprehensive accessibility compliance.
Algeria | AbbVie,Hero Section,Highlights key content with a visual emphasis.,M,1,Includes large visuals and dynamic text.,https://www.abbvie.com/contact-center/locations/algeria.html,hero_section,Hero banner,May include animations or interactive elements.
Algeria | AbbVie,Who We Are Section,Displays organizational information and values.,S,1,Simple text and link presentation.,https://www.abbvie.com/contact-center/locations/algeria.html,who_we_are_section,Informational section,Primarily static content.
Algeria | AbbVie,Science Section,Showcases scientific initiatives and content.,M,1,May include dynamic content or links.,https://www.abbvie.com/contact-center/locations/algeria.html,science_section,Informational section,Focus on science-related topics.
Algeria | AbbVie,Patients Section,Focuses on patient-centric information and resources.,M,1,Includes links and potentially interactive resources.,https://www.abbvie.com/contact-center/locations/algeria.html,patients_section,Informational section,May require additional accessibility features.
Algeria | AbbVie,Card Grid,Displays a grid layout for visual and textual content.,M,1,Interactive grid with multiple cards.,https://www.abbvie.com/contact-center/locations/algeria.html,card_grid,Grid layout,Ensure responsive design compatibility.
Supplier Resources | AbbVie,Global Utility Strip,"Provides quick access links for contact, subscription, and group sites.",S,1,Basic navigation links without complex interactivity.,https://www.abbvie.com/who-we-are/operating-with-integrity/responsible-supply-chain/supplier-resources.html,global_utility_strip,Utility strip,No direct match found in the AEM catalog.
Supplier Resources | AbbVie,Primary Navigation,Main site navigation including logo and menu.,M,1,Includes main navigation elements and logo positioning.,https://www.abbvie.com/who-we-are/operating-with-integrity/responsible-supply-chain/supplier-resources.html,primary_navigation,Main navigation,No direct match found in the AEM catalog.
Supplier Resources | AbbVie,Hero Section,Highlights the main theme or message of the page.,M,1,"Hero section with large image and heading, styled for emphasis.",https://www.abbvie.com/who-we-are/operating-with-integrity/responsible-supply-chain/supplier-resources.html,hero_section,Hero banner,Matched to 'Hero' in AEM catalog.
Supplier Resources | AbbVie,Card Grid Highlights,Displays key highlights or stories in a card format.,M,1,Responsive grid layout with styled cards.,https://www.abbvie.com/who-we-are/operating-with-integrity/responsible-supply-chain/supplier-resources.html,card_grid_highlights,Card grid,Matched to 'Cards' in AEM catalog.
Supplier Resources | AbbVie,Dashboard Facts,Showcases key facts or statistics in a dashboard style.,M,1,Dashboard layout with statistical data presentation.,https://www.abbvie.com/who-we-are/operating-with-integrity/responsible-supply-chain/supplier-resources.html,dashboard_facts,Dashboard statistics,No direct match found in the AEM catalog.
Internships | AbbVie,Global Utility Strip,Provides access to global utilities like contact and subscribe.,S,1,Simple utility strip with minimal interactivity.,https://www.abbvie.com/join-us/internships.html,global_utility_strip,Utility strip,No matching catalog entry found.
Internships | AbbVie,Primary Navigation,Main navigation menu for accessing site sections.,M,1,Moderate complexity due to navigation depth and accessibility requirements.,https://www.abbvie.com/join-us/internships.html,primary_navigation,Main navigation,No matching catalog entry found.
Croatia | AbbVie,Global Utility Strip,"Provides quick access to contact, subscription, and group site links.",S,1,Basic navigation strip with limited interactivity.,https://www.abbvie.com/contact-center/locations/croatia.html,global_utility_strip,Utility strip,This block does not match any catalog entry.
Croatia | AbbVie,Primary Navigation,Main site navigation with dropdown menus for exploring sections.,C,1,Complex navigation structure with dropdown menus and accessibility requirements.,https://www.abbvie.com/contact-center/locations/croatia.html,primary_navigation,Main navigation,This block does not match any catalog entry.
Croatia | AbbVie,Hero Section,Highlights the main theme or purpose of the page with visual emphasis.,M,1,Utilizes visual emphasis and styling for primary page focus.,https://www.abbvie.com/contact-center/locations/croatia.html,hero_section,Hero section,Matched to catalog entry 'Hero'.
Croatia | AbbVie,Content Introduction,Introduces the page content with a title and brief description.,S,1,Simple text-based introduction with minimal styling.,https://www.abbvie.com/contact-center/locations/croatia.html,content_intro,Introduction,This block does not match any catalog entry.
Croatia | AbbVie,Call-to-Action Buttons,Provides links to navigate to related sections or pages.,M,1,Interactive buttons with potential styling and click tracking.,https://www.abbvie.com/contact-center/locations/croatia.html,cta_buttons,Subscribe,This block does not match any catalog entry.
Croatia | AbbVie,Link List,Displays a list of links for further exploration.,S,1,Static list of links with basic styling.,https://www.abbvie.com/contact-center/locations/croatia.html,link_list,Cookie preferences,This block does not match any catalog entry.
Croatia | AbbVie,Card Grid,"Showcases content cards with images, titles, and descriptions.",M,1,Grid layout with images and descriptions requiring responsive design.,https://www.abbvie.com/contact-center/locations/croatia.html,card_grid,Grid display,This block does not match any catalog entry.
Jeffrey R. Stewart | AbbVie,Primary Navigation,Main navigation providing access to primary website sections.,M,1,Requires responsive design and accessibility considerations.,https://www.abbvie.com/who-we-are/our-leaders/jeffrey-stewart.html,primary_navigation,Main navigation,Ensure seamless integration with other navigation components.
Jeffrey R. Stewart | AbbVie,Hero Section,Prominent hero section with a large image and key information.,M,1,Involves design and layout customization.,https://www.abbvie.com/who-we-are/our-leaders/jeffrey-stewart.html,hero_section,Hero display,Ensure image optimization and responsive behavior.
Jeffrey R. Stewart | AbbVie,Content Introduction,Introduction text about AbbVie and its mission.,S,1,Simple text display with minor styling.,https://www.abbvie.com/who-we-are/our-leaders/jeffrey-stewart.html,content_intro,Text introduction,Focus on readability and concise presentation.
Jeffrey R. Stewart | AbbVie,Call to Action Buttons,Buttons for navigation to related pages or sections.,M,1,Requires interactive elements and accessibility compliance.,https://www.abbvie.com/who-we-are/our-leaders/jeffrey-stewart.html,cta_buttons,Navigation buttons,Include hover and focus states for accessibility.
Jeffrey R. Stewart | AbbVie,Link List,List of links for easy access to related topics.,S,1,Simple list structure with minor styling.,https://www.abbvie.com/who-we-are/our-leaders/jeffrey-stewart.html,link_list,Link grouping,Ensure link descriptions are clear and informative.
Jeffrey R. Stewart | AbbVie,Profile Card,Card highlighting a profile with image and description.,M,1,Involves layout and responsive design.,https://www.abbvie.com/who-we-are/our-leaders/jeffrey-stewart.html,profile_card,Profile display,Ensure proper alignment and visual hierarchy.
Jeffrey R. Stewart | AbbVie,Data Highlight,Section showcasing key statistics or achievements.,M,1,Requires dynamic data integration and visual representation.,https://www.abbvie.com/who-we-are/our-leaders/jeffrey-stewart.html,data_highlight,Statistical showcase,Focus on graphical representation for clarity.
Breaking the rules of science to treat cancer | AbbVie,Global Utility Strip,"Provides quick access to contact information, subscription options, and links to group sites.",S,1,Simple layout and functionality without advanced interactivity.,https://www.abbvie.com/who-we-are/our-stories/breaking-the-rules-of-science-to-treat-cancer.html,global_utility_strip,Utility strip,No matching block type found in the AEM catalog.
Breaking the rules of science to treat cancer | AbbVie,Primary Navigation,Main navigation menu for accessing different sections of the site.,M,1,Includes hierarchical navigation and potential accessibility considerations.,https://www.abbvie.com/who-we-are/our-stories/breaking-the-rules-of-science-to-treat-cancer.html,primary_navigation,Main navigation,No matching block type found in the AEM catalog.
Breaking the rules of science to treat cancer | AbbVie,Hero Section,Prominent section highlighting the main theme or story of the page.,M,1,Requires integration of large visuals and responsive design.,https://www.abbvie.com/who-we-are/our-stories/breaking-the-rules-of-science-to-treat-cancer.html,hero_section,Hero layout,Mapped to 'Hero' block from the AEM catalog.
Breaking the rules of science to treat cancer | AbbVie,Card Grid Section,Displays a grid of cards with images and text for various stories or features.,M,1,Involves dynamic content layout and responsive grid styling.,https://www.abbvie.com/who-we-are/our-stories/breaking-the-rules-of-science-to-treat-cancer.html,card_grid_section,Card grid,Mapped to 'Cards' block from the AEM catalog.
Lebanon | AbbVie,Global Utility Strip,"Provides quick access to contact, subscription, and group site links.",S,1,Basic functionality with minimal interactivity.,https://www.abbvie.com/contact-center/locations/lebanon.html,global_utility_strip,Utility strip,No direct match in catalog.
Lebanon | AbbVie,Primary Navigation,Main site navigation with links to key sections.,M,1,Navigation requires responsive design and accessibility compliance.,https://www.abbvie.com/contact-center/locations/lebanon.html,primary_navigation,Main navigation,No direct match in catalog.
Lebanon | AbbVie,Hero Section,Large visual section at the top of the page showcasing the main theme or message.,M,1,Includes visual design and integration with page theme.,https://www.abbvie.com/contact-center/locations/lebanon.html,hero_section,Hero banner,Matched to 'Hero' in catalog.
Lebanon | AbbVie,Call-to-Action Grid,Grid layout with multiple CTAs for user engagement.,M,1,Interactive elements with potential dynamic behavior.,https://www.abbvie.com/contact-center/locations/lebanon.html,cta_grid,Subscribe or action grid,No direct match in catalog.
Lebanon | AbbVie,Card Grid,Displays content in a card format with images and text.,M,1,Responsive design and potential dynamic data loading.,https://www.abbvie.com/contact-center/locations/lebanon.html,card_grid,Card layout,Matched to 'Cards' in catalog.
Lithuania | AbbVie,Global Utility Strip,"Provides quick access to contact, subscription, and group site links.",S,1,Simple functionality with low implementation complexity.,https://www.abbvie.com/contact-center/locations/lithuania.html,global_utility_strip,Utility strip,No matching catalog entry.
Lithuania | AbbVie,Primary Navigation,Main site navigation with dropdown menus for exploring site sections.,C,1,Complex dropdown navigation with accessibility considerations.,https://www.abbvie.com/contact-center/locations/lithuania.html,primary_navigation,Main navigation,No matching catalog entry.
Lithuania | AbbVie,Hero Section,Highlights the main focus or theme of the page with a large image and heading.,M,1,Moderate complexity due to visual prominence and potential dynamic content.,https://www.abbvie.com/contact-center/locations/lithuania.html,hero_section,Hero,No matching catalog entry.
Lithuania | AbbVie,Content Section: Who We Are,Provides information about the organization and its principles.,S,1,Simple content presentation.,https://www.abbvie.com/contact-center/locations/lithuania.html,content_section_who_we_are,Content,No matching catalog entry.
Lithuania | AbbVie,Content Section: Science,Details the organization's scientific efforts and innovations.,S,1,Simple content presentation.,https://www.abbvie.com/contact-center/locations/lithuania.html,content_section_science,Content,No matching catalog entry.
Lithuania | AbbVie,Content Section: Patients,Focuses on patient support and related services.,S,1,Simple content presentation.,https://www.abbvie.com/contact-center/locations/lithuania.html,content_section_patients,Content,No matching catalog entry.
Lithuania | AbbVie,Footer Navigation,Provides links to important site sections and legal information.,M,1,Moderate complexity due to multiple links and potential dynamic updates.,https://www.abbvie.com/contact-center/locations/lithuania.html,footer_navigation,Footer navigation,No matching catalog entry.
Nicole Mowad-Nassar | AbbVie,Global Navigation,Primary navigation menu including links to main site sections.,M,1,Moderate complexity due to navigation structure and potential accessibility requirements.,https://www.abbvie.com/who-we-are/our-leaders/nicole-mowad-nassar.html,global_navigation,Main navigation,No exact match found in AEM catalog.
Nicole Mowad-Nassar | AbbVie,Hero Section,Prominent introduction area with a large image and key information.,M,1,Moderate complexity due to visual prominence and styling requirements.,https://www.abbvie.com/who-we-are/our-leaders/nicole-mowad-nassar.html,hero_section,Hero layout,Matched to AEM Hero block with CSS and JS assets available.
Nicole Mowad-Nassar | AbbVie,Main Content,Main content area containing detailed information and resources.,M,1,Moderate complexity due to content density and layout requirements.,https://www.abbvie.com/who-we-are/our-leaders/nicole-mowad-nassar.html,main_content,Content grid,No exact match found in AEM catalog.
Disaster Relief | AbbVie,Global Utility Strip,"Provides quick access to contact, subscription, and group site links.",S,1,Simple utility navigation with basic links.,https://www.abbvie.com/sustainability/disaster-relief.html,global_utility_strip,Utility strip,No exact match found in the AEM blocks catalog.
Disaster Relief | AbbVie,Primary Navigation,Main site navigation including logo and menu.,C,1,Primary navigation often involves complex menu structures and accessibility considerations.,https://www.abbvie.com/sustainability/disaster-relief.html,primary_navigation,Main navigation,No exact match found in the AEM blocks catalog.
Estonia | AbbVie,Global Utility Strip,Provides global navigation links like contact and subscribe.,M,1,Requires integration of multiple global links and accessibility considerations.,https://www.abbvie.com/contact-center/locations/estonia.html,global_utility_strip,Utility strip,Ensure alignment with global styles and accessibility standards.
Estonia | AbbVie,Primary Navigation,Serves as the main navigation bar with dropdown menus.,C,1,Includes dropdown menus and potential deep linking.,https://www.abbvie.com/contact-center/locations/estonia.html,primary_navigation,Main navigation,Focus on responsive design and deep linking support.
Estonia | AbbVie,Hero Section,Features a large image and heading for introductory purposes.,M,1,Requires precise CSS and JS for layout and interactivity.,https://www.abbvie.com/contact-center/locations/estonia.html,hero_section,Hero,Ensure compatibility with various screen sizes and devices.
Estonia | AbbVie,Who We Are Section,Highlights 'Who We Are' content with text and links.,M,1,Includes multiple content elements and links.,https://www.abbvie.com/contact-center/locations/estonia.html,who_we_are_section,Content highlight,Ensure content hierarchy and accessibility compliance.
Estonia | AbbVie,Science Section,Showcases science-related content and links.,M,1,Requires integration of media and links.,https://www.abbvie.com/contact-center/locations/estonia.html,science_section,Content showcase,Focus on content alignment and visual hierarchy.
Estonia | AbbVie,Patients Section,Focuses on patient-related information and resources.,M,1,Includes detailed content and resource links.,https://www.abbvie.com/contact-center/locations/estonia.html,patients_section,Patient resources,Ensure clarity of information and ease of navigation.
Student programs | AbbVie,Utility Strip,Provides quick access to essential links and information.,S,1,Simple navigation block with limited interactions.,https://www.abbvie.com/join-us/student-programs.html,global_utility_strip,Utility strip,No matching catalog entry found.
Student programs | AbbVie,Primary Navigation,Main navigation menu for site-wide navigation.,C,1,Deep navigation structure with potential for accessibility enhancements.,https://www.abbvie.com/join-us/student-programs.html,primary_navigation,Main navigation,No matching catalog entry found.
Student programs | AbbVie,Prose Content Columns,Text-based content organized in columns.,M,1,Moderate complexity due to styling and responsive design requirements.,https://www.abbvie.com/join-us/student-programs.html,prose_columns,Text columns,No matching catalog entry found.
Student programs | AbbVie,Back to Top Button,Facilitates quick navigation to the top of the page.,S,1,Simple functionality with minimal user interaction.,https://www.abbvie.com/join-us/student-programs.html,back_to_top,Button,No matching catalog entry found.
An Innovative Approach to Improve Maternal Health | AbbVie,Global Navigation,"Provides the primary navigation structure for the site, including main menu items and submenus.",C,1,Includes deep navigation hierarchy and accessibility considerations.,https://www.abbvie.com/who-we-are/our-stories/an-innovative-approach-to-improve-maternal-health.html,global_navigation,Main Navigation,No direct match found in AEM catalog.
An Innovative Approach to Improve Maternal Health | AbbVie,Hero Section,Highlights the main story or focus of the page with a large image and introductory text.,M,1,Requires responsive design and integration of large visual elements.,https://www.abbvie.com/who-we-are/our-stories/an-innovative-approach-to-improve-maternal-health.html,hero_section,Hero Banner,Matched to 'Hero' in AEM catalog.
An Innovative Approach to Improve Maternal Health | AbbVie,Story Cards,Displays featured stories or articles in a card format with images and brief descriptions.,M,1,Involves grid layout and responsive design for dynamic content presentation.,https://www.abbvie.com/who-we-are/our-stories/an-innovative-approach-to-improve-maternal-health.html,story_cards,Content Cards,Matched to 'Cards' in AEM catalog.
An Innovative Approach to Improve Maternal Health | AbbVie,Footer,"Contains site-wide links, copyright information, and additional navigation options.",S,1,Simple fragment rendering for footer content.,https://www.abbvie.com/who-we-are/our-stories/an-innovative-approach-to-improve-maternal-health.html,footer,Footer,Matched to 'Footer' in AEM catalog.
Bosnia &amp; Herzegovina | AbbVie,Site Navigation Header,Provides the site's branding and navigation functionalities.,M,1,"Includes navigation and branding, requiring integration with dynamic menu systems and accessibility compliance.",https://www.abbvie.com/contact-center/locations/bosnia-and-herzegovina.html,global_header,Primary Navigation,Mapped to 'Header' block from the AEM catalog.
Bosnia &amp; Herzegovina | AbbVie,Hero Banner,Highlights the primary message or focus of the page with visually prominent elements.,M,1,Requires integration of image and text components with responsive design.,https://www.abbvie.com/contact-center/locations/bosnia-and-herzegovina.html,hero_section,Large Image Display,Mapped to 'Hero' block from the AEM catalog.
Bosnia &amp; Herzegovina | AbbVie,Who We Are Section,Displays organizational principles and values.,S,1,Simple informational text and layout.,https://www.abbvie.com/contact-center/locations/bosnia-and-herzegovina.html,who_we_are_section,Informational Content,No exact match found in the AEM catalog.
Bosnia &amp; Herzegovina | AbbVie,Science Section,Showcases scientific endeavors and innovations.,S,1,Focus on static content presentation.,https://www.abbvie.com/contact-center/locations/bosnia-and-herzegovina.html,science_section,Informational Content,No exact match found in the AEM catalog.
Bosnia &amp; Herzegovina | AbbVie,Patients Section,Provides patient support and related resources.,S,1,Static content with potential for simple interactivity.,https://www.abbvie.com/contact-center/locations/bosnia-and-herzegovina.html,patients_section,Supportive Content,No exact match found in the AEM catalog.
Allergan HCP/HCP disclosure outside of the US | AbbVie,Global Utility Strip,"Provides quick access to contact information, subscriptions, and related sites.",S,1,Simple utility strip with minimal interactivity.,https://www.abbvie.com/who-we-are/operating-with-integrity/transparency-in-payment/allergan-ous-disclosures.html,global_utility_strip,Utility strip,No matching catalog entry found.
Allergan HCP/HCP disclosure outside of the US | AbbVie,Primary Navigation,Main navigation bar with branding and site-wide links.,M,1,Moderate complexity due to potential deep navigation hierarchy.,https://www.abbvie.com/who-we-are/operating-with-integrity/transparency-in-payment/allergan-ous-disclosures.html,primary_navigation,Main navigation,No matching catalog entry found.
Serbia | AbbVie,Global Header,Displays site-wide branding and navigation elements.,M,1,"Includes navigation, branding, and accessibility considerations.",https://www.abbvie.com/contact-center/locations/serbia.html,global_header,Utility strip,Mapped to the 'Header' block in AEM catalog.
Serbia | AbbVie,Hero Section,Highlights the main focus or message of the page.,M,1,Requires responsive design and dynamic content handling.,https://www.abbvie.com/contact-center/locations/serbia.html,hero_section,Main banner,Mapped to the 'Hero' block in AEM catalog.
Serbia | AbbVie,Primary Navigation,Provides links to main sections of the website.,M,1,Involves deep navigation structure and accessibility.,https://www.abbvie.com/contact-center/locations/serbia.html,primary_navigation,Main navigation,No exact match found in AEM catalog.
Serbia | AbbVie,Content Section 1,Contains information about 'Who We Are' with links and descriptions.,S,1,Simple informational content.,https://www.abbvie.com/contact-center/locations/serbia.html,content_section_1,Static content,No exact match found in AEM catalog.
Serbia | AbbVie,Content Section 2,Contains information about 'Science' with links and descriptions.,S,1,Simple informational content.,https://www.abbvie.com/contact-center/locations/serbia.html,content_section_2,Static content,No exact match found in AEM catalog.
Serbia | AbbVie,Content Section 3,Contains information about 'Patients' with links and descriptions.,S,1,Simple informational content.,https://www.abbvie.com/contact-center/locations/serbia.html,content_section_3,Static content,No exact match found in AEM catalog.
"Roopal Thakkar, M.D. | AbbVie",Site Header,Provides navigation and branding elements for the site.,M,1,"Includes navigation, logo, and utility links requiring responsive design.",https://www.abbvie.com/who-we-are/our-leaders/roopal-thakkar.html,global_header,Utility strip and primary navigation,Matches 'Header' block from catalog.
"Roopal Thakkar, M.D. | AbbVie",Hero Banner,Displays a prominent hero image and introductory content.,M,1,Involves image positioning and large-scale styling.,https://www.abbvie.com/who-we-are/our-leaders/roopal-thakkar.html,hero_section,Hero image with text overlay,Mapped to 'Hero' block in catalog.
"Roopal Thakkar, M.D. | AbbVie",Main Navigation,Provides dropdown menus for site navigation.,M,1,Requires accessibility and dropdown menu functionality.,https://www.abbvie.com/who-we-are/our-leaders/roopal-thakkar.html,main_navigation,Primary navigation with dropdowns,No direct match found in catalog.
"Roopal Thakkar, M.D. | AbbVie",Content Introduction,Introduces primary page content with a title and description.,S,1,Simple styling and text layout.,https://www.abbvie.com/who-we-are/our-leaders/roopal-thakkar.html,content_intro,Introductory text,No direct match found in catalog.
"Roopal Thakkar, M.D. | AbbVie",Content Cards,Displays content in card format with images and text.,M,1,Includes responsive grid layout and styling.,https://www.abbvie.com/who-we-are/our-leaders/roopal-thakkar.html,content_cards,Card layout for content previews,Mapped to 'Cards' block in catalog.
Physician &amp; other payments FAQs | AbbVie,Utility Strip,"Provides quick access to contact, subscription, and group site links.",S,1,Simple utility navigation with limited scope.,https://www.abbvie.com/who-we-are/operating-with-integrity/transparency-in-payment/frequently-asked-questions-physician-and-other-payments.html,global_utility_strip,Utility strip,No matching catalog entry.
Physician &amp; other payments FAQs | AbbVie,Primary Navigation,Main site navigation with dropdown menus for exploring site sections.,C,1,Deep navigation structure with dropdowns and accessibility considerations.,https://www.abbvie.com/who-we-are/operating-with-integrity/transparency-in-payment/frequently-asked-questions-physician-and-other-payments.html,primary_navigation,Main navigation,No matching catalog entry.
Well-Being in the Workplace | AbbVie,Global Utility Strip,"Provides quick access to global utilities such as contact, subscribe, and group sites.",M,1,Moderate complexity due to the need for global utility functions and accessibility compliance.,https://www.abbvie.com/join-us/life-at-abbvie/well-being-in-the-workplace.html,global_utility_strip,Utility strip,Ensure alignment with global accessibility and usability standards.
Well-Being in the Workplace | AbbVie,Primary Navigation,Main site navigation including branding and mega-navigation.,C,1,High complexity due to deep navigation structure and potential mega-menu implementation.,https://www.abbvie.com/join-us/life-at-abbvie/well-being-in-the-workplace.html,primary_navigation,Main navigation,Focus on responsive design and accessibility standards for navigation.
Timothy J. Richmond | AbbVie,Global Header,Provides primary navigation and branding for the page.,M,1,Includes navigation and branding elements that require accessibility and responsive design.,https://www.abbvie.com/who-we-are/our-leaders/timothy-richmond.html,global_header,Main navigation,This block's exact match was not found in the AEM catalog.
Timothy J. Richmond | AbbVie,Footer,Displays footer content with navigation links and legal information.,S,1,Relatively simple implementation with styling and content fetched as fragments.,https://www.abbvie.com/who-we-are/our-leaders/timothy-richmond.html,footer,Footer navigation,Matched with the AEM catalog entry for Footer block.
Resources | AbbVie,Global Utility Strip,"Provides quick access to contact, subscription, and related group sites.",S,1,Minimal functionality and design complexity.,https://www.abbvie.com/sustainability/environmental-social-and-governance/resources.html,global_utility_strip,Utility strip,No direct match found in the AEM catalog.
Resources | AbbVie,Primary Navigation,Main navigation menu for site sections and subsections.,M,1,Involves hierarchical navigation and accessibility considerations.,https://www.abbvie.com/sustainability/environmental-social-and-governance/resources.html,primary_navigation,Main navigation,No direct match found in the AEM catalog.
Resources | AbbVie,Hero Section,Highlights the main focus or message of the page.,M,1,"Incorporates large visuals and prominent text, requiring accessibility adjustments.",https://www.abbvie.com/sustainability/environmental-social-and-governance/resources.html,hero_section,Hero banner,Matched to catalog entry 'Hero'.
Resources | AbbVie,Content Cards Grid,Displays a grid of content cards with images and descriptions.,M,1,Requires responsive layout and dynamic content handling.,https://www.abbvie.com/sustainability/environmental-social-and-governance/resources.html,content_cards_grid,Card grid,Matched to catalog entry 'Cards'.
Alberto Colzi | AbbVie,Global Header,Implements the website's header including navigation and logo.,M,1,Involves navigation and branding elements requiring accessibility considerations.,https://www.abbvie.com/who-we-are/our-leaders/alberto-colzi.html,global_header,Primary navigation,Includes dynamic content loading for header elements.
Alberto Colzi | AbbVie,Hero Section,Displays a prominent hero section with a headline and background image.,M,1,Requires responsive design and dynamic content management.,https://www.abbvie.com/who-we-are/our-leaders/alberto-colzi.html,hero_section,Hero banner,Utilizes CSS for layout and visual prominence.
Alberto Colzi | AbbVie,Main Navigation,Provides navigation links to major sections of the site.,S,1,Straightforward navigation structure.,https://www.abbvie.com/who-we-are/our-leaders/alberto-colzi.html,main_navigation,Site navigation,Could potentially be mapped to a catalog if further details are provided.
Alberto Colzi | AbbVie,Footer,Displays the footer with additional navigation and site information.,S,1,Basic footer structure and styling.,https://www.abbvie.com/who-we-are/our-leaders/alberto-colzi.html,footer,Footer navigation,Includes links and contact information.
Accessibility Statement | AbbVie,Global Header,Provides the site's branding and primary navigation.,M,1,"Includes branding, navigation, and accessibility considerations.",https://www.abbvie.com/accessibility-statement.html,global_header,Utility strip,Ensure accessibility compliance and responsive design.
Accessibility Statement | AbbVie,Main Navigation,"Primary navigation for the site, possibly with dropdown menus.",C,1,Deep navigation with dropdowns requires extensive accessibility and usability testing.,https://www.abbvie.com/accessibility-statement.html,main_navigation,Main navigation,Focus on keyboard navigation and screen reader compatibility.
Accessibility Statement | AbbVie,Hero Section,Highlights key content or features at the top of the page.,M,1,Involves visual design and potential dynamic content.,https://www.abbvie.com/accessibility-statement.html,hero_section,Hero banner,Ensure the content is visually engaging and accessible.
Accessibility Statement | AbbVie,Content Grid,"Displays information in a structured grid layout, often with cards.",M,1,Requires responsive design and accessibility for grid structure.,https://www.abbvie.com/accessibility-statement.html,content_grid,Card grid,Ensure proper focus management and visual hierarchy.
Saudi Arabia | AbbVie,Primary Navigation,Main navigation menu including site sections and dropdowns.,C,1,Deep navigation structure with dropdowns requiring accessibility compliance.,https://www.abbvie.com/contact-center/locations/saudi-arabia.html,primary_navigation,Main navigation,No direct match found in the AEM catalog.
Saudi Arabia | AbbVie,Hero Section,Prominent hero area with a large image and introductory content.,M,1,Hero block with image and text requires responsive design and styling.,https://www.abbvie.com/contact-center/locations/saudi-arabia.html,hero_section,Prominent hero area,Mapped to 'Hero' block from AEM catalog.
Saudi Arabia | AbbVie,Content Columns,Main content area divided into columns for structured information.,M,1,Multi-column layout with structured content requires additional styling.,https://www.abbvie.com/contact-center/locations/saudi-arabia.html,content_columns,Column layout,No direct match found in the AEM catalog.
Saudi Arabia | AbbVie,Card Grid,Displays a grid of cards with images and descriptions.,M,1,Card layouts with images and text require grid-based responsive styling.,https://www.abbvie.com/contact-center/locations/saudi-arabia.html,card_grid,Grid of cards,Mapped to 'Cards' block from AEM catalog.
Saudi Arabia | AbbVie,Footer,Footer area with additional navigation and site information.,M,1,Footer requires integration with navigation and fragment-based content.,https://www.abbvie.com/contact-center/locations/saudi-arabia.html,footer,Footer navigation,Mapped to 'Footer' block from AEM catalog.
Perry C. Siatis | AbbVie,Global Utility Strip,Provides links and options for global navigation and utilities.,S,1,Minimal navigation links and options.,https://www.abbvie.com/who-we-are/our-leaders/perry-siatis.html,global_utility_strip,Utility strip,No matching block found in AEM catalog.
Perry C. Siatis | AbbVie,Primary Navigation,Serves as the main navigation for site sections and subsections.,M,1,Includes hierarchical navigation and potential dropdowns.,https://www.abbvie.com/who-we-are/our-leaders/perry-siatis.html,primary_navigation,Main navigation,No matching block found in AEM catalog.
Perry C. Siatis | AbbVie,Footer Section,Displays the site footer with additional navigation and information.,M,1,Footer with fragment fetching and styling.,https://www.abbvie.com/who-we-are/our-leaders/perry-siatis.html,footer_section,Footer,Matched with 'Footer' from AEM catalog.
Impact through Inclusion | AbbVie,Global Utility Strip,"Provides contact, subscription, and group site links.",S,1,Simple structure with limited accessibility requirements.,https://www.abbvie.com/who-we-are/our-principles/equity-equality-inclusion-diversity/impact-through-inclusion.html,global_utility_strip,Utility strip,No exact match found in AEM catalog.
Impact through Inclusion | AbbVie,Primary Navigation,Includes main navigation and branding elements.,M,1,Main navigation requires accessibility and responsive design.,https://www.abbvie.com/who-we-are/our-principles/equity-equality-inclusion-diversity/impact-through-inclusion.html,primary_navigation,Primary navigation,No exact match found in AEM catalog.
Impact through Inclusion | AbbVie,Hero Section,Displays hero image and introductory content.,M,1,Requires image optimization and responsive design.,https://www.abbvie.com/who-we-are/our-principles/equity-equality-inclusion-diversity/impact-through-inclusion.html,hero_section,Hero section,Matched to 'Hero' in AEM catalog.
Impact through Inclusion | AbbVie,Main Content Area,Holds primary content including cards and text.,M,1,Potentially complex layout with multiple content types.,https://www.abbvie.com/who-we-are/our-principles/equity-equality-inclusion-diversity/impact-through-inclusion.html,main_content,Content area,No exact match found in AEM catalog.
Impact through Inclusion | AbbVie,Footer Section,Contains footer links and site navigation.,S,1,Simple footer layout with basic links.,https://www.abbvie.com/who-we-are/our-principles/equity-equality-inclusion-diversity/impact-through-inclusion.html,footer,Footer,Matched to 'Footer' in AEM catalog.
Slovenia | AbbVie,Global Utility Strip,"Provides quick access to contact, subscription, and group site links.",S,1,Simple static links without dynamic functionality.,https://www.abbvie.com/contact-center/locations/slovenia.html,global_utility_strip,Utility strip,No direct match in AEM catalog.
Slovenia | AbbVie,Primary Navigation,Main site navigation with dropdown menus for exploring sections.,C,1,Complex navigation structure with dropdowns and potential accessibility requirements.,https://www.abbvie.com/contact-center/locations/slovenia.html,primary_navigation,Main navigation,No direct match in AEM catalog.
Slovenia | AbbVie,Hero Section,Highlights the main message or image for the page.,M,1,Involves styling and dynamic content presentation.,https://www.abbvie.com/contact-center/locations/slovenia.html,hero_section,Hero banner,Matched to 'Hero' in AEM catalog.
Slovenia | AbbVie,Content Cards,Displays key content summaries in a card layout.,M,1,Requires grid layout and responsive design.,https://www.abbvie.com/contact-center/locations/slovenia.html,content_cards,Card layout,Matched to 'Cards' in AEM catalog.
Tunisia | AbbVie,Utility Bar,Provides global utility links above primary navigation.,S,1,Simple layout with limited interactivity.,https://www.abbvie.com/contact-center/locations/tunisia.html,header_utility_strip,Utility strip,Matches 'Header' block in catalog.
Tunisia | AbbVie,Primary Navigation,Facilitates site navigation with branding and primary IA.,M,1,Includes navigation patterns like mega-menu.,https://www.abbvie.com/contact-center/locations/tunisia.html,header_primary_navigation,Main navigation,Matches 'Header' block in catalog.
Tunisia | AbbVie,Site Search,Implements a search feature within the site header.,M,1,Interactive search with results display.,https://www.abbvie.com/contact-center/locations/tunisia.html,site_search,Search functionality,Matches 'Search' block in catalog.
Tunisia | AbbVie,Cookie Preferences,Manages cookie consent and preferences.,M,1,Client-side injection and preference management.,https://www.abbvie.com/contact-center/locations/tunisia.html,cookie_preferences_entry,Cookie preferences,No direct match in catalog.
Romania | AbbVie,Global Utility Strip,"Provides quick access to contact, subscription, and group site links.",S,1,Simple utility navigation bar with minimal interactive elements.,https://www.abbvie.com/contact-center/locations/romania.html,global_utility_strip,Utility strip,No matching block found in the AEM catalog.
Romania | AbbVie,Primary Navigation,Main site navigation with dropdown menus for sections.,M,1,Interactive dropdown menus require moderate implementation effort.,https://www.abbvie.com/contact-center/locations/romania.html,primary_navigation,Main navigation,No matching block found in the AEM catalog.
Romania | AbbVie,Hero Section,Prominent section with a large image and introductory text.,M,1,"Includes positioning and styling capabilities, requiring a moderate scope.",https://www.abbvie.com/contact-center/locations/romania.html,hero_section,Hero,Mapped to the 'Hero' block in the AEM catalog.
Romania | AbbVie,Content Grid,Displays a grid of content cards and information.,M,1,Grid layout demands responsive design and styling.,https://www.abbvie.com/contact-center/locations/romania.html,content_grid,Content grid,No matching block found in the AEM catalog.
"Azita Saleki-Gerhardt, Ph.D. | AbbVie",Global Header,"Serves as the primary header, including navigation and branding.",M,1,Includes navigation and branding elements requiring responsive design.,https://www.abbvie.com/who-we-are/our-leaders/azita-saleki-gerhardt.html,global_header,Global Header,Mapped to catalog entry 'Header'.
"Azita Saleki-Gerhardt, Ph.D. | AbbVie",Hero Section,Displays a prominent hero image and introductory text.,M,1,Hero sections often involve large images and text requiring accessibility considerations.,https://www.abbvie.com/who-we-are/our-leaders/azita-saleki-gerhardt.html,hero_section,Hero Section,Mapped to catalog entry 'Hero'.
"Azita Saleki-Gerhardt, Ph.D. | AbbVie",Primary Navigation,Provides main navigation links for the site.,M,1,Requires responsive design and accessibility for navigation links.,https://www.abbvie.com/who-we-are/our-leaders/azita-saleki-gerhardt.html,primary_navigation,Primary Navigation,No exact match found in the catalog.
"Azita Saleki-Gerhardt, Ph.D. | AbbVie",Main Content,"Holds the main content of the page, including text and images.",M,1,Includes diverse content elements requiring styling and layout.,https://www.abbvie.com/who-we-are/our-leaders/azita-saleki-gerhardt.html,main_content,Main Content,No exact match found in the catalog.
South Africa and Sub-Saharan Africa | AbbVie,Primary Navigation,Main site navigation with links to primary sections.,M,1,Includes deep navigation with potential accessibility considerations.,https://www.abbvie.com/contact-center/locations/south-africa-and-sub-saharan-africa.html,primary_navigation,Main navigation,No exact match found in the AEM catalog.
South Africa and Sub-Saharan Africa | AbbVie,Hero Section,Prominent section highlighting key content or messaging.,M,1,Requires styling and scripting for visual prominence.,https://www.abbvie.com/contact-center/locations/south-africa-and-sub-saharan-africa.html,hero_section,Hero image and heading,Mapped to the 'Hero' block in the AEM catalog.
South Africa and Sub-Saharan Africa | AbbVie,Content Introduction,Introductory text providing an overview of the page content.,S,1,Simple text introduction with minimal functionality.,https://www.abbvie.com/contact-center/locations/south-africa-and-sub-saharan-africa.html,content_intro,Text overview,No exact match found in the AEM catalog.
South Africa and Sub-Saharan Africa | AbbVie,Call-to-Action Buttons,Buttons guiding users to further actions or pages.,M,1,Includes interactive elements requiring scripting.,https://www.abbvie.com/contact-center/locations/south-africa-and-sub-saharan-africa.html,cta_buttons,Buttons for actions,No exact match found in the AEM catalog.
South Africa and Sub-Saharan Africa | AbbVie,Card Grid,Displays a grid of cards with images and text for featured content.,M,1,Involves grid layout and responsive design.,https://www.abbvie.com/contact-center/locations/south-africa-and-sub-saharan-africa.html,card_grid,Content cards,Mapped to the 'Cards' block in the AEM catalog.
South Africa and Sub-Saharan Africa | AbbVie,Back to Top Button,Button to quickly navigate back to the top of the page.,S,1,Simple button functionality.,https://www.abbvie.com/contact-center/locations/south-africa-and-sub-saharan-africa.html,back_to_top,Scroll-to-top,No exact match found in the AEM catalog.
Latvia | AbbVie,Global Utility Bar,"Provides quick access to contact, subscription, and group site links.",S,1,Limited functionality and design scope.,https://www.abbvie.com/contact-center/locations/latvia.html,global_utility_strip,Utility strip,No direct mapping found in AEM catalog.
Latvia | AbbVie,Primary Navigation,Main site navigation with dropdown menus for exploring site sections.,C,1,Complex navigation structure with dropdowns.,https://www.abbvie.com/contact-center/locations/latvia.html,primary_navigation,Main navigation,No direct mapping found in AEM catalog.
Latvia | AbbVie,Hero Section,Highlights the main theme or focus of the page with a large image and heading.,M,1,Moderate design complexity with large visuals.,https://www.abbvie.com/contact-center/locations/latvia.html,hero_section,Hero banner,No direct mapping found in AEM catalog.
Latvia | AbbVie,Content Call-to-Actions,Features call-to-action buttons and links for key sections.,S,1,Simple functionality with limited scope.,https://www.abbvie.com/contact-center/locations/latvia.html,main_content_ctas,Subscribe/CTA,No direct mapping found in AEM catalog.
Latvia | AbbVie,Grid of Cards,Displays a grid of cards with images and text for featured content.,M,1,Moderate complexity due to card layout and responsive design.,https://www.abbvie.com/contact-center/locations/latvia.html,card_grid,Card grid,No direct mapping found in AEM catalog.
Scott T. Reents | AbbVie,Primary Navigation,Provides site-wide navigation links.,M,1,Includes responsive design and accessibility features.,https://www.abbvie.com/who-we-are/our-leaders/scott-reents.html,primary_navigation,Main navigation,Common across all pages for uniform navigation.
Scott T. Reents | AbbVie,Hero Section,Displays a prominent image and introductory text.,M,1,Requires careful design for visual impact and responsiveness.,https://www.abbvie.com/who-we-are/our-leaders/scott-reents.html,hero_section,Hero with image and text,Usually includes a call-to-action or key message.
Scott T. Reents | AbbVie,Content Section,Displays the main content related to the page topic.,S,1,Simple text and links structure.,https://www.abbvie.com/who-we-are/our-leaders/scott-reents.html,content_section,Text content,May include inline links or subheaders.
Scott T. Reents | AbbVie,Card Grid,Showcases related articles or features in a grid layout.,M,1,Requires responsive design for cards and grid.,https://www.abbvie.com/who-we-are/our-leaders/scott-reents.html,card_grid,Grid of cards,Supports multimedia content within cards.
AbbVie Foundation | AbbVie,Global Utility Strip,"Provides quick access to contact, subscription, and group site links.",S,1,Simple navigation links without complex interactions.,https://www.abbvie.com/sustainability/abbvie-foundation.html,global_utility_strip,Utility strip,No matching catalog entry found.
AbbVie Foundation | AbbVie,Primary Navigation,Main site navigation with dropdown menus for exploring site sections.,M,1,Dropdown menus require medium complexity for accessibility and functionality.,https://www.abbvie.com/sustainability/abbvie-foundation.html,primary_navigation,Main navigation,No matching catalog entry found.
AbbVie Foundation | AbbVie,Hero Section,Prominent visual and textual introduction to the page content.,M,1,CSS and JS integration for hero styling and behavior.,https://www.abbvie.com/sustainability/abbvie-foundation.html,hero_section,Hero section,Mapped to 'Hero' block in the catalog.
AbbVie Foundation | AbbVie,Main Content,"Primary content area with articles, links, and interactive elements.",M,1,Interactive elements may require medium complexity.,https://www.abbvie.com/sustainability/abbvie-foundation.html,main_content,Content area,No matching catalog entry found.
United Arab Emirates | AbbVie,Global Utility Strip,"Provides quick access to contact, subscription, and group site links.",S,1,Simple navigation links with limited interactivity.,https://www.abbvie.com/contact-center/locations/united-arab-emirates.html,global_utility_strip,Utility strip,No matching AEM catalog entry was found.
United Arab Emirates | AbbVie,Primary Navigation,Main site navigation with dropdown menus for exploring content.,C,1,Dropdown menus and deep navigation structure increase complexity.,https://www.abbvie.com/contact-center/locations/united-arab-emirates.html,primary_navigation,Main navigation,No matching AEM catalog entry was found.
United Arab Emirates | AbbVie,Content Section,Displays the main content of the page including text and images.,M,1,Moderate complexity due to dynamic content and potential image rendering.,https://www.abbvie.com/contact-center/locations/united-arab-emirates.html,content_section,Content display,No matching AEM catalog entry was found.
United Arab Emirates | AbbVie,Card Grid,"Presents a grid of cards with images, titles, and descriptions.",M,1,Grid layout with responsive design and image handling.,https://www.abbvie.com/contact-center/locations/united-arab-emirates.html,card_grid,Card grid,Mapped to the 'Cards' block in the AEM catalog.
Addressing Systemic Barriers | AbbVie,Global Utility Strip,"Provides quick access links for contact, subscription, and group sites.",S,1,Simple layout with minimal interactivity.,https://www.abbvie.com/sustainability/abbvie-foundation/addressing-systemic-barriers.html,global_utility_strip,Utility strip,No exact match found in the AEM catalog.
Addressing Systemic Barriers | AbbVie,Primary Navigation,Main navigation element with dropdown menus and links.,C,1,Complex navigation structure with dropdowns and potential accessibility requirements.,https://www.abbvie.com/sustainability/abbvie-foundation/addressing-systemic-barriers.html,primary_navigation,Main navigation,No exact match found in the AEM catalog.
Addressing Systemic Barriers | AbbVie,Hero Section,Displays a prominent hero image and heading introducing the page.,M,1,Involves image and text alignment with potential responsive design considerations.,https://www.abbvie.com/sustainability/abbvie-foundation/addressing-systemic-barriers.html,hero_section,Hero section,Mapped to 'Hero' block in the AEM catalog.
Addressing Systemic Barriers | AbbVie,Content Section 1,First content area featuring text and links.,S,1,Simple content layout with basic text and link elements.,https://www.abbvie.com/sustainability/abbvie-foundation/addressing-systemic-barriers.html,content_section_1,Text and links,No exact match found in the AEM catalog.
Addressing Systemic Barriers | AbbVie,Content Section 2,Second content area with cards and informational elements.,M,1,Cards layout requires interactive and responsive design.,https://www.abbvie.com/sustainability/abbvie-foundation/addressing-systemic-barriers.html,content_section_2,Cards and information,No exact match found in the AEM catalog.
Postdoctoral Program | AbbVie,Global Utility Strip,"Provides quick access to contact, subscription, and group site links.",S,1,Simple utility strip with minimal interactivity.,https://www.abbvie.com/join-us/postdoctoral-program.html,global_utility_strip,Utility strip,No matching block in catalog.
Postdoctoral Program | AbbVie,Primary Navigation,Main navigation menu allowing access to different sections of the site.,M,1,Navigation depth may require additional accessibility and responsive handling.,https://www.abbvie.com/join-us/postdoctoral-program.html,primary_navigation,Main navigation,No matching block in catalog.
Postdoctoral Program | AbbVie,Hero Section,Prominent section featuring a large image and introductory content.,M,1,Includes visual styling and potential JS for animation or interactivity.,https://www.abbvie.com/join-us/postdoctoral-program.html,hero_section,Hero banner,Mapped to Hero in catalog.
Postdoctoral Program | AbbVie,Content Highlight,Showcases key content or features with images and descriptions.,M,1,Highlighting content requires visual emphasis and responsive design.,https://www.abbvie.com/join-us/postdoctoral-program.html,content_highlight,Content showcase,No matching block in catalog.
Postdoctoral Program | AbbVie,Call-to-Action Grid,Grid layout presenting multiple CTAs for user engagement.,M,1,Grid layouts often require responsive adjustments and interactivity.,https://www.abbvie.com/join-us/postdoctoral-program.html,cta_grid,CTA grid,No matching block in catalog.
Not good enough: behind the drive to give cancer patients more time | AbbVie,Global Utility Strip,"Provides quick access to contact, subscription, and group site links.",S,1,Simple navigation with limited interactivity,https://www.abbvie.com/who-we-are/our-stories/not-good-enough-behind-the-drive-to-give-cancer-patients-more-time.html,global_utility_strip,Utility strip,No direct match found in AEM catalog.
Not good enough: behind the drive to give cancer patients more time | AbbVie,Primary Navigation,"Main navigation menu for the site, including dropdowns for sections like 'Who We Are' and 'Science'.",M,1,Complex dropdowns and navigation structure.,https://www.abbvie.com/who-we-are/our-stories/not-good-enough-behind-the-drive-to-give-cancer-patients-more-time.html,primary_navigation,Main navigation,No direct match found in AEM catalog.
Not good enough: behind the drive to give cancer patients more time | AbbVie,Story Cards Grid,"Displays a grid of story cards with images, titles, and descriptions.",M,1,Grid layout and responsive design considerations.,https://www.abbvie.com/who-we-are/our-stories/not-good-enough-behind-the-drive-to-give-cancer-patients-more-time.html,story_cards_grid,Story cards,Mapped to 'Cards' block type based on description.
Not good enough: behind the drive to give cancer patients more time | AbbVie,Dashboard Cards,Highlights key metrics or facts in a visually appealing format.,M,1,Visual emphasis and possible interactivity.,https://www.abbvie.com/who-we-are/our-stories/not-good-enough-behind-the-drive-to-give-cancer-patients-more-time.html,dashboard_cards,Dashboard metrics,No direct match found in AEM catalog.
Innovative Impact | AbbVie,Global Utility Strip,"Provides quick access to contact, subscription, and group site links.",S,1,Simple navigation links with minimal interactivity.,https://www.abbvie.com/sustainability/abbvie-foundation/innovative-impact.html,global_utility_strip,Utility strip,No matching catalog block found.
Innovative Impact | AbbVie,Primary Navigation,Main site navigation with branding and mega-menu.,C,1,Complex navigation structure with mega-menu and branding.,https://www.abbvie.com/sustainability/abbvie-foundation/innovative-impact.html,primary_navigation,Main navigation,No matching catalog block found.
Innovative Impact | AbbVie,Main Content,"Contains the primary content of the page, including text and images.",M,1,Moderate complexity due to content depth and layout.,https://www.abbvie.com/sustainability/abbvie-foundation/innovative-impact.html,main_content,Content area,No matching catalog block found.
Innovative Impact | AbbVie,Card Grid,Displays a grid of cards with links to related content.,M,1,Moderate complexity due to grid layout and interactivity.,https://www.abbvie.com/sustainability/abbvie-foundation/innovative-impact.html,card_grid,Card-based layout,No matching catalog block found.
Innovative Impact | AbbVie,Back to Top,Button to quickly scroll back to the top of the page.,S,1,Simple functionality with minimal interactivity.,https://www.abbvie.com/sustainability/abbvie-foundation/innovative-impact.html,back_to_top,Scroll control,No matching catalog block found.
Employee Resource Groups | AbbVie,Utility Strip,"Provides quick access to contact, subscribe, and group sites.",S,1,Simple list navigation utility.,https://www.abbvie.com/join-us/life-at-abbvie/employee-resource-groups.html,global_utility_strip,Utility strip,No direct mapping found in the AEM catalog.
Employee Resource Groups | AbbVie,Primary Navigation,"Main navigation bar for the site, including dropdown menus.",M,1,Includes dropdown menus and potential deep navigation.,https://www.abbvie.com/join-us/life-at-abbvie/employee-resource-groups.html,primary_navigation,Main navigation,No direct mapping found in the AEM catalog.
Employee Resource Groups | AbbVie,Hero Section,Main hero image and headline for the page.,M,1,Prominent visual element requiring CSS and JS for styling and functionality.,https://www.abbvie.com/join-us/life-at-abbvie/employee-resource-groups.html,hero_section,Hero,Mapped to 'Hero' from the AEM catalog.
Employee Resource Groups | AbbVie,Content Introduction,Introductory text and links for the page content.,S,1,Text-based content with basic styling.,https://www.abbvie.com/join-us/life-at-abbvie/employee-resource-groups.html,content_intro,Introductory text,No direct mapping found in the AEM catalog.
Employee Resource Groups | AbbVie,Call to Action Button,Prominent button encouraging user action.,S,1,Single button element with basic functionality.,https://www.abbvie.com/join-us/life-at-abbvie/employee-resource-groups.html,cta_button,Button,No direct mapping found in the AEM catalog.
Employee Resource Groups | AbbVie,Link List,List of links related to the page content.,S,1,Simple list structure for navigation or reference links.,https://www.abbvie.com/join-us/life-at-abbvie/employee-resource-groups.html,link_list,Link list,No direct mapping found in the AEM catalog.
Employee Resource Groups | AbbVie,Card Grid,Grid of cards highlighting key stories or features.,M,1,Requires responsive grid layout and styling for card presentation.,https://www.abbvie.com/join-us/life-at-abbvie/employee-resource-groups.html,card_grid,Card grid,Mapped to 'Cards' from the AEM catalog.
Employee Resource Groups | AbbVie,Dashboard Cards,Cards displaying key statistics or highlights.,M,1,Interactive or visually distinct cards with statistical content.,https://www.abbvie.com/join-us/life-at-abbvie/employee-resource-groups.html,dashboard_cards,Dashboard cards,No direct mapping found in the AEM catalog.
Site Map | AbbVie,Global Header,Provides the main navigation and branding elements.,M,1,"Includes navigation and branding, requiring integration with fragments and styling.",https://www.abbvie.com/site-map.html,global_header,Main navigation and branding,Integration with site-wide navigation.
Site Map | AbbVie,Hero Section,Showcases the main highlight or focus of the page.,M,1,Involves large image and heading styling.,https://www.abbvie.com/site-map.html,hero_section,Page highlight,Requires CSS for positioning and styling.
Site Map | AbbVie,Main Navigation,Provides the primary navigation menu for site sections.,C,1,Deep navigation structure with potential accessibility requirements.,https://www.abbvie.com/site-map.html,main_navigation,Primary navigation,Requires detailed accessibility and hierarchical structure.
Site Map | AbbVie,Primary Content,Displays the main content area of the page.,M,1,Central content area requiring responsive design.,https://www.abbvie.com/site-map.html,primary_content,Content display,Focus on layout and readability.
Site Map | AbbVie,Footer Section,Provides additional navigation and contact information.,M,1,Includes navigation links and contact details.,https://www.abbvie.com/site-map.html,footer_section,Footer navigation and contact,Integration with site-wide footer system.
Wulff-Erik von Borcke | AbbVie,Global Utility Strip,"Provides quick access to contact, subscription, and group site links.",S,1,Simple utility bar with minimal interactivity.,https://www.abbvie.com/who-we-are/our-leaders/wulff-erik-von-borcke.html,global_utility_strip,Utility strip,Could include links to external resources or settings.
Wulff-Erik von Borcke | AbbVie,Primary Navigation,Main site navigation with dropdown menus for exploring site sections.,C,1,Includes dropdown menus and potential accessibility features.,https://www.abbvie.com/who-we-are/our-leaders/wulff-erik-von-borcke.html,primary_navigation,Main navigation,May require deep navigation and accessibility considerations.
Discovery Files: A Vision for Blood Cancer Patients | AbbVie,Global Utility Strip,"Provides quick access to contact, subscription, and group site links.",S,1,Minimal complexity due to static links and basic functionality.,https://www.abbvie.com/who-we-are/our-stories/discovery-files-vision-for-blood-cancer-patients.html,global_utility_strip,Utility strip,No match found in the AEM blocks catalog.
Discovery Files: A Vision for Blood Cancer Patients | AbbVie,Primary Navigation,Main navigation menu with dropdowns for site sections.,C,1,Complexity arises from dropdown implementation and deep navigation structure.,https://www.abbvie.com/who-we-are/our-stories/discovery-files-vision-for-blood-cancer-patients.html,primary_navigation,Main navigation,No match found in the AEM blocks catalog.
Discovery Files: A Vision for Blood Cancer Patients | AbbVie,Footer Navigation,Footer section with links to additional resources and site information.,M,1,Moderate complexity due to fragment loading and styling requirements.,https://www.abbvie.com/who-we-are/our-stories/discovery-files-vision-for-blood-cancer-patients.html,footer_navigation,Footer navigation,Matched to the 'Footer' block in the AEM blocks catalog.
Tracie Haas | AbbVie,Global Navigation,Provides site-wide navigation functionality.,M,1,Includes accessibility considerations and multi-level navigation.,https://www.abbvie.com/who-we-are/our-leaders/tracie-haas.html,global_navigation,Main navigation,Ensure WCAG compliance for navigation menus.
Tracie Haas | AbbVie,Hero Section,Highlights key content with a large image and heading.,M,1,Requires responsive design and visual hierarchy.,https://www.abbvie.com/who-we-are/our-leaders/tracie-haas.html,hero_section,Hero layout,CSS and JS files are available for implementation.
Tracie Haas | AbbVie,Main Content,Displays detailed information specific to the page.,M,1,Handles dynamic content rendering and layout.,https://www.abbvie.com/who-we-are/our-leaders/tracie-haas.html,main_content,Content area,Integration with CMS required for dynamic data.
Day in the Life: Meet an engineer fostering diversity and inclusion within manufacturing | AbbVie,Global Header,Provides branding and primary navigation elements.,M,1,Includes accessibility and navigation logic.,https://www.abbvie.com/who-we-are/our-stories/day-in-life-meet-engineer-promoting-diversity-within-manufacturing.html,global_header,Utility strip and primary navigation,Potential for deep integration with site-wide navigation.
Day in the Life: Meet an engineer fostering diversity and inclusion within manufacturing | AbbVie,Hero Section,Displays the main hero image and page title.,M,1,Requires responsive design and dynamic content handling.,https://www.abbvie.com/who-we-are/our-stories/day-in-life-meet-engineer-promoting-diversity-within-manufacturing.html,hero_section,Hero image with title,May involve integration with CMS for dynamic content.
Day in the Life: Meet an engineer fostering diversity and inclusion within manufacturing | AbbVie,Primary Navigation,Facilitates linking to main sections of the site.,C,1,Deep navigation with accessibility and responsive requirements.,https://www.abbvie.com/who-we-are/our-stories/day-in-life-meet-engineer-promoting-diversity-within-manufacturing.html,primary_navigation,Main navigation,Critical for user experience; requires thorough testing.
Day in the Life: Meet an engineer fostering diversity and inclusion within manufacturing | AbbVie,Main Content,Holds the primary content of the page.,M,1,Dynamic content rendering and responsive layout.,https://www.abbvie.com/who-we-are/our-stories/day-in-life-meet-engineer-promoting-diversity-within-manufacturing.html,main_content,Content container,Central to page functionality and user engagement.
Why delivering science-based targets are key to sustainable growth | AbbVie,Utility Strip,Provides links and utilities for user navigation.,S,1,Basic navigation links with minimal interactivity.,https://www.abbvie.com/who-we-are/our-stories/why-delivering-science-based-targets-are-key-to-sustainable-grow.html,global_utility_strip,Utility strip,Commonly used for site-wide utilities.
Why delivering science-based targets are key to sustainable growth | AbbVie,Primary Navigation,Main navigation for accessing site sections.,M,1,Dropdown menus and complex navigation structure.,https://www.abbvie.com/who-we-are/our-stories/why-delivering-science-based-targets-are-key-to-sustainable-grow.html,primary_navigation,Main navigation,Could require accessibility enhancements.
Why delivering science-based targets are key to sustainable growth | AbbVie,Hero Section,Highlights page topic with image and heading.,S,1,Simple layout with minimal interactivity.,https://www.abbvie.com/who-we-are/our-stories/why-delivering-science-based-targets-are-key-to-sustainable-grow.html,hero_section,Hero image and heading,Central visual element of the page.
Why delivering science-based targets are key to sustainable growth | AbbVie,Introductory Content,Provides an overview of the page content.,S,1,Static text content with no dynamic features.,https://www.abbvie.com/who-we-are/our-stories/why-delivering-science-based-targets-are-key-to-sustainable-grow.html,content_intro,Introduction text,May need styling adjustments.
Why delivering science-based targets are key to sustainable growth | AbbVie,Call-to-Action,Encourages user interaction with a button.,S,1,Single button with basic functionality.,https://www.abbvie.com/who-we-are/our-stories/why-delivering-science-based-targets-are-key-to-sustainable-grow.html,main_cta,CTA button,Important for user engagement.
Why delivering science-based targets are key to sustainable growth | AbbVie,Card Grid,Displays articles or sections in a card layout.,M,1,Requires dynamic content and responsive design.,https://www.abbvie.com/who-we-are/our-stories/why-delivering-science-based-targets-are-key-to-sustainable-grow.html,card_grid,Content cards,Enhances visual organization of information.
Why delivering science-based targets are key to sustainable growth | AbbVie,Back-to-Top Button,Returns user to the top of the page.,S,1,Simple button with scroll functionality.,https://www.abbvie.com/who-we-are/our-stories/why-delivering-science-based-targets-are-key-to-sustainable-grow.html,back_to_top,Utility button,Improves user navigation experience.
Demetris Crum | AbbVie,Global Utility Strip,"Provides quick access to contact, subscription, and group site links.",S,1,Simple navigation links without advanced interactions.,https://www.abbvie.com/who-we-are/our-leaders/demetris-crum.html,global_utility_strip,Utility strip,No direct match in the AEM catalog.
Demetris Crum | AbbVie,Primary Navigation,Main site navigation with dropdown menus for sections.,M,1,Dropdown interactions and multi-level navigation.,https://www.abbvie.com/who-we-are/our-leaders/demetris-crum.html,primary_navigation,Main navigation,No direct match in the AEM catalog.
Demetris Crum | AbbVie,Hero Section,Highlights the primary focus or message of the page with a large image and heading.,M,1,Includes visual styling and responsive layout.,https://www.abbvie.com/who-we-are/our-leaders/demetris-crum.html,hero_section,Hero,Mapped to 'Hero' in the AEM catalog.
Demetris Crum | AbbVie,Call to Action Section,Encourages users to explore related content or take specific actions.,S,1,Basic button functionality without complex logic.,https://www.abbvie.com/who-we-are/our-leaders/demetris-crum.html,cta_section,Subscribe,No direct match in the AEM catalog.
Demetris Crum | AbbVie,Profiles Card Grid,Displays profiles and related stories in a card format.,M,1,"Card layout with images and text, requiring grid responsiveness.",https://www.abbvie.com/who-we-are/our-leaders/demetris-crum.html,card_grid_profiles,Profiles grid,Mapped to 'Cards' in the AEM catalog.
Demetris Crum | AbbVie,Dashboard Facts,Presents key facts and statistics in a visually engaging manner.,M,1,Statistical display with potential interactivity.,https://www.abbvie.com/who-we-are/our-leaders/demetris-crum.html,dashboard_facts,Facts display,No direct match in the AEM catalog.
AbbVie volunteers return to serving global communities through Week of Possibilities | AbbVie,Global Utility Bar,Provides quick access to secondary actions like contact and subscription.,S,1,Limited functionality with simple links.,https://www.abbvie.com/who-we-are/our-stories/abbvie-volunteers-return-to-serving.html,global_utility_strip,Utility strip,No direct catalog match found.
AbbVie volunteers return to serving global communities through Week of Possibilities | AbbVie,Primary Navigation,Main navigation bar with dropdowns for site sections.,M,1,Dropdown interactions and potential accessibility considerations.,https://www.abbvie.com/who-we-are/our-stories/abbvie-volunteers-return-to-serving.html,primary_navigation,Main navigation,No direct catalog match found.
AbbVie volunteers return to serving global communities through Week of Possibilities | AbbVie,Hero Section,Displays a prominent visual and heading for the page.,M,1,Styling and responsiveness for large images and headings.,https://www.abbvie.com/who-we-are/our-stories/abbvie-volunteers-return-to-serving.html,hero_section,Hero visual,Matched to catalog entry 'Hero'.
AbbVie volunteers return to serving global communities through Week of Possibilities | AbbVie,Main Content Area,Contains primary textual and media content.,M,1,May include multiple types of content and layout considerations.,https://www.abbvie.com/who-we-are/our-stories/abbvie-volunteers-return-to-serving.html,main_content,Content section,No direct catalog match found.
AbbVie volunteers return to serving global communities through Week of Possibilities | AbbVie,Card Grid,Displays content previews in a card layout.,M,1,Grid layout and responsive design requirements.,https://www.abbvie.com/who-we-are/our-stories/abbvie-volunteers-return-to-serving.html,card_grid,Card grid,Matched to catalog entry 'Cards'.
"BTK protein: the good, the bad and the ugly | AbbVie",Global Utility Strip,"Provides quick access to contact, subscription, and group site links.",S,1,Simple navigation utility with minimal interaction depth.,https://www.abbvie.com/who-we-are/our-stories/btk-protein-good-bad-and-ugly.html,global_utility_strip,Utility strip,No direct match in catalog for this block.
"BTK protein: the good, the bad and the ugly | AbbVie",Primary Navigation,"Main navigation menu for the website, including dropdowns for sections.",C,1,Primary navigation often involves deep hierarchical structures and accessibility considerations.,https://www.abbvie.com/who-we-are/our-stories/btk-protein-good-bad-and-ugly.html,primary_navigation,Main navigation,No direct match in catalog for this block.
"BTK protein: the good, the bad and the ugly | AbbVie",Content Introduction,Introduces the main content with a brief description or overview.,S,1,Simple introductory text block with minimal complexity.,https://www.abbvie.com/who-we-are/our-stories/btk-protein-good-bad-and-ugly.html,content_intro,Content preview,No direct match in catalog for this block.
"BTK protein: the good, the bad and the ugly | AbbVie",Main Story,Displays the primary content or article of the page.,M,1,Medium complexity due to potential rich media and interactive elements.,https://www.abbvie.com/who-we-are/our-stories/btk-protein-good-bad-and-ugly.html,main_story,Article content,No direct match in catalog for this block.
"BTK protein: the good, the bad and the ugly | AbbVie",Additional Links,Provides extra navigation or related links for further exploration.,S,1,Simple list of links without advanced functionality.,https://www.abbvie.com/who-we-are/our-stories/btk-protein-good-bad-and-ugly.html,additional_links,Related links,No direct match in catalog for this block.
Jerome Bouyer | AbbVie,Global Utility Strip,Top-level navigation links for utility purposes.,S,1,Simple navigation structure without deep interactions.,https://www.abbvie.com/who-we-are/our-leaders/jerome-bouyer.html,global_utility_strip,Utility strip,Could be mapped to a utility navigation block if available.
Jerome Bouyer | AbbVie,Primary Navigation,Main site navigation with dropdown menus.,M,1,Dropdown menus introduce moderate complexity.,https://www.abbvie.com/who-we-are/our-leaders/jerome-bouyer.html,primary_navigation,Main navigation,Consider mapping to a navigation block with dropdown support.
Jerome Bouyer | AbbVie,Footer Navigation,Footer section containing navigation links and site information.,S,1,Static footer links without interactive elements.,https://www.abbvie.com/who-we-are/our-leaders/jerome-bouyer.html,footer_navigation,Footer navigation,Evaluate for mapping to a footer-specific block.
Jerome Bouyer | AbbVie,Back to Top Button,Provides a button for users to scroll back to the top of the page.,S,1,Simple functionality with minimal interactivity.,https://www.abbvie.com/who-we-are/our-leaders/jerome-bouyer.html,back_to_top,Scroll to top,"Map to a utility block for scroll functionality, if available."
Linda Ray | AbbVie,Site-wide Navigation,Provides navigation links and branding across the website.,M,1,Requires integration with global navigation structure and accessibility features.,https://www.abbvie.com/who-we-are/our-leaders/linda-ray.html,global_navigation,Main navigation,No matching block type found in the AEM catalog.
Linda Ray | AbbVie,Hero Banner,Highlights the main visual and textual focus of the page.,M,1,Includes large image and heading with CSS for positioning and styling.,https://www.abbvie.com/who-we-are/our-leaders/linda-ray.html,hero_section,Hero section,Matched to catalog block 'Hero'.
Linda Ray | AbbVie,Page Content,"Displays the primary content of the page, including detailed information.",M,1,Involves grid layout and content management.,https://www.abbvie.com/who-we-are/our-leaders/linda-ray.html,main_content,Content area,No matching block type found in the AEM catalog.
Linda Ray | AbbVie,Footer Section,Contains site-wide links and additional navigation options.,M,1,Requires styling and integration for global accessibility and consistency.,https://www.abbvie.com/who-we-are/our-leaders/linda-ray.html,footer,Footer,Matched to catalog block 'Footer'.
Everyone’s talking about data science and analytics. Here’s how AbbVie approaches it. | AbbVie,Global Utility Strip,"Provides quick access to contact, subscription, and group site links.",S,1,Basic functionality with minimal interactivity.,https://www.abbvie.com/who-we-are/our-stories/everyones-talking-about-data-science.html,global_utility_strip,Utility strip,No direct match found in the AEM catalog.
Everyone’s talking about data science and analytics. Here’s how AbbVie approaches it. | AbbVie,Primary Navigation,Contains the main site navigation menu and branding.,M,1,Moderate complexity due to dynamic menu and branding elements.,https://www.abbvie.com/who-we-are/our-stories/everyones-talking-about-data-science.html,primary_navigation,Main navigation,No direct match found in the AEM catalog.
Everyone’s talking about data science and analytics. Here’s how AbbVie approaches it. | AbbVie,Hero Section,Highlights the main topic of the page with an image and title.,M,1,Moderate complexity due to styling and potential dynamic content.,https://www.abbvie.com/who-we-are/our-stories/everyones-talking-about-data-science.html,hero_section,Hero banner,Matched with the 'Hero' block in the AEM catalog.
Everyone’s talking about data science and analytics. Here’s how AbbVie approaches it. | AbbVie,Content Cards,Displays a grid of cards with links to related content.,M,1,Moderate complexity due to responsive layout and interactive elements.,https://www.abbvie.com/who-we-are/our-stories/everyones-talking-about-data-science.html,content_cards,Card grid,Matched with the 'Cards' block in the AEM catalog.
The power of love in IBD | AbbVie,Global Navigation,Primary navigation menu for site sections.,M,1,Deep navigation structure with potential accessibility requirements.,https://www.abbvie.com/who-we-are/our-stories/the-power-love-in-ibd.html,global_navigation,Main navigation,Consider aligning with existing AEM navigation blocks.
The power of love in IBD | AbbVie,Hero Section,Main hero image and headline for the page.,M,1,Requires integration of image and text with responsive design.,https://www.abbvie.com/who-we-are/our-stories/the-power-love-in-ibd.html,hero_section,Hero,Matches catalog entry for Hero block.
The power of love in IBD | AbbVie,Content Introduction,Introduction text and overview of the page content.,S,1,Simple text-based content block.,https://www.abbvie.com/who-we-are/our-stories/the-power-love-in-ibd.html,main_content_intro,Introduction,No direct match in the catalog.
The power of love in IBD | AbbVie,Call to Action,Encourages users to explore more about the topic.,S,1,Single button with a link.,https://www.abbvie.com/who-we-are/our-stories/the-power-love-in-ibd.html,call_to_action,Button,Consider reusing AEM CTA patterns.
The power of love in IBD | AbbVie,Related Links,List of related topics and resources.,S,1,Static list of links.,https://www.abbvie.com/who-we-are/our-stories/the-power-love-in-ibd.html,related_links,Links,Could align with AEM link list blocks.
The power of love in IBD | AbbVie,Featured Story Card,"Highlighted story with image, title, and description.",M,1,Card layout with image and text integration.,https://www.abbvie.com/who-we-are/our-stories/the-power-love-in-ibd.html,featured_story_card,Story card,Matches catalog entry for Cards block.
The power of love in IBD | AbbVie,Dashboard Card,Displays key metrics or highlights.,M,1,Card layout with dynamic data.,https://www.abbvie.com/who-we-are/our-stories/the-power-love-in-ibd.html,dashboard_card,Informational card,No direct match in the catalog.
"Striving for patient centricity, down to the packaging | AbbVie",Global Utility Strip,"Provides quick access to contact information, subscription options, and links to group sites.",S,1,Minimal complexity due to static links and simple functionality.,https://www.abbvie.com/who-we-are/our-stories/striving-for-patient-centricity-down-to-the-packaging.html,global_utility_strip,Utility strip,No exact match found in AEM blocks catalog.
"Striving for patient centricity, down to the packaging | AbbVie",Primary Navigation,Main site navigation with dropdown menus for exploring different sections.,C,1,High complexity due to deep navigation structure and dropdown functionality.,https://www.abbvie.com/who-we-are/our-stories/striving-for-patient-centricity-down-to-the-packaging.html,primary_navigation,Main navigation,No exact match found in AEM blocks catalog.
Magnified featuring Linda Scarazzini | AbbVie,Utility Strip,"Provides quick access to contact, subscription, and group sites.",S,1,Simple accessibility and routing features.,https://www.abbvie.com/who-we-are/our-stories/magnified-featuring-linda-scarazzini.html,global_utility_strip,Utility strip,Could be mapped to a custom block type if needed.
Magnified featuring Linda Scarazzini | AbbVie,Primary Navigation,Main site navigation with links to key sections.,M,1,Moderate complexity due to hierarchical navigation and potential accessibility requirements.,https://www.abbvie.com/who-we-are/our-stories/magnified-featuring-linda-scarazzini.html,primary_navigation,Main navigation,Ensure compatibility with mobile and desktop layouts.
Magnified featuring Linda Scarazzini | AbbVie,Main Content,Contains the primary content of the page including articles and features.,M,1,Content depth and media integration increase implementation scope.,https://www.abbvie.com/who-we-are/our-stories/magnified-featuring-linda-scarazzini.html,main_content,Content display,Requires content mapping and media handling.
How patient voices are changing medicine | AbbVie,Primary Navigation,Displays the main site navigation with dropdown menus.,M,1,Includes dropdown interactions and accessibility requirements.,https://www.abbvie.com/who-we-are/our-stories/how-patient-voices-are-changing-medicine.html,primary_navigation,Main navigation,This block may require custom implementation due to its dropdown functionality.
How patient voices are changing medicine | AbbVie,Main Content,"Contains the primary content of the page, including articles and features.",S,1,Standard content display with minimal interactive elements.,https://www.abbvie.com/who-we-are/our-stories/how-patient-voices-are-changing-medicine.html,main_content,Content area,This block is primarily static and may not require advanced configuration.
Inside The DREAM Initiative | AbbVie,Global Utility Strip,Provides links for site-wide utilities like contact and subscriptions.,S,1,Basic navigation links with minimal interactivity.,https://www.abbvie.com/who-we-are/our-stories/inside-dream-initiative.html,global_utility_strip,Utility navigation,No matching catalog entry found.
Inside The DREAM Initiative | AbbVie,Primary Navigation,Main navigational component for the site.,C,1,Complex navigation structure with potential dropdowns and logo integration.,https://www.abbvie.com/who-we-are/our-stories/inside-dream-initiative.html,primary_navigation,Primary navigation,No matching catalog entry found.
Inside The DREAM Initiative | AbbVie,Hero Section,Visually prominent section with a large image and heading.,M,1,Includes large visual elements and stylistic CSS.,https://www.abbvie.com/who-we-are/our-stories/inside-dream-initiative.html,hero_section,Hero image and heading,Matched with catalog entry for 'Hero'.
Inside The DREAM Initiative | AbbVie,Content Introduction,Introductory text providing an overview of the page's content.,S,1,Simple text-based introduction without interactive elements.,https://www.abbvie.com/who-we-are/our-stories/inside-dream-initiative.html,content_intro,Introductory content,No matching catalog entry found.
Inside The DREAM Initiative | AbbVie,Featured Story,Highlights a specific story or article with visual and text elements.,M,1,Visual and textual integration for engaging content presentation.,https://www.abbvie.com/who-we-are/our-stories/inside-dream-initiative.html,featured_story,Story highlight,No matching catalog entry found.
Inside The DREAM Initiative | AbbVie,Data Highlight,Displays key statistics or data points visually.,M,1,Requires visual design and potential dynamic data integration.,https://www.abbvie.com/who-we-are/our-stories/inside-dream-initiative.html,data_highlight,Data visualization,No matching catalog entry found.
Inside The DREAM Initiative | AbbVie,Footer Section,Provides site-wide footer links and copyright information.,M,1,Includes multiple links and styling for accessibility and responsive design.,https://www.abbvie.com/who-we-are/our-stories/inside-dream-initiative.html,footer_section,Footer navigation,Matched with catalog entry for 'Footer'.
Dave Purdue | AbbVie,Global Utility Strip,"Provides quick access to contact, subscribe, and group site links.",S,1,Simple utility strip with minimal interaction scope.,https://www.abbvie.com/who-we-are/our-leaders/dave-purdue.html,global_utility_strip,Utility strip,No matching catalog entry found.
Dave Purdue | AbbVie,Primary Navigation,Main site navigation with dropdown menus for sections.,M,1,Dropdown navigation with intermediate interaction complexity.,https://www.abbvie.com/who-we-are/our-leaders/dave-purdue.html,primary_navigation,Main navigation,No matching catalog entry found.
Dave Purdue | AbbVie,Lead Content,Primary content area introducing the page's main topic.,M,1,Content area with potential integration of media or text components.,https://www.abbvie.com/who-we-are/our-leaders/dave-purdue.html,lead_content,Lead content,No matching catalog entry found.
Hepatitis C: the mysterious virus that met its match | AbbVie,Global Utility Links,Provides links to utility functions like contact and subscribe.,S,1,Simple layout with few links and no dynamic elements.,https://www.abbvie.com/who-we-are/our-stories/hepatitis-c-mysterious-virus-that-met-its-match.html,global_utility_strip,Utility strip,No matching catalog entry found.
Hepatitis C: the mysterious virus that met its match | AbbVie,Main Navigation,Presents the primary site navigation with dropdown options.,M,1,Dropdown menus increase implementation complexity.,https://www.abbvie.com/who-we-are/our-stories/hepatitis-c-mysterious-virus-that-met-its-match.html,primary_navigation,Main navigation,No matching catalog entry found.
Hepatitis C: the mysterious virus that met its match | AbbVie,Multi-Column Call-to-Actions,Displays multiple CTAs organized in a grid layout.,M,1,Grid layout with multiple actionable items.,https://www.abbvie.com/who-we-are/our-stories/hepatitis-c-mysterious-virus-that-met-its-match.html,multi_column_ctas,Call-to-action grid,No matching catalog entry found.
Hepatitis C: the mysterious virus that met its match | AbbVie,Card Grid Teasers,Shows a grid of cards with teaser content.,M,1,Requires dynamic data binding for teaser content.,https://www.abbvie.com/who-we-are/our-stories/hepatitis-c-mysterious-virus-that-met-its-match.html,card_grid_teasers,Content teaser grid,No matching catalog entry found.
Hepatitis C: the mysterious virus that met its match | AbbVie,Prose Content Columns,Arranges text content into readable columns.,S,1,Static text content with simple formatting.,https://www.abbvie.com/who-we-are/our-stories/hepatitis-c-mysterious-virus-that-met-its-match.html,prose_columns,Text columns,No matching catalog entry found.
Hepatitis C: the mysterious virus that met its match | AbbVie,Back to Top Button,Provides a button for quick scrolling to the top of the page.,S,1,Simple button functionality with no additional dependencies.,https://www.abbvie.com/who-we-are/our-stories/hepatitis-c-mysterious-virus-that-met-its-match.html,back_to_top_button,Scroll-to-top,No matching catalog entry found.
Day in the Life: Meet a Director Clearing the Path for Patient Access | AbbVie,Global Utility Strip,Provides quick access links for contact and subscription.,S,1,Simple utility links without advanced interaction.,https://www.abbvie.com/who-we-are/our-stories/day-in-life-meet-director-clearing-path-for-patient-access.html,global_utility_strip,Utility strip,Potential for accessibility checks on link visibility.
Day in the Life: Meet a Director Clearing the Path for Patient Access | AbbVie,Primary Navigation,Main site navigation with dropdown menus.,M,1,Dropdown menus require additional accessibility support.,https://www.abbvie.com/who-we-are/our-stories/day-in-life-meet-director-clearing-path-for-patient-access.html,primary_navigation,Main navigation,Ensure keyboard navigation and focus management.
Day in the Life: Meet a Director Clearing the Path for Patient Access | AbbVie,Main Content Area,Contains the primary content of the page.,M,1,May include dynamic content requiring structured markup.,https://www.abbvie.com/who-we-are/our-stories/day-in-life-meet-director-clearing-path-for-patient-access.html,main_content_area,Content area,Content validation for semantic HTML.
Day in the Life: Meet a Director Clearing the Path for Patient Access | AbbVie,Card Grid,Displays related articles or sections in a card layout.,M,1,Grid layout with responsive design and card-specific styling.,https://www.abbvie.com/who-we-are/our-stories/day-in-life-meet-director-clearing-path-for-patient-access.html,card_grid,Card layout,Check for responsive behavior and image alt text.
Day in the Life: Meet a Director Clearing the Path for Patient Access | AbbVie,Back to Top Button,Provides a quick way to navigate to the top of the page.,S,1,Simple functionality with potential for animation.,https://www.abbvie.com/who-we-are/our-stories/day-in-life-meet-director-clearing-path-for-patient-access.html,back_to_top_button,Navigation utility,Ensure visibility and focus accessibility.
Starting with a spark: An inside look at environmental sustainability | AbbVie,Global Header,Provides branding and navigational entry points like logo and primary menu.,C,1,Involves complex navigation and accessibility features.,https://www.abbvie.com/who-we-are/our-stories/starting-with-a-spark-an-inside-look-at-environmental-sustainability.html,global_header,Utility strip,Includes fragment fetching and layout adjustments.
Starting with a spark: An inside look at environmental sustainability | AbbVie,Primary Navigation,Displays the main navigation menu with dropdowns and site section links.,M,1,Requires dropdown functionality and site section linkage.,https://www.abbvie.com/who-we-are/our-stories/starting-with-a-spark-an-inside-look-at-environmental-sustainability.html,primary_navigation,Main navigation,No direct match found in the AEM blocks catalog.
The hardest-hit: How nonprofits rise to the challenge of COVID-19 | AbbVie,Global Utility Strip,"Provides quick access to contact, subscription, and group site links.",S,1,"Minimal interactive elements, primarily link navigation.",https://www.abbvie.com/who-we-are/our-stories/the-hardest-hit-how-nonprofits-rise-to-challenge-covid-19.html,global_utility_strip,Utility strip,No direct match found in the AEM catalog.
The hardest-hit: How nonprofits rise to the challenge of COVID-19 | AbbVie,Primary Navigation,Contains the main site navigation and branding elements.,M,1,"Includes branding, hierarchical navigation, and potential dropdowns.",https://www.abbvie.com/who-we-are/our-stories/the-hardest-hit-how-nonprofits-rise-to-challenge-covid-19.html,primary_navigation,Main navigation,No direct match found in the AEM catalog.
The hardest-hit: How nonprofits rise to the challenge of COVID-19 | AbbVie,Hero Section,Highlights the main story or feature of the page with a large image and heading.,M,1,Combines visual and textual elements for emphasis.,https://www.abbvie.com/who-we-are/our-stories/the-hardest-hit-how-nonprofits-rise-to-challenge-covid-19.html,hero_section,Hero feature,No direct match found in the AEM catalog.
The hardest-hit: How nonprofits rise to the challenge of COVID-19 | AbbVie,Content Cards,Displays multiple stories or features in a card format.,M,1,Requires layout management and responsive design.,https://www.abbvie.com/who-we-are/our-stories/the-hardest-hit-how-nonprofits-rise-to-challenge-covid-19.html,content_cards,Card layout,No direct match found in the AEM catalog.
The hardest-hit: How nonprofits rise to the challenge of COVID-19 | AbbVie,Call-to-Action Buttons,"Encourages users to take specific actions, such as navigating to other pages.",S,1,Simple interactive elements with clear functionality.,https://www.abbvie.com/who-we-are/our-stories/the-hardest-hit-how-nonprofits-rise-to-challenge-covid-19.html,cta_buttons,Action buttons,No direct match found in the AEM catalog.
The hardest-hit: How nonprofits rise to the challenge of COVID-19 | AbbVie,Back to Top Button,Allows users to quickly return to the top of the page.,S,1,Single-action button functionality.,https://www.abbvie.com/who-we-are/our-stories/the-hardest-hit-how-nonprofits-rise-to-challenge-covid-19.html,back_to_top,Utility button,No direct match found in the AEM catalog.
Can unlocking one million genomes help us discover medicines faster? | AbbVie,Global Header,"Loads and displays header content, fetching it as a fragment and applying CSS for layout and navigation.",M,1,Includes navigation and accessibility features.,https://www.abbvie.com/who-we-are/our-stories/can-unlocking-one-million-genomes.html,global_header,Utility and primary navigation.,This block is critical for site-wide navigation and branding.
Can unlocking one million genomes help us discover medicines faster? | AbbVie,Hero Section,"Presents a hero section with a large image and heading, using CSS for positioning and basic styling.",M,1,Requires responsive design and visual prominence.,https://www.abbvie.com/who-we-are/our-stories/can-unlocking-one-million-genomes.html,hero_section,Prominent image with introductory text.,This block is often the first visual element users interact with.
Can unlocking one million genomes help us discover medicines faster? | AbbVie,Primary Navigation,Provides links to key sections of the site.,S,1,Straightforward navigation without additional features.,https://www.abbvie.com/who-we-are/our-stories/can-unlocking-one-million-genomes.html,primary_navigation,Main navigation menu.,Ensure accessibility and usability for diverse user groups.
They won’t back down | AbbVie,Global Utility Strip,Provides quick access to contact information and links.,S,1,Simple navigation links without deep interactivity.,https://www.abbvie.com/who-we-are/our-stories/they-wont-back-down.html,global_utility_strip,Utility strip,No matching catalog entry found.
They won’t back down | AbbVie,Primary Navigation,Main site navigation including branding and mega-menu.,C,1,"Includes branding and potentially a mega-menu, requiring higher scope.",https://www.abbvie.com/who-we-are/our-stories/they-wont-back-down.html,primary_navigation,Main navigation,No matching catalog entry found.
They won’t back down | AbbVie,Hero Section,Prominent visual and introductory content for the page.,M,1,Hero section with styling and potential interactivity.,https://www.abbvie.com/who-we-are/our-stories/they-wont-back-down.html,hero_section,Hero,Matched with catalog entry 'Hero'.
They won’t back down | AbbVie,Main Content Section,Contains the primary content and stories relevant to the page's theme.,M,1,May involve dynamic content loading and layout adjustments.,https://www.abbvie.com/who-we-are/our-stories/they-wont-back-down.html,main_content_section,Content section,No matching catalog entry found.
They won’t back down | AbbVie,Story Highlight,Highlights a featured story with an image and description.,M,1,"Feature story with image and description, requiring moderate scope.",https://www.abbvie.com/who-we-are/our-stories/they-wont-back-down.html,story_highlight,Highlight,No matching catalog entry found.
They won’t back down | AbbVie,Footer Section,"Contains footer links, contact information, and additional navigation.",M,1,"Footer with links and dynamic content, requiring moderate scope.",https://www.abbvie.com/who-we-are/our-stories/they-wont-back-down.html,footer_section,Footer,Matched with catalog entry 'Footer'.
"Green chemistry: cleaner, faster chemical reactions | AbbVie",Global Utility Strip,"Provides quick access to contact, subscription, and group site links.",S,1,Simple navigation links without dynamic features.,https://www.abbvie.com/who-we-are/our-stories/green-chemistry-cleaner-faster-chemical-reactions.html,global_utility_strip,Utility strip,No exact match found in the AEM catalog.
"Green chemistry: cleaner, faster chemical reactions | AbbVie",Primary Navigation,Main site navigation with dropdown menus for sections.,M,1,Dropdown navigation adds moderate complexity.,https://www.abbvie.com/who-we-are/our-stories/green-chemistry-cleaner-faster-chemical-reactions.html,primary_navigation,Main navigation,No exact match found in the AEM catalog.
"Green chemistry: cleaner, faster chemical reactions | AbbVie",Main Article,"The primary content of the page, including text and images.",M,1,Content presentation with potential for dynamic updates.,https://www.abbvie.com/who-we-are/our-stories/green-chemistry-cleaner-faster-chemical-reactions.html,main_article,Content block,No exact match found in the AEM catalog.
"Green chemistry: cleaner, faster chemical reactions | AbbVie",Footer,Contains site-wide footer information and navigation.,M,1,Footer with potentially dynamic content and styling.,https://www.abbvie.com/who-we-are/our-stories/green-chemistry-cleaner-faster-chemical-reactions.html,footer,Footer,Mapped to 'Footer' from the AEM catalog.
Lessons from a lifelong journey with psoriasis | AbbVie,Utility Navigation,Provides quick access to contact information and subscription options.,S,1,Basic navigation with minimal interactivity.,https://www.abbvie.com/who-we-are/our-stories/lessons-from-a-lifelong-journey-with-psoriasis.html,global_utility_strip,Utility strip,May require CSS adjustments for alignment.
Lessons from a lifelong journey with psoriasis | AbbVie,Primary Navigation,Main navigation for accessing key sections of the site.,M,1,Includes dropdown menus and deep navigation structure.,https://www.abbvie.com/who-we-are/our-stories/lessons-from-a-lifelong-journey-with-psoriasis.html,primary_navigation,Main navigation,Ensure accessibility compliance for dropdown menus.
Lessons from a lifelong journey with psoriasis | AbbVie,Introductory Content,Displays an introductory paragraph about the organization.,S,1,Static content with no interactive elements.,https://www.abbvie.com/who-we-are/our-stories/lessons-from-a-lifelong-journey-with-psoriasis.html,content_intro,Introductory text,Verify text formatting and alignment.
Lessons from a lifelong journey with psoriasis | AbbVie,Call-to-Action Button,Encourages navigation to the 'Who We Are' page.,S,1,Single interactive button with basic styling.,https://www.abbvie.com/who-we-are/our-stories/lessons-from-a-lifelong-journey-with-psoriasis.html,cta_button,Navigation button,Ensure button is styled and accessible.
Lessons from a lifelong journey with psoriasis | AbbVie,Related Links,Displays a list of related links for further exploration.,S,1,Static list with no interactivity.,https://www.abbvie.com/who-we-are/our-stories/lessons-from-a-lifelong-journey-with-psoriasis.html,link_list,Link group,Ensure links are descriptive and accessible.
Lessons from a lifelong journey with psoriasis | AbbVie,Featured Story Card,Highlights a featured story with an image and description.,M,1,Includes image and text with potential interactive elements.,https://www.abbvie.com/who-we-are/our-stories/lessons-from-a-lifelong-journey-with-psoriasis.html,story_card,Story highlight,Ensure responsive design and compatibility.
Lessons from a lifelong journey with psoriasis | AbbVie,Dashboard Metrics Card,Displays key facts or metrics in a concise format.,M,1,Requires dynamic data rendering and styling.,https://www.abbvie.com/who-we-are/our-stories/lessons-from-a-lifelong-journey-with-psoriasis.html,dashboard_card,Metric display,Ensure data accuracy and styling consistency.
Lessons from a lifelong journey with psoriasis | AbbVie,Secondary Navigation,Provides additional navigation options within the Science section.,M,1,Additional navigation depth with dropdowns.,https://www.abbvie.com/who-we-are/our-stories/lessons-from-a-lifelong-journey-with-psoriasis.html,secondary_navigation,Section navigation,Ensure dropdown functionality and accessibility.
Lessons from a lifelong journey with psoriasis | AbbVie,Science Section Introduction,Introduces the Science section with a brief paragraph.,S,1,Static content with no interactive elements.,https://www.abbvie.com/who-we-are/our-stories/lessons-from-a-lifelong-journey-with-psoriasis.html,science_intro,Introductory text,Verify text formatting and alignment.
Lessons from a lifelong journey with psoriasis | AbbVie,Science Call-to-Action,Encourages navigation to the Science page.,S,1,Single interactive button with basic styling.,https://www.abbvie.com/who-we-are/our-stories/lessons-from-a-lifelong-journey-with-psoriasis.html,science_cta_button,Navigation button,Ensure button is styled and accessible.
Lessons from a lifelong journey with psoriasis | AbbVie,Science Related Links,Displays links related to the Science section.,S,1,Static list with no interactivity.,https://www.abbvie.com/who-we-are/our-stories/lessons-from-a-lifelong-journey-with-psoriasis.html,science_link_list,Link group,Ensure links are descriptive and accessible.
Lessons from a lifelong journey with psoriasis | AbbVie,Science Story Card,Highlights a story related to Science with an image and description.,M,1,Includes image and text with potential interactive elements.,https://www.abbvie.com/who-we-are/our-stories/lessons-from-a-lifelong-journey-with-psoriasis.html,science_story_card,Story highlight,Ensure responsive design and compatibility.
Lessons from a lifelong journey with psoriasis | AbbVie,Science Metrics Card,Displays key science-related metrics in a concise format.,M,1,Requires dynamic data rendering and styling.,https://www.abbvie.com/who-we-are/our-stories/lessons-from-a-lifelong-journey-with-psoriasis.html,science_dashboard_card,Metric display,Ensure data accuracy and styling consistency.
Precision Medicine – it’s not just for oncology anymore | AbbVie,Global Utility Strip,"Provides quick access to contact, subscription, and group site links.",M,1,Includes multiple links and potential accessibility considerations.,https://www.abbvie.com/who-we-are/our-stories/precision-medicine-its-not-just-for-oncology-anymore.html,global_utility_strip,Utility strip,No direct match found in the AEM blocks catalog.
Precision Medicine – it’s not just for oncology anymore | AbbVie,Primary Navigation,Main navigation menu for the website.,C,1,Deep navigation structure with potential for complex interactivity and accessibility needs.,https://www.abbvie.com/who-we-are/our-stories/precision-medicine-its-not-just-for-oncology-anymore.html,primary_navigation,Main navigation,No direct match found in the AEM blocks catalog.
Precision Medicine – it’s not just for oncology anymore | AbbVie,Content Cards,Displays various content cards with images and descriptive text.,M,1,Involves responsive grid layouts and interactive elements.,https://www.abbvie.com/who-we-are/our-stories/precision-medicine-its-not-just-for-oncology-anymore.html,content_cards,Content display,Matched to the 'Cards' block in the AEM catalog.
The story behind our $50 billion R&amp;D investment | AbbVie,Primary Navigation,Main site navigation with dropdown menus for exploring sections.,M,1,Navigation includes dropdown menus and accessibility considerations.,https://www.abbvie.com/who-we-are/our-stories/the-story-behind-our-50-billion-rd-investment.html,primary_navigation,Main navigation,Consider accessibility and responsive design requirements.
The story behind our $50 billion R&amp;D investment | AbbVie,Hero Section,Prominent section with a large image and key message to capture attention.,M,1,Hero section requires image optimization and responsive layout.,https://www.abbvie.com/who-we-are/our-stories/the-story-behind-our-50-billion-rd-investment.html,hero_section,Hero banner,Ensure visual appeal and alignment with branding guidelines.
The story behind our $50 billion R&amp;D investment | AbbVie,Story Highlights,Highlights key stories or features in a card layout.,M,1,Card layout requires dynamic data integration and accessibility features.,https://www.abbvie.com/who-we-are/our-stories/the-story-behind-our-50-billion-rd-investment.html,story_highlights,Card layout,Consider dynamic data fetching and user engagement strategies.
The story behind our $50 billion R&amp;D investment | AbbVie,Call-to-Action Grid,Grid layout with buttons and links to encourage user interaction.,M,1,Interactive grid requires responsive design and accessibility compliance.,https://www.abbvie.com/who-we-are/our-stories/the-story-behind-our-50-billion-rd-investment.html,cta_grid,Button grid,Ensure clear call-to-action and intuitive user interaction.
Make the complicated simple: Inside the world of Human Factors Engineers | AbbVie,Global Utility Strip,"Provides quick access to contact, subscription, and group site links.",S,1,Simple utility functionality without deep interactivity.,https://www.abbvie.com/who-we-are/our-stories/make-complicated-simple-inside-world-human-factors-engineers.html,global_utility_strip,Utility strip,No exact match in catalog; basic functionality.
Make the complicated simple: Inside the world of Human Factors Engineers | AbbVie,Primary Navigation,Main site navigation including the logo and menu.,M,1,Navigation with potential dropdowns and accessibility considerations.,https://www.abbvie.com/who-we-are/our-stories/make-complicated-simple-inside-world-human-factors-engineers.html,primary_navigation,Main navigation,No exact match in catalog; navigation complexity varies.
Make the complicated simple: Inside the world of Human Factors Engineers | AbbVie,Hero Section,Highlights the main story with a large image and heading.,S,1,Static hero section without advanced interactivity.,https://www.abbvie.com/who-we-are/our-stories/make-complicated-simple-inside-world-human-factors-engineers.html,hero_section,Hero,Mapped to Hero catalog entry with CSS and JS assets.
Make the complicated simple: Inside the world of Human Factors Engineers | AbbVie,Story Cards Grid,"Displays a grid of story cards with images, titles, and descriptions.",M,1,Card layout with responsive design and potential dynamic content.,https://www.abbvie.com/who-we-are/our-stories/make-complicated-simple-inside-world-human-factors-engineers.html,story_cards_grid,Story cards,Mapped to Cards catalog entry with CSS and JS assets.
Make the complicated simple: Inside the world of Human Factors Engineers | AbbVie,Dashboard Cards,Shows key statistics and highlights in a card format.,M,1,Card layout with statistical content and potential dynamic updates.,https://www.abbvie.com/who-we-are/our-stories/make-complicated-simple-inside-world-human-factors-engineers.html,dashboard_cards,Dashboard cards,Mapped to Cards catalog entry with CSS and JS assets.
Living with the unknowns of Alzheimer’s disease | AbbVie,Global Utility Strip,"Provides quick access to contact, subscription, and group site links.",S,1,Limited scope and interaction complexity.,https://www.abbvie.com/who-we-are/our-stories/living-with-unknowns-alzheimers-disease.html,global_utility_strip,Utility strip,No exact match found in AEM catalog.
Living with the unknowns of Alzheimer’s disease | AbbVie,Primary Navigation,Main navigation menu with links to primary sections of the site.,M,1,Involves hierarchical navigation and accessibility considerations.,https://www.abbvie.com/who-we-are/our-stories/living-with-unknowns-alzheimers-disease.html,primary_navigation,Main navigation,No exact match found in AEM catalog.
Living with the unknowns of Alzheimer’s disease | AbbVie,Main Content,Contains the primary content of the page including text and images.,S,1,Simple content rendering without dynamic interactions.,https://www.abbvie.com/who-we-are/our-stories/living-with-unknowns-alzheimers-disease.html,main_content,Content area,No exact match found in AEM catalog.
How uterine fibroids feel to a patient…who’s also a doctor | AbbVie,Utility Strip,Provides quick access links for user utility functions.,S,1,Minimal complexity due to static links and straightforward functionality.,https://www.abbvie.com/who-we-are/our-stories/how-uterine-fibroids-feel-to-patient-who-is-also-doctor.html,global_utility_strip,Utility strip,No matching block found in AEM catalog.
How uterine fibroids feel to a patient…who’s also a doctor | AbbVie,Primary Navigation,Enables navigation across main site sections.,C,1,High complexity due to dropdown menus and multi-level navigation.,https://www.abbvie.com/who-we-are/our-stories/how-uterine-fibroids-feel-to-patient-who-is-also-doctor.html,primary_navigation,Main navigation,No matching block found in AEM catalog.
How uterine fibroids feel to a patient…who’s also a doctor | AbbVie,Back to Top Button,Allows users to quickly scroll back to the top of the page.,S,1,Simple functionality with minimal interactivity.,https://www.abbvie.com/who-we-are/our-stories/how-uterine-fibroids-feel-to-patient-who-is-also-doctor.html,back_to_top,Scroll button,No matching block found in AEM catalog.
Magnified featuring Matt Widman | AbbVie,Primary Navigation,Main site navigation with dropdown menus and links.,C,1,"Complexity arises from accessibility requirements, dropdown interactions, and potential integration with other navigation features.",https://www.abbvie.com/who-we-are/our-stories/magnified-featuring-matt-widman.html,primary_navigation,Main navigation,This block is essential for site usability and user experience.
Magnified featuring Matt Widman | AbbVie,Card Grid Section,Displays a grid of cards highlighting various content pieces.,M,1,Moderate complexity due to responsive design and dynamic content handling.,https://www.abbvie.com/who-we-are/our-stories/magnified-featuring-matt-widman.html,card_grid_section,Content grid,This block is used for presenting multiple content items in a structured format.
Jason Smith | AbbVie,Global Utility Strip,"Provides quick access to contact, subscription, and group site links.",S,1,"Minimal interaction, static links.",https://www.abbvie.com/who-we-are/our-leaders/jason-smith.html,global_utility_strip,Utility strip,No matching block found in the AEM catalog.
Jason Smith | AbbVie,Primary Navigation,Main site navigation with dropdown menus for exploring site sections.,M,1,Contains dropdown menus and hierarchical navigation.,https://www.abbvie.com/who-we-are/our-leaders/jason-smith.html,primary_navigation,Main navigation,No matching block found in the AEM catalog.
Unlocking the next level of protein degradation | AbbVie,Global Utility Strip,"Provides quick access to contact, subscription, and group site links.",S,1,Minimal functionality with straightforward implementation.,https://www.abbvie.com/who-we-are/our-stories/unlocking-the-next-level-of-protein-degradation.html,global_utility_strip,Utility strip,No exact match in AEM catalog.
Unlocking the next level of protein degradation | AbbVie,Primary Navigation,"Main navigation menu for the site, including dropdowns for sections.",M,1,Includes dropdown navigation requiring additional accessibility considerations.,https://www.abbvie.com/who-we-are/our-stories/unlocking-the-next-level-of-protein-degradation.html,primary_navigation,Main navigation,No exact match in AEM catalog.
Unlocking the next level of protein degradation | AbbVie,Footer Links,Footer navigation links and additional site information.,S,1,Simple navigation links in footer.,https://www.abbvie.com/who-we-are/our-stories/unlocking-the-next-level-of-protein-degradation.html,footer_links,Footer navigation,No exact match in AEM catalog.
Magnified featuring Jonathon Sedgwick | AbbVie,Global Navigation,Primary navigation bar providing access to main site sections.,M,1,Includes deep navigation structure and potential accessibility requirements.,https://www.abbvie.com/who-we-are/our-stories/magnified-featuring-jonathon-sedgwick.html,global_navigation,Main navigation,No direct match in AEM catalog.
Magnified featuring Jonathon Sedgwick | AbbVie,Hero Section,Prominent hero image and heading introducing the page content.,S,1,Basic styling and positioning.,https://www.abbvie.com/who-we-are/our-stories/magnified-featuring-jonathon-sedgwick.html,hero_section,Hero banner,Exact match found in AEM catalog.
Magnified featuring Jonathon Sedgwick | AbbVie,Main Content,Primary content area featuring the article and related information.,M,1,Potentially complex layout with dynamic content.,https://www.abbvie.com/who-we-are/our-stories/magnified-featuring-jonathon-sedgwick.html,main_content,Article content,No direct match in AEM catalog.
"AbbVie rebuilds North Chicago’s middle school, inspiring students to reach higher | AbbVie",Global Utility Strip,"Provides quick access to contact, subscription, and group site links.",S,1,Limited functionality and scope.,https://www.abbvie.com/who-we-are/our-stories/abbvie-rebuilds-north-chicagos-middle-school-inspiring-students-to-reach-higher.html,global_utility_strip,Utility strip,No exact match in the catalog.
"AbbVie rebuilds North Chicago’s middle school, inspiring students to reach higher | AbbVie",Primary Navigation,Main site navigation with dropdown menus for exploring site sections.,C,1,Deep navigation structure with dropdowns.,https://www.abbvie.com/who-we-are/our-stories/abbvie-rebuilds-north-chicagos-middle-school-inspiring-students-to-reach-higher.html,primary_navigation,Main navigation,No exact match in the catalog.
"AbbVie rebuilds North Chicago’s middle school, inspiring students to reach higher | AbbVie",Story Highlight,Displays a featured story with an image and description.,M,1,Includes image and text layout.,https://www.abbvie.com/who-we-are/our-stories/abbvie-rebuilds-north-chicagos-middle-school-inspiring-students-to-reach-higher.html,story_highlight,Featured story,No exact match in the catalog.
"AbbVie rebuilds North Chicago’s middle school, inspiring students to reach higher | AbbVie",Content Cards,Displays additional stories or features in a card layout.,M,1,Uses grid layout for responsiveness.,https://www.abbvie.com/who-we-are/our-stories/abbvie-rebuilds-north-chicagos-middle-school-inspiring-students-to-reach-higher.html,content_cards,Card layout,Matched to 'Cards' in the catalog.
Finding hope in a pandemic: A conversation with two hepatitis C experts | AbbVie,Global Utility Strip,"Provides quick access to contact information, subscription options, and links to group sites.",S,1,"This block is straightforward, with limited interactivity and static content.",https://www.abbvie.com/who-we-are/our-stories/finding-hope-in-a-pandemic--a-conversation-with-two-hepatitis-c-.html,global_utility_strip,Utility strip,No matching catalog entry found.
Finding hope in a pandemic: A conversation with two hepatitis C experts | AbbVie,Primary Navigation,Main site navigation with links to key sections and dropdown menus.,C,1,This block includes dropdown menus and potential deep navigation structures.,https://www.abbvie.com/who-we-are/our-stories/finding-hope-in-a-pandemic--a-conversation-with-two-hepatitis-c-.html,primary_navigation,Main navigation,No matching catalog entry found.
Then and now: A renaissance in blood cancer treatment | AbbVie,Global Navigation,Provides primary site navigation and branding.,M,1,Model output omitted this blockId after catalog review. Mapped as Unmapped; re-run mapping or fix agent output.,https://www.abbvie.com/who-we-are/our-stories/then-and-now-renaissance-in-blood-cancer-treatment.html,global_navigation,default,templateIds: tpl_158
Then and now: A renaissance in blood cancer treatment | AbbVie,Main Content,"Contains the primary content of the page, including articles and features.",M,1,Model output omitted this blockId after catalog review. Mapped as Unmapped; re-run mapping or fix agent output.,https://www.abbvie.com/who-we-are/our-stories/then-and-now-renaissance-in-blood-cancer-treatment.html,main_content,default,templateIds: tpl_158
Trapped in your own skin | AbbVie,Global Header,Provides the main navigation and branding for the site.,S,1,Simple header implementation without advanced features.,https://www.abbvie.com/who-we-are/our-stories/trapped-in-your-own-skin.html,global_header,Main navigation,No exact match found in the catalog.
Trapped in your own skin | AbbVie,Primary Navigation,Implements the primary navigation menu for the site.,M,1,Navigation menus often require additional accessibility considerations.,https://www.abbvie.com/who-we-are/our-stories/trapped-in-your-own-skin.html,primary_navigation,Utility strip,No exact match found in the catalog.
Trapped in your own skin | AbbVie,Hero Section,Displays a prominent hero image and headline to highlight key content.,M,1,Includes styling and scripting for visual emphasis and responsiveness.,https://www.abbvie.com/who-we-are/our-stories/trapped-in-your-own-skin.html,hero_section,Hero banner,Matched to 'Hero' block in the catalog.
Why isn’t medicine one size fits all? | AbbVie,Global Utility Strip,"Provides quick access to contact, subscription, and group site links.",S,1,Simple utility strip with limited interactions.,https://www.abbvie.com/who-we-are/our-stories/why-isnt-medicine-one-size-fits-all.html,global_utility_strip,Utility strip,No matching block found in catalog.
Why isn’t medicine one size fits all? | AbbVie,Primary Navigation,Main site navigation for accessing different sections.,M,1,Moderate complexity due to hierarchical navigation.,https://www.abbvie.com/who-we-are/our-stories/why-isnt-medicine-one-size-fits-all.html,primary_navigation,Main navigation,No matching block found in catalog.
Why isn’t medicine one size fits all? | AbbVie,Hero Section,Highlights the main theme or topic of the page with a prominent image and heading.,M,1,Includes prominent visual elements and potential animations.,https://www.abbvie.com/who-we-are/our-stories/why-isnt-medicine-one-size-fits-all.html,hero_section,Hero layout,Mapped to Hero block from catalog.
Why isn’t medicine one size fits all? | AbbVie,Content Introduction,Introduces the main content of the page with a brief description.,S,1,Simple textual content introduction.,https://www.abbvie.com/who-we-are/our-stories/why-isnt-medicine-one-size-fits-all.html,content_intro,Introductory text,No matching block found in catalog.
Why isn’t medicine one size fits all? | AbbVie,Card Grid,Displays a collection of cards with images and text for various topics.,M,1,Uses a grid layout for responsiveness and visual organization.,https://www.abbvie.com/who-we-are/our-stories/why-isnt-medicine-one-size-fits-all.html,card_grid,Card layout,Mapped to Cards block from catalog.
Real-world data rounds out value picture of drugs | AbbVie,Global Utility Strip,"Provides quick access to contact, subscription, and group site links.",S,1,Low complexity due to limited functionality and straightforward layout.,https://www.abbvie.com/who-we-are/our-stories/real-world-data-rounds-out-value-picture-drugs.html,global_utility_strip,Utility strip,No matching catalog entry found.
Real-world data rounds out value picture of drugs | AbbVie,Primary Navigation,Contains the main site navigation including dropdown menus for sections like 'Who We Are' and 'Science'.,M,1,Medium complexity due to dropdown functionality and deep site integration.,https://www.abbvie.com/who-we-are/our-stories/real-world-data-rounds-out-value-picture-drugs.html,primary_navigation,Main navigation,No matching catalog entry found.
Real-world data rounds out value picture of drugs | AbbVie,Hero Section,"Highlights the main visual and text content of the page, providing a strong first impression.",M,1,Medium complexity due to visual prominence and styling requirements.,https://www.abbvie.com/who-we-are/our-stories/real-world-data-rounds-out-value-picture-drugs.html,hero_section,Hero layout,Matched to catalog entry 'Hero'.
Real-world data rounds out value picture of drugs | AbbVie,Content Teaser Cards,Displays a grid of cards summarizing key content areas with links to detailed pages.,M,1,Medium complexity due to responsive grid layout and interactivity.,https://www.abbvie.com/who-we-are/our-stories/real-world-data-rounds-out-value-picture-drugs.html,content_teaser_cards,Card grid,Matched to catalog entry 'Cards'.
Real-world data rounds out value picture of drugs | AbbVie,Prose Columns,Presents detailed textual information in a structured column layout.,S,1,Low complexity due to static textual content.,https://www.abbvie.com/who-we-are/our-stories/real-world-data-rounds-out-value-picture-drugs.html,prose_columns,Text columns,No matching catalog entry found.
A history of discovery: Why we focus on challenging eye care diseases | AbbVie,Global Navigation,Primary navigation bar with logo and menu items.,M,1,Includes accessibility and responsive design considerations for navigation.,https://www.abbvie.com/who-we-are/our-stories/a-history-discovery-why-we-focus-on-eye-cares-toughest-diseases.html,global_navigation,Primary navigation,This block was not matched to a specific AEM catalog entry.
A history of discovery: Why we focus on challenging eye care diseases | AbbVie,Hero Section,Main visual and textual introduction to the page.,M,1,Requires integration of large images and text with responsive design.,https://www.abbvie.com/who-we-are/our-stories/a-history-discovery-why-we-focus-on-eye-cares-toughest-diseases.html,hero_section,Hero banner,Matched to the Hero block in the AEM catalog.
A history of discovery: Why we focus on challenging eye care diseases | AbbVie,Primary Call to Action,Encourages users to explore further content or actions.,S,1,Simple button functionality with basic styling.,https://www.abbvie.com/who-we-are/our-stories/a-history-discovery-why-we-focus-on-eye-cares-toughest-diseases.html,primary_cta,Call to action,This block was not matched to a specific AEM catalog entry.
A history of discovery: Why we focus on challenging eye care diseases | AbbVie,Card Grid,Displays a grid of cards with images and descriptions.,M,1,Includes responsive grid layout and dynamic content loading.,https://www.abbvie.com/who-we-are/our-stories/a-history-discovery-why-we-focus-on-eye-cares-toughest-diseases.html,card_grid,Card layout,Matched to the Cards block in the AEM catalog.
A history of discovery: Why we focus on challenging eye care diseases | AbbVie,Footer,Footer section with additional navigation and information.,M,1,Integration of multiple links and accessibility features.,https://www.abbvie.com/who-we-are/our-stories/a-history-discovery-why-we-focus-on-eye-cares-toughest-diseases.html,footer,Footer,Matched to the Footer block in the AEM catalog.
"Rebuilding Puerto Rico, one community health center at a time | AbbVie",Global Header,Displays the global header including navigation and branding.,M,1,Includes navigation and branding elements requiring CSS and JS.,https://www.abbvie.com/who-we-are/our-stories/rebuilding-puerto-rico-one-community-health-center-at-a-time.html,global_header,Primary navigation,Mapped to the Header block in AEM.
"Rebuilding Puerto Rico, one community health center at a time | AbbVie",Main Content,Holds and displays the main content of the page.,M,1,Central content area with potential dynamic elements.,https://www.abbvie.com/who-we-are/our-stories/rebuilding-puerto-rico-one-community-health-center-at-a-time.html,main_content,Content display,No direct match found in the AEM catalog.
"Rebuilding Puerto Rico, one community health center at a time | AbbVie",Footer,Displays the footer with links and additional navigation.,M,1,Includes structured footer content with styling.,https://www.abbvie.com/who-we-are/our-stories/rebuilding-puerto-rico-one-community-health-center-at-a-time.html,footer,Footer navigation,Mapped to the Footer block in AEM.
Magnified featuring Shuhong Zhang | AbbVie,Primary Navigation,Provides main site navigation with links to key sections.,M,1,Navigation involves accessibility considerations and potentially deep link structures.,https://www.abbvie.com/who-we-are/our-stories/magnified-featuring-shuhong-zhang.html,primary_navigation,Main navigation,Consider accessibility standards and responsive design for navigation.
Magnified featuring Shuhong Zhang | AbbVie,Hero Section,Highlights the main story or feature of the page.,M,1,"Hero sections often involve dynamic content, large visuals, and responsive design.",https://www.abbvie.com/who-we-are/our-stories/magnified-featuring-shuhong-zhang.html,hero_section,Visual highlight,Ensure optimal image loading and compatibility across devices.
Magnified featuring Shuhong Zhang | AbbVie,Content Cards,Displays a grid of cards summarizing related content.,M,1,Card grids require responsive layout and consistent styling across devices.,https://www.abbvie.com/who-we-are/our-stories/magnified-featuring-shuhong-zhang.html,content_cards,Content summary,Focus on usability and visual consistency for card design.
The blueprint of you: Unlocking the potential of whole genome sequencing | AbbVie,Global Utility Strip,"Provides quick access links for contact, subscription, and group sites.",S,1,Simple navigation links without interactivity.,https://www.abbvie.com/who-we-are/our-stories/the-blueprint-of-you-unlocking-potential-whole-genome-sequencing.html,global_utility_strip,Utility strip,"No direct match in catalog, custom implementation likely."
The blueprint of you: Unlocking the potential of whole genome sequencing | AbbVie,Primary Navigation,Main navigation with dropdown menus for site sections.,M,1,Dropdown menu interactions and multi-level navigation.,https://www.abbvie.com/who-we-are/our-stories/the-blueprint-of-you-unlocking-potential-whole-genome-sequencing.html,primary_navigation,Main navigation,No catalog match; complex dropdown navigation.
The blueprint of you: Unlocking the potential of whole genome sequencing | AbbVie,Hero Section,Highlights main story with a prominent image and heading.,M,1,Visual prominence and potential dynamic content.,https://www.abbvie.com/who-we-are/our-stories/the-blueprint-of-you-unlocking-potential-whole-genome-sequencing.html,hero_section,Hero banner,"Catalog match found, standard hero implementation."
The blueprint of you: Unlocking the potential of whole genome sequencing | AbbVie,Content Teasers,Displays teasers for featured articles and stories.,M,1,Dynamic teaser content and layout adjustments.,https://www.abbvie.com/who-we-are/our-stories/the-blueprint-of-you-unlocking-potential-whole-genome-sequencing.html,content_teasers,Content previews,No catalog match; custom teaser layout likely.
The math of migraine | AbbVie,Global Utility Bar,Provides quick access to contact information and links.,S,1,Simple navigation links with minimal styling.,https://www.abbvie.com/who-we-are/our-stories/the-math-of-migraine.html,global_utility_strip,Utility strip,No exact match found in AEM catalog.
The math of migraine | AbbVie,Site Navigation,Main site navigation with dropdown menus.,M,1,Includes dropdown menus and requires responsive design.,https://www.abbvie.com/who-we-are/our-stories/the-math-of-migraine.html,primary_navigation,Main navigation,No exact match found in AEM catalog.
The math of migraine | AbbVie,Story Cards,Displays featured stories with images and descriptions.,M,1,Visual content layout with interactive elements.,https://www.abbvie.com/who-we-are/our-stories/the-math-of-migraine.html,story_highlight_cards,Featured stories,Mapped to 'Cards' in AEM catalog.
The math of migraine | AbbVie,Data Cards,Showcases statistics and achievements visually.,M,1,Requires dynamic data presentation with responsive design.,https://www.abbvie.com/who-we-are/our-stories/the-math-of-migraine.html,data_highlight_cards,Key statistics,Mapped to 'Cards' in AEM catalog.
Magnified featuring Darin Messina | AbbVie,Utility Strip,"Provides quick access to contact, subscription, and group site links.",S,1,Simple functionality with minimal complexity.,https://www.abbvie.com/who-we-are/our-stories/magnified-featuring-darin-messina.html,global_utility_strip,Utility strip,No matching catalog entry found.
Magnified featuring Darin Messina | AbbVie,Primary Navigation,Main site navigation with hierarchical menu structure.,C,1,Complex hierarchical navigation structure.,https://www.abbvie.com/who-we-are/our-stories/magnified-featuring-darin-messina.html,primary_navigation,Main navigation,No matching catalog entry found.
Magnified featuring Sean McEwen | AbbVie,Global Utility Strip,Provides global utilities such as contact and subscription links.,S,1,Simple utility links without deep interaction.,https://www.abbvie.com/who-we-are/our-stories/magnified-featuring-sean-mcewen.html,global_utility_strip,Utility strip,No exact match found in AEM catalog.
Magnified featuring Sean McEwen | AbbVie,Primary Navigation,Main navigation for accessing major site sections.,M,1,Structured navigation with potential accessibility features.,https://www.abbvie.com/who-we-are/our-stories/magnified-featuring-sean-mcewen.html,primary_navigation,Main navigation,No exact match found in AEM catalog.
Magnified featuring Sean McEwen | AbbVie,Main Content,Displays the primary content of the page.,M,1,Content block with potential dynamic elements.,https://www.abbvie.com/who-we-are/our-stories/magnified-featuring-sean-mcewen.html,main_content,Content area,No exact match found in AEM catalog.
A journey of sight: Progress toward treating neglected tropical diseases | AbbVie,Global Header,Provides main navigation and branding elements.,M,1,Includes branding and accessibility considerations.,https://www.abbvie.com/who-we-are/our-stories/a-journey-of-sight-progress.html,global_header,Utility strip,Ensure compliance with brand guidelines.
A journey of sight: Progress toward treating neglected tropical diseases | AbbVie,Primary Navigation,Facilitates navigation to main sections.,C,1,Deep navigation structure and accessibility requirements.,https://www.abbvie.com/who-we-are/our-stories/a-journey-of-sight-progress.html,main_navigation,Main navigation,Consider responsive design for mobile users.
A journey of sight: Progress toward treating neglected tropical diseases | AbbVie,Story Highlight,Displays a featured story with image and text.,M,1,Includes dynamic content and layout design.,https://www.abbvie.com/who-we-are/our-stories/a-journey-of-sight-progress.html,story_highlight,Featured story,Ensure content alignment with page theme.
A journey of sight: Progress toward treating neglected tropical diseases | AbbVie,Dashboard Cards,Showcases metrics or highlights in card format.,M,1,Requires dynamic data integration and responsive layout.,https://www.abbvie.com/who-we-are/our-stories/a-journey-of-sight-progress.html,dashboard_cards,Metrics display,Optimize for performance and data visualization.
What does it take to discover a new medicine? | AbbVie,Global Utility Strip,"Provides quick access to contact information, subscription options, and links to group sites.",M,1,Model output omitted this blockId after catalog review. Mapped as Unmapped; re-run mapping or fix agent output.,https://www.abbvie.com/who-we-are/our-stories/what-does-it-take-to-discover-a-new-medicine.html,global_utility_strip,default,templateIds: tpl_170
What does it take to discover a new medicine? | AbbVie,Primary Navigation,Main site navigation including logo and menu options for accessing different sections.,M,1,Model output omitted this blockId after catalog review. Mapped as Unmapped; re-run mapping or fix agent output.,https://www.abbvie.com/who-we-are/our-stories/what-does-it-take-to-discover-a-new-medicine.html,primary_navigation,default,templateIds: tpl_170
What does it take to discover a new medicine? | AbbVie,Hero Section,Prominent visual and textual introduction to the page content.,M,1,Model output omitted this blockId after catalog review. Mapped as Unmapped; re-run mapping or fix agent output.,https://www.abbvie.com/who-we-are/our-stories/what-does-it-take-to-discover-a-new-medicine.html,hero_section,default,templateIds: tpl_170
What does it take to discover a new medicine? | AbbVie,Content Introduction,Introductory text explaining the purpose of the page.,M,1,Model output omitted this blockId after catalog review. Mapped as Unmapped; re-run mapping or fix agent output.,https://www.abbvie.com/who-we-are/our-stories/what-does-it-take-to-discover-a-new-medicine.html,content_intro,default,templateIds: tpl_170
What does it take to discover a new medicine? | AbbVie,Main Call to Action,Primary button encouraging users to explore further content.,M,1,Model output omitted this blockId after catalog review. Mapped as Unmapped; re-run mapping or fix agent output.,https://www.abbvie.com/who-we-are/our-stories/what-does-it-take-to-discover-a-new-medicine.html,main_cta,default,templateIds: tpl_170
What does it take to discover a new medicine? | AbbVie,Link List,List of links to related content or resources.,M,1,Model output omitted this blockId after catalog review. Mapped as Unmapped; re-run mapping or fix agent output.,https://www.abbvie.com/who-we-are/our-stories/what-does-it-take-to-discover-a-new-medicine.html,link_list,default,templateIds: tpl_170
What does it take to discover a new medicine? | AbbVie,Featured Story Card,"Highlighted story with an image, title, and brief description.",M,1,Model output omitted this blockId after catalog review. Mapped as Unmapped; re-run mapping or fix agent output.,https://www.abbvie.com/who-we-are/our-stories/what-does-it-take-to-discover-a-new-medicine.html,featured_story_card,default,templateIds: tpl_170
What does it take to discover a new medicine? | AbbVie,Data Highlight Card,Card displaying key data points or statistics.,M,1,Model output omitted this blockId after catalog review. Mapped as Unmapped; re-run mapping or fix agent output.,https://www.abbvie.com/who-we-are/our-stories/what-does-it-take-to-discover-a-new-medicine.html,data_highlight_card,default,templateIds: tpl_170
Shining a light on glaucoma and eye health | AbbVie,Global Navigation,Provides site-wide navigation links and branding.,M,1,Includes accessibility considerations for navigation and potential branding integration.,https://www.abbvie.com/who-we-are/our-stories/shining-light-on-glaucoma-and-eye-health.html,global_navigation,Main navigation,No exact match found in the catalog.
Shining a light on glaucoma and eye health | AbbVie,Main Content,Contains the primary content of the page.,M,1,Handles dynamic content rendering and layout adjustments.,https://www.abbvie.com/who-we-are/our-stories/shining-light-on-glaucoma-and-eye-health.html,main_content,Primary content,No exact match found in the catalog.
Shining a light on glaucoma and eye health | AbbVie,Footer,Displays footer content with additional navigation and site information.,S,1,Basic styling and fragment integration.,https://www.abbvie.com/who-we-are/our-stories/shining-light-on-glaucoma-and-eye-health.html,footer,Footer,Matched with catalog entry 'Footer'.
"Three factors that drove the transformational integration of AbbVie, Allergan | AbbVie",Global Header,Provides branding and navigation elements for the site.,M,1,Includes branding and navigation elements requiring accessibility and responsive design.,https://www.abbvie.com/who-we-are/our-stories/three-factors-that-drove-transformational-integration-abbvie-allergan.html,global_header,Utility strip,Mapped to 'Header' from AEM catalog.
"Three factors that drove the transformational integration of AbbVie, Allergan | AbbVie",Main Navigation,Provides primary navigation links for the site.,M,1,Complex navigation structure with potential accessibility requirements.,https://www.abbvie.com/who-we-are/our-stories/three-factors-that-drove-transformational-integration-abbvie-allergan.html,main_navigation,Main navigation,No direct match in AEM catalog.
"Three factors that drove the transformational integration of AbbVie, Allergan | AbbVie",Content Section,"Displays the main content of the page, including articles and stories.",M,1,Main content area with dynamic content handling and layout requirements.,https://www.abbvie.com/who-we-are/our-stories/three-factors-that-drove-transformational-integration-abbvie-allergan.html,content_section,Content area,No direct match in AEM catalog.
"Three factors that drove the transformational integration of AbbVie, Allergan | AbbVie",Footer,Contains footer links and additional site navigation.,M,1,Footer requires styling and link management.,https://www.abbvie.com/who-we-are/our-stories/three-factors-that-drove-transformational-integration-abbvie-allergan.html,footer,Footer,Mapped to 'Footer' from AEM catalog.
How medicinal chemists are creating new weapons against autoimmune diseases | AbbVie,Global Utility Strip,"Provides quick access to global utilities like contact, subscribe, and group sites.",S,1,Simple navigation bar without advanced features.,https://www.abbvie.com/who-we-are/our-stories/how-medicinal-chemists-are-creating-new-weapons-against-autoimmune-diseases.html,global_utility_strip,Utility strip,No direct mapping found in the AEM catalog.
How medicinal chemists are creating new weapons against autoimmune diseases | AbbVie,Primary Navigation,Main site navigation with dropdown menus for accessing different sections of the site.,M,1,Dropdown functionality adds moderate complexity.,https://www.abbvie.com/who-we-are/our-stories/how-medicinal-chemists-are-creating-new-weapons-against-autoimmune-diseases.html,primary_navigation,Main navigation,No direct mapping found in the AEM catalog.
How medicinal chemists are creating new weapons against autoimmune diseases | AbbVie,Story Content,Main content area presenting the detailed story or article.,S,1,Static content display with minimal interactive elements.,https://www.abbvie.com/who-we-are/our-stories/how-medicinal-chemists-are-creating-new-weapons-against-autoimmune-diseases.html,story_content,Content area,No direct mapping found in the AEM catalog.
How medicinal chemists are creating new weapons against autoimmune diseases | AbbVie,Related Articles,Displays links to related articles or stories for further exploration.,M,1,Dynamic linking and potential integration with related content systems.,https://www.abbvie.com/who-we-are/our-stories/how-medicinal-chemists-are-creating-new-weapons-against-autoimmune-diseases.html,related_articles,Related links,No direct mapping found in the AEM catalog.
Navigating ulcerative colitis as a child | AbbVie,Global Utility Strip,"Provides quick access to contact, subscribe, and group site links.",S,1,Simple navigation links without further interactivity.,https://www.abbvie.com/who-we-are/our-stories/navigating-ulcerative-colitis-as-a-child.html,global_utility_strip,Utility strip,No matches found in the AEM catalog.
Navigating ulcerative colitis as a child | AbbVie,Primary Navigation,Main navigation bar with logo and menu items.,M,1,Includes logo and potentially hierarchical menu structure.,https://www.abbvie.com/who-we-are/our-stories/navigating-ulcerative-colitis-as-a-child.html,primary_navigation,Main navigation,No matches found in the AEM catalog.
Navigating ulcerative colitis as a child | AbbVie,Main Content,Primary content area with articles and information.,M,1,Content block with multiple sections and potential embedded media.,https://www.abbvie.com/who-we-are/our-stories/navigating-ulcerative-colitis-as-a-child.html,main_content,Content area,No matches found in the AEM catalog.
Advancing a public health approach to patient safety | AbbVie,Utility Strip,"Provides quick access to contact, subscription, and group site links.",S,1,Simple navigation links without deep interactivity.,https://www.abbvie.com/who-we-are/our-stories/advancing-a-public-health-approach-to-patient-safety.html,global_utility_strip,Utility strip,No matching block found in the catalog.
Advancing a public health approach to patient safety | AbbVie,Primary Navigation,Main site navigation with dropdown menus for accessing different sections.,M,1,Dropdown menus and navigation depth increase implementation scope.,https://www.abbvie.com/who-we-are/our-stories/advancing-a-public-health-approach-to-patient-safety.html,primary_navigation,Main navigation,No matching block found in the catalog.
Advancing a public health approach to patient safety | AbbVie,Content Introduction,Provides an introductory text and call-to-action for the page.,S,1,Static text content with minimal interactivity.,https://www.abbvie.com/who-we-are/our-stories/advancing-a-public-health-approach-to-patient-safety.html,content_intro,Introductory content,No matching block found in the catalog.
Advancing a public health approach to patient safety | AbbVie,Content Cards,Displays featured stories or articles in a card format.,M,1,Dynamic card layout requiring responsive design and interactivity.,https://www.abbvie.com/who-we-are/our-stories/advancing-a-public-health-approach-to-patient-safety.html,content_cards,Card-based content,No matching block found in the catalog.
Connecting patients with care: 3 lessons learned during COVID-19 | AbbVie,Global Site Header,Displays the website's main navigation and branding elements.,M,1,"Includes navigation, branding, and potential accessibility features.",https://www.abbvie.com/who-we-are/our-stories/connecting-patients-with-care-3-lessons-learned-during-covid-19.html,global_header,Main navigation,Mapped to the AEM block 'Header'.
Connecting patients with care: 3 lessons learned during COVID-19 | AbbVie,Hero Image Section,Provides a visually prominent hero image and heading at the top of the page.,M,1,Requires responsive design and visual prominence.,https://www.abbvie.com/who-we-are/our-stories/connecting-patients-with-care-3-lessons-learned-during-covid-19.html,hero_section,Hero banner,Mapped to the AEM block 'Hero'.
Connecting patients with care: 3 lessons learned during COVID-19 | AbbVie,Primary Navigation,Serves as the main site navigation menu.,M,1,Deep navigation and potential accessibility requirements.,https://www.abbvie.com/who-we-are/our-stories/connecting-patients-with-care-3-lessons-learned-during-covid-19.html,primary_navigation,Site menu,No direct mapping found in the AEM catalog.
Connecting patients with care: 3 lessons learned during COVID-19 | AbbVie,Main Content Area,Holds the primary content of the page.,M,1,Content area with potential for dynamic and interactive elements.,https://www.abbvie.com/who-we-are/our-stories/connecting-patients-with-care-3-lessons-learned-during-covid-19.html,main_content,Content container,No direct mapping found in the AEM catalog.
Connecting patients with care: 3 lessons learned during COVID-19 | AbbVie,Site Footer,Displays the footer with additional navigation and information.,S,1,Basic layout and styling for footer content.,https://www.abbvie.com/who-we-are/our-stories/connecting-patients-with-care-3-lessons-learned-during-covid-19.html,footer,Footer navigation,Mapped to the AEM block 'Footer'.
More than Skin Deep: 3 Lessons for Expanding Equity in Dermatology | AbbVie,Global Navigation,The primary navigation bar allowing users to explore the main sections of the website.,M,1,Model output omitted this blockId after catalog review. Mapped as Unmapped; re-run mapping or fix agent output.,https://www.abbvie.com/who-we-are/our-stories/more-than-skin-deep-3-lessons-for-expanding-equity-in-dermatology.html,global_navigation,default,templateIds: tpl_177
More than Skin Deep: 3 Lessons for Expanding Equity in Dermatology | AbbVie,Main Content,"The primary content of the page, including the article and related information.",M,1,Model output omitted this blockId after catalog review. Mapped as Unmapped; re-run mapping or fix agent output.,https://www.abbvie.com/who-we-are/our-stories/more-than-skin-deep-3-lessons-for-expanding-equity-in-dermatology.html,main_content,default,templateIds: tpl_177
Making it migraine-friendly: Why we’re reimagining the workplace | AbbVie,Global Header,"Provides primary navigation, branding, and utility links.",M,1,"Includes navigation elements and branding, requiring responsive design and accessibility compliance.",https://www.abbvie.com/who-we-are/our-stories/making-it-migraine-friendly-why-were-reimagining-workplace.html,global_header,Utility strip and branding header,Should align with corporate branding guidelines.
Making it migraine-friendly: Why we’re reimagining the workplace | AbbVie,Hero Section,Displays the main visual and title for the page.,M,1,Requires dynamic rendering of visuals and text with responsive design.,https://www.abbvie.com/who-we-are/our-stories/making-it-migraine-friendly-why-were-reimagining-workplace.html,hero_section,Main visual and title,Should integrate with page theme and branding.
Making it migraine-friendly: Why we’re reimagining the workplace | AbbVie,Main Navigation,Provides the main site navigation with dropdown menus.,C,1,Includes dropdown menus and extensive navigation structure requiring accessibility and usability testing.,https://www.abbvie.com/who-we-are/our-stories/making-it-migraine-friendly-why-were-reimagining-workplace.html,main_navigation,Primary navigation,Critical for site usability and user experience.
Making it migraine-friendly: Why we’re reimagining the workplace | AbbVie,Content Introduction,Introduces the main content of the page with a title and description.,S,1,Simple text display with styling.,https://www.abbvie.com/who-we-are/our-stories/making-it-migraine-friendly-why-were-reimagining-workplace.html,content_intro,Title and description,Should be visually engaging and concise.
Making it migraine-friendly: Why we’re reimagining the workplace | AbbVie,Call to Action Button,Provides a button for navigating to a related page.,S,1,Simple interactive element with styling.,https://www.abbvie.com/who-we-are/our-stories/making-it-migraine-friendly-why-were-reimagining-workplace.html,cta_button,Button with link,Should be prominent and visually distinct.
Making it migraine-friendly: Why we’re reimagining the workplace | AbbVie,Featured Cards,Displays cards with featured content and links.,M,1,"Requires dynamic rendering of cards, responsive design, and integration with content management.",https://www.abbvie.com/who-we-are/our-stories/making-it-migraine-friendly-why-were-reimagining-workplace.html,featured_cards,Card grid layout,Should maintain consistency with site design and branding.
ChemBeads: improving artificial intelligence through human ingenuity | AbbVie,Site Header,Provides branding and primary navigation for the site.,M,1,Includes dynamic elements such as navigation menus and branding integration.,https://www.abbvie.com/who-we-are/our-stories/chembeads-improving-artificial-intelligence-through-human-ingenuity.html,header_navigation,Primary navigation,Ensure accessibility compliance for navigation and branding elements.
ChemBeads: improving artificial intelligence through human ingenuity | AbbVie,Hero Banner,Serves as a visual introduction with a large image and heading.,S,1,Simple layout with straightforward styling and image integration.,https://www.abbvie.com/who-we-are/our-stories/chembeads-improving-artificial-intelligence-through-human-ingenuity.html,hero_section,Lead image and title,Optimize image loading and responsiveness.
ChemBeads: improving artificial intelligence through human ingenuity | AbbVie,Main Content Area,Hosts the primary content of the page.,M,1,"Potentially includes rich text, multimedia, and interactive elements.",https://www.abbvie.com/who-we-are/our-stories/chembeads-improving-artificial-intelligence-through-human-ingenuity.html,main_content,Primary content,Unmapped block type; further analysis required for precise classification.
Stronger together: A convergence of minds and data | AbbVie,Global Utility Strip,"Provides global utilities such as contact, subscribe, and group site links.",S,1,Simple functionality with minimal accessibility concerns.,https://www.abbvie.com/who-we-are/our-stories/stronger-together-convergence-minds-and-data.html,global_utility_strip,Utility strip,"No matching catalog block found, consider custom implementation."
Stronger together: A convergence of minds and data | AbbVie,Primary Navigation,Contains the main navigation menu and branding elements.,M,1,Moderate complexity due to navigation depth and potential accessibility requirements.,https://www.abbvie.com/who-we-are/our-stories/stronger-together-convergence-minds-and-data.html,primary_navigation,Main navigation,"No matching catalog block found, consider custom implementation."
How AbbVie is bringing antiviral expertise to the COVID-19 battle | AbbVie,Global Utility Strip,"Provides quick access to contact, subscription, and group site links.",S,1,Simple header utility strip with limited functionality.,https://www.abbvie.com/who-we-are/our-stories/how-abbvie-is-bringing-antiviral-expertise-to-covid-19-battle.html,global_utility_strip,Utility strip,"No direct match in AEM catalog, considered as a generic utility strip."
How AbbVie is bringing antiviral expertise to the COVID-19 battle | AbbVie,Primary Navigation,Main site navigation with dropdown menus for exploring site sections.,M,1,Involves dropdown menus and site-wide navigation structure.,https://www.abbvie.com/who-we-are/our-stories/how-abbvie-is-bringing-antiviral-expertise-to-covid-19-battle.html,primary_navigation,Main navigation,"No direct match in AEM catalog, considered as a generic navigation block."
Chasing the value of a walk down the aisle | AbbVie,Global Utility Strip,"Provides quick access to contact, subscription, and group site links.",S,1,Limited scope with basic links and accessibility.,https://www.abbvie.com/who-we-are/our-stories/chasing-the-value-of-a-walk-down-the-aisle.html,global_utility_strip,Utility strip,No direct match found in the catalog.
Chasing the value of a walk down the aisle | AbbVie,Primary Navigation,"Main navigation menu for the site, including dropdowns for major sections.",M,1,Dropdown menus increase implementation complexity.,https://www.abbvie.com/who-we-are/our-stories/chasing-the-value-of-a-walk-down-the-aisle.html,primary_navigation,Main navigation,No direct match found in the catalog.
Chasing the value of a walk down the aisle | AbbVie,Hero Section,Prominent visual and text area introducing the page topic.,M,1,Requires responsive design and potential animation support.,https://www.abbvie.com/who-we-are/our-stories/chasing-the-value-of-a-walk-down-the-aisle.html,hero_section,Hero,Matched to 'Hero' in the AEM catalog.
Chasing the value of a walk down the aisle | AbbVie,Content Cards,Displays key stories or highlights in a card format.,M,1,Grid layout and responsive design considerations.,https://www.abbvie.com/who-we-are/our-stories/chasing-the-value-of-a-walk-down-the-aisle.html,content_cards,Content cards,Matched to 'Cards' in the AEM catalog.
Chasing the value of a walk down the aisle | AbbVie,Dashboard Cards,Shows summarized data or facts in a compact card layout.,M,1,Data-driven design and compact layout implementation.,https://www.abbvie.com/who-we-are/our-stories/chasing-the-value-of-a-walk-down-the-aisle.html,dashboard_cards,Dashboard cards,No direct match found in the catalog.
Day in the Life: Government affairs director educates and empowers | AbbVie,Global Utility Strip,"Provides quick access links for contact, subscription, and group sites.",S,1,Simple link-based utility bar for navigation.,https://www.abbvie.com/who-we-are/our-stories/day-in-life-government-affairs-director-educates-and-empowers.html,global_utility_strip,Utility strip,No matching block found in the catalog.
Day in the Life: Government affairs director educates and empowers | AbbVie,Primary Navigation,Main navigation bar for accessing key site sections.,M,1,Primary navigation with potential dropdowns or multi-level menus.,https://www.abbvie.com/who-we-are/our-stories/day-in-life-government-affairs-director-educates-and-empowers.html,primary_navigation,Main navigation,No matching block found in the catalog.
Day in the Life: Creating impact with nonprofit partners | AbbVie,Global Navigation,Provides access to primary site sections.,M,1,"Includes accessibility considerations for navigation, multi-level menu support.",https://www.abbvie.com/who-we-are/our-stories/day-in-the-life-creating-impact-with-nonprofit-partners.html,global_navigation,Main navigation,"Not found in current AEM catalog, possible custom implementation."
Day in the Life: Creating impact with nonprofit partners | AbbVie,Hero Section,Displays a prominent hero section with a large image and heading.,S,1,Basic styling and positioning using CSS.,https://www.abbvie.com/who-we-are/our-stories/day-in-the-life-creating-impact-with-nonprofit-partners.html,hero_section,Hero banner,Matches catalog entry for Hero block.
Day in the Life: Creating impact with nonprofit partners | AbbVie,Main Content Area,Contains the primary content of the page.,M,1,May include dynamic content and accessibility features.,https://www.abbvie.com/who-we-are/our-stories/day-in-the-life-creating-impact-with-nonprofit-partners.html,main_content,Main content,"Not found in current AEM catalog, potential custom or generic content block."
Day in the Life: Creating impact with nonprofit partners | AbbVie,Footer,Displays footer content with navigation and resources.,M,1,Includes dynamic content fetching and styling.,https://www.abbvie.com/who-we-are/our-stories/day-in-the-life-creating-impact-with-nonprofit-partners.html,footer,Footer,Matches catalog entry for Footer block.
Life after stroke: Living with and researching spasticity | AbbVie,Utility Strip,Provides quick access to critical links and information.,S,1,Limited scope; simple link-based functionality.,https://www.abbvie.com/who-we-are/our-stories/life-after-stroke-living-with-and-researching-spasticity.html,global_utility_strip,Utility strip,No matching block found in the AEM catalog.
Life after stroke: Living with and researching spasticity | AbbVie,Primary Navigation,Main navigation bar with dropdown menus for site-wide navigation.,C,1,Complexity due to dropdown menus and potential accessibility considerations.,https://www.abbvie.com/who-we-are/our-stories/life-after-stroke-living-with-and-researching-spasticity.html,primary_navigation,Main navigation,No matching block found in the AEM catalog.
Nisha Burns | AbbVie,Utility Strip,"Provides quick access to contact, subscription, and group site links.",S,1,Simple navigation links with minimal interactivity.,https://www.abbvie.com/who-we-are/our-leaders/nisha-patel-burns.html,global_utility_strip,Utility strip,No direct match in AEM catalog.
Nisha Burns | AbbVie,Primary Navigation,Main site navigation with branding and menu items.,M,1,Moderate complexity due to branding integration and menu structuring.,https://www.abbvie.com/who-we-are/our-leaders/nisha-patel-burns.html,primary_navigation,Main navigation,No direct match in AEM catalog.
Nisha Burns | AbbVie,Lead Content,Introduces the primary focus or subject of the page.,M,1,Requires structured presentation of key page content.,https://www.abbvie.com/who-we-are/our-leaders/nisha-patel-burns.html,lead_content,Content lead,No direct match in AEM catalog.
Nisha Burns | AbbVie,Back to Top,Provides a button to scroll back to the top of the page.,S,1,Simple functionality with minimal interactivity.,https://www.abbvie.com/who-we-are/our-leaders/nisha-patel-burns.html,back_to_top,Scroll utility,No direct match in AEM catalog.
"Injecting hope, one vaccine at a time | AbbVie",Global Navigation,Provides site-wide navigation links and branding.,M,1,Includes global navigation and branding elements.,https://www.abbvie.com/who-we-are/our-stories/injecting-hope-one-vaccine-at-a-time.html,global_navigation,Main navigation,No matching block found in the AEM catalog.
"Injecting hope, one vaccine at a time | AbbVie",Hero Section,Displays the main headline and image for the page.,M,1,Requires specific styling and image positioning.,https://www.abbvie.com/who-we-are/our-stories/injecting-hope-one-vaccine-at-a-time.html,hero_section,Hero image with headline,Matched to the Hero block in the AEM catalog.
"Injecting hope, one vaccine at a time | AbbVie",Main Content Introduction,Introduces the main content with a brief description and a call-to-action button.,M,1,Includes a call-to-action element.,https://www.abbvie.com/who-we-are/our-stories/injecting-hope-one-vaccine-at-a-time.html,main_content_intro,Introductory section with CTA,No matching block found in the AEM catalog.
"Injecting hope, one vaccine at a time | AbbVie",Related Content Cards,Displays cards linking to related stories or content.,M,1,Requires dynamic content linking and card layout.,https://www.abbvie.com/who-we-are/our-stories/injecting-hope-one-vaccine-at-a-time.html,related_content_cards,Content cards,No matching block found in the AEM catalog.
Profile Stories | AbbVie,Global Utility Strip,"Provides quick access to contact, subscription, and group site links.",S,1,Basic functionality with static links.,https://www.abbvie.com/who-we-are/our-stories/profile-stories.html,global_utility_strip,Utility strip,No exact match found in the AEM catalog.
Profile Stories | AbbVie,Primary Navigation,Main navigation bar linking to site sections.,M,1,Moderate complexity due to potential interactivity and accessibility requirements.,https://www.abbvie.com/who-we-are/our-stories/profile-stories.html,primary_navigation,Main navigation,No exact match found in the AEM catalog.
Profile Stories | AbbVie,Hero Section,Prominent section featuring a large image and heading.,M,1,Requires attention to responsive design and accessibility.,https://www.abbvie.com/who-we-are/our-stories/profile-stories.html,hero_section,Hero,Mapped to 'Hero' from the AEM catalog.
Profile Stories | AbbVie,Profile Stories Grid,Displays a grid of profile stories with images and descriptions.,C,1,High complexity due to dynamic content and layout management.,https://www.abbvie.com/who-we-are/our-stories/profile-stories.html,profile_stories_grid,Grid layout,No exact match found in the AEM catalog.
Magnified featuring Edrice Simmons | AbbVie,Global Utility Strip,"Provides quick access to contact, subscription, and group site links.",S,1,This block is straightforward and does not involve complex functionalities.,https://www.abbvie.com/who-we-are/our-stories/magnified-featuring-edrice-simmons.html,global_utility_strip,Utility strip,This block is used for utility purposes and is static.
Magnified featuring Edrice Simmons | AbbVie,Primary Navigation,Main site navigation with dropdown menus for exploring sections.,M,1,Navigation involves dropdowns and accessibility considerations.,https://www.abbvie.com/who-we-are/our-stories/magnified-featuring-edrice-simmons.html,primary_navigation,Main navigation,Ensure dropdowns are accessible and properly styled.
Company Stories | AbbVie,Utility Strip,"Provides top-level utility links such as contact, subscribe, and group sites.",S,1,Simple navigation links with minimal interactivity.,https://www.abbvie.com/who-we-are/our-stories/company-stories.html,global_utility_strip,Utility strip,No exact match found in the AEM catalog.
Company Stories | AbbVie,Primary Navigation,Contains the main navigation menu for site navigation.,M,1,Main navigation with potential for dropdowns and hierarchical complexity.,https://www.abbvie.com/who-we-are/our-stories/company-stories.html,primary_navigation,Main navigation,No exact match found in the AEM catalog.
Company Stories | AbbVie,Hero Section,Highlights the main story or focus of the page with a prominent image and text.,M,1,Requires styling for large images and text with potential for animations.,https://www.abbvie.com/who-we-are/our-stories/company-stories.html,hero_section,Hero banner,Mapped to the Hero block in the AEM catalog.
Company Stories | AbbVie,Card Grid,Displays a grid of cards showcasing various stories or highlights.,M,1,Grid layout with responsive design and interactive card elements.,https://www.abbvie.com/who-we-are/our-stories/company-stories.html,card_grid,Card layout,Mapped to the Cards block in the AEM catalog.
EEDI Stories | AbbVie,Global Utility Strip,"Provides quick access to contact, subscription, and group site links.",S,1,Simple utility links without deep navigation or complex interactivity.,https://www.abbvie.com/who-we-are/our-stories/eedi-stories.html,global_utility_strip,Utility strip,No exact match in catalog.
EEDI Stories | AbbVie,Primary Navigation,Main navigation bar with site-wide links and dropdowns.,C,1,Includes dropdowns and site-wide navigation.,https://www.abbvie.com/who-we-are/our-stories/eedi-stories.html,primary_navigation,Main navigation,No exact match in catalog.
EEDI Stories | AbbVie,Hero Section,Displays the main headline and introductory content for the page.,M,1,Hero sections typically involve responsive design and large imagery.,https://www.abbvie.com/who-we-are/our-stories/eedi-stories.html,hero_section,Hero banner,Mapped to catalog 'Hero'.
EEDI Stories | AbbVie,Story Cards,Showcases highlighted stories in a card format.,M,1,Card layouts often involve dynamic content and responsive design.,https://www.abbvie.com/who-we-are/our-stories/eedi-stories.html,story_cards,Story highlight cards,Mapped to catalog 'Cards'.
EEDI Stories | AbbVie,Dashboard Cards,Displays key metrics or highlights in a dashboard format.,M,1,Card layouts often involve dynamic content and responsive design.,https://www.abbvie.com/who-we-are/our-stories/eedi-stories.html,dashboard_cards,Dashboard metrics cards,Mapped to catalog 'Cards'.
Sustainability Stories | AbbVie,Global Utility Strip,"Provides quick access to links like contact, subscription, and group sites.",S,1,Simple navigation structure with minimal interactivity.,https://www.abbvie.com/who-we-are/our-stories/sustainability-stories.html,global_utility_strip,Utility strip,Matches Header block functionality closely.
Sustainability Stories | AbbVie,Primary Navigation,Main site navigation including dropdown menus for major sections.,M,1,Includes dropdown menus and structured navigation.,https://www.abbvie.com/who-we-are/our-stories/sustainability-stories.html,primary_navigation,Main navigation,Dropdown functionality adds moderate complexity.
Sustainability Stories | AbbVie,Hero Section,Highlights the page's main theme with a large visual and text.,M,1,Visual emphasis with text overlay; requires responsive design.,https://www.abbvie.com/who-we-are/our-stories/sustainability-stories.html,hero_section,Hero banner,Directly aligns with AEM Hero block.
Sustainability Stories | AbbVie,Featured Story Card,"Displays a highlighted story with image, title, and description.",M,1,Card layout with dynamic content integration.,https://www.abbvie.com/who-we-are/our-stories/sustainability-stories.html,featured_story_card,Story highlight,Fits within the Cards block description.
Sustainability Stories | AbbVie,Card Grid,Grid layout showcasing multiple cards for stories.,M,1,Responsive grid layout with multiple interactive cards.,https://www.abbvie.com/who-we-are/our-stories/sustainability-stories.html,card_grid,Grid of cards,Maps to Cards block for layout and styling.
Sustainability Stories | AbbVie,Footer Navigation,Contains links to additional resources and site navigation at the bottom.,S,1,Basic footer structure with static links.,https://www.abbvie.com/who-we-are/our-stories/sustainability-stories.html,footer_navigation,Footer links,Directly matches Footer block functionality.
Sustainability Stories | AbbVie,Back to Top Button,Provides quick navigation back to the top of the page.,S,1,Simple button functionality with scrolling effect.,https://www.abbvie.com/who-we-are/our-stories/sustainability-stories.html,back_to_top_button,Scroll to top,No direct match found in AEM block catalog.
AbbVie Research Collaborative | AbbVie,Global Utility Strip,"Provides quick access links like contact, subscribe, and group sites.",S,1,Simple links with minimal functionality.,https://www.abbvie.com/who-we-are/our-stories/abbvie-research-collaborative.html,global_utility_strip,Utility strip,No matching catalog entry found.
AbbVie Research Collaborative | AbbVie,Primary Navigation,Main navigation menu for site sections and submenus.,C,1,Deep navigation structure with potential accessibility considerations.,https://www.abbvie.com/who-we-are/our-stories/abbvie-research-collaborative.html,primary_navigation,Main navigation,No matching catalog entry found.
AbbVie Research Collaborative | AbbVie,Hero Section,Prominent section featuring a large image and introductory content.,M,1,Visual prominence and integration of large media assets.,https://www.abbvie.com/who-we-are/our-stories/abbvie-research-collaborative.html,hero_section,Hero,Mapped to 'Hero' from catalog.
AbbVie Research Collaborative | AbbVie,Multi-Column Call to Actions,Displays multiple call-to-action elements in a grid layout.,M,1,Multiple interactive elements with grid layout.,https://www.abbvie.com/who-we-are/our-stories/abbvie-research-collaborative.html,multi_column_cta,Call to action grid,No matching catalog entry found.
AbbVie Research Collaborative | AbbVie,Card Grid,Grid layout displaying cards with images and text.,M,1,Dynamic card elements with potential interactivity.,https://www.abbvie.com/who-we-are/our-stories/abbvie-research-collaborative.html,card_grid,Card grid,No matching catalog entry found.
Shedding light upon a misunderstood skin condition: Hidradenitis Suppurativa | AbbVie,Utility Strip,"Provides quick access to contact, subscription, and group site links.",S,1,Simple functionality with minimal interaction.,https://www.abbvie.com/who-we-are/our-stories/shedding-light-upon-a-misunderstood-skin-condition-hidradenitis.html,global_utility_strip,Utility strip,No matching catalog entry found for 'Utility Strip'.
Shedding light upon a misunderstood skin condition: Hidradenitis Suppurativa | AbbVie,Primary Navigation,"Main site navigation with dropdowns for sections like Who We Are, Science, and Patients.",M,1,Includes dropdown menus and section navigation.,https://www.abbvie.com/who-we-are/our-stories/shedding-light-upon-a-misunderstood-skin-condition-hidradenitis.html,primary_navigation,Main navigation,No matching catalog entry found for 'Primary Navigation'.
How AbbVie is working to push boundaries in mental health research | AbbVie,Global Utility Strip,Provides site-wide utility links for contact and subscription.,S,1,Simple links with minimal styling.,https://www.abbvie.com/who-we-are/our-stories/a-legacy-of-leadership-in-mental-health.html,global_utility_strip,Utility strip,May include accessibility features for navigation.
How AbbVie is working to push boundaries in mental health research | AbbVie,Primary Navigation,"Main navigation for the site, including dropdown menus.",C,1,Deep navigation structure requiring accessibility compliance.,https://www.abbvie.com/who-we-are/our-stories/a-legacy-of-leadership-in-mental-health.html,primary_navigation,Main navigation,Dropdown menus may demand additional scripting and styling.
How AbbVie is working to push boundaries in mental health research | AbbVie,Hero Section,Introduces the page with a large image and heading.,M,1,Styling and layout of hero elements.,https://www.abbvie.com/who-we-are/our-stories/a-legacy-of-leadership-in-mental-health.html,hero_section,Hero section,Focus on visual impact and responsiveness.
How AbbVie is working to push boundaries in mental health research | AbbVie,Main Content,Displays the primary content of the page.,M,1,"Content may include images, text, and embedded elements.",https://www.abbvie.com/who-we-are/our-stories/a-legacy-of-leadership-in-mental-health.html,main_content,Content area,Ensure proper layout and readability.
How AbbVie is working to push boundaries in mental health research | AbbVie,Card Grid,Organizes content into a responsive grid of cards.,M,1,Responsive layout and card styling.,https://www.abbvie.com/who-we-are/our-stories/a-legacy-of-leadership-in-mental-health.html,card_grid,Content grid,May include interactive elements per card.
How AbbVie is working to push boundaries in mental health research | AbbVie,Back to Top Button,Allows users to quickly scroll to the top of the page.,S,1,Simple functionality with minimal styling.,https://www.abbvie.com/who-we-are/our-stories/a-legacy-of-leadership-in-mental-health.html,back_to_top,Utility button,Ensure visibility and accessibility.
Magnified featuring Johanna Corbin | AbbVie,Global Navigation,"Provides the main navigation menu for the site, including links to key sections and dropdowns for subcategories.",M,1,Includes dropdowns and hierarchical navigation structures.,https://www.abbvie.com/who-we-are/our-stories/magnified-featuring-johanna-corbin.html,global_navigation,Main navigation,No exact match found in the AEM blocks catalog.
Magnified featuring Johanna Corbin | AbbVie,Main Content,"Contains the primary content of the page, including text, images, and links.",S,1,Standard responsive grid layout with text and images.,https://www.abbvie.com/who-we-are/our-stories/magnified-featuring-johanna-corbin.html,main_content,Content display,No exact match found in the AEM blocks catalog.
5 ways AbbVie is working to deliver medicines in half the time | AbbVie,Global Utility Strip,Provides quick access to contact information and subscription options.,S,1,Low complexity due to simple navigation links.,https://www.abbvie.com/who-we-are/our-stories/5-ways-abbvie-work-to-deliver-medicines-in-half-the-time.html,global_utility_strip,Utility strip,No direct mapping found in the AEM catalog.
5 ways AbbVie is working to deliver medicines in half the time | AbbVie,Primary Navigation,Main navigation menu for site sections and links.,C,1,High complexity due to dropdowns and accessibility requirements.,https://www.abbvie.com/who-we-are/our-stories/5-ways-abbvie-work-to-deliver-medicines-in-half-the-time.html,primary_navigation,Main navigation,No direct mapping found in the AEM catalog.
5 ways AbbVie is working to deliver medicines in half the time | AbbVie,Multi-Column CTAs,Grid layout for multiple call-to-action buttons.,M,1,Medium complexity due to layout and responsive design.,https://www.abbvie.com/who-we-are/our-stories/5-ways-abbvie-work-to-deliver-medicines-in-half-the-time.html,multi_column_ctas,Call-to-action grid,No direct mapping found in the AEM catalog.
5 ways AbbVie is working to deliver medicines in half the time | AbbVie,Card Grid,Displays a grid of cards with images and descriptions.,M,1,Medium complexity due to card layout and styling.,https://www.abbvie.com/who-we-are/our-stories/5-ways-abbvie-work-to-deliver-medicines-in-half-the-time.html,card_grid,Card grid,Mapped to 'Cards' in the AEM catalog.
5 ways AbbVie is working to deliver medicines in half the time | AbbVie,Back to Top Button,Button for scrolling to the top of the page.,S,1,Low complexity due to single functionality.,https://www.abbvie.com/who-we-are/our-stories/5-ways-abbvie-work-to-deliver-medicines-in-half-the-time.html,back_to_top,Scroll utility,No direct mapping found in the AEM catalog.
Voices of AbbVie: Reflecting on a decade of impact | AbbVie,Global Navigation,"Provides primary navigation links for the website, including dropdown menus for different sections.",M,1,Requires implementation of dropdown menus and accessibility features.,https://www.abbvie.com/who-we-are/our-stories/voices-abbvie-reflecting-on-decade-impact.html,global_navigation,Primary navigation,Could benefit from additional accessibility testing.
Voices of AbbVie: Reflecting on a decade of impact | AbbVie,Hero Section,Displays the main visual and introductory content of the page.,M,1,Involves dynamic content and styling for a prominent visual feature.,https://www.abbvie.com/who-we-are/our-stories/voices-abbvie-reflecting-on-decade-impact.html,hero_section,Page introduction,Ensure proper image scaling and responsiveness.
Voices of AbbVie: Reflecting on a decade of impact | AbbVie,Main Content Area,"Contains the primary content of the page, including stories and articles.",M,1,Handles diverse content types and layout structures.,https://www.abbvie.com/who-we-are/our-stories/voices-abbvie-reflecting-on-decade-impact.html,main_content,Content display,Consider modularizing for reusability.
Voices of AbbVie: Reflecting on a decade of impact | AbbVie,Footer,"Provides additional navigation links, contact information, and other relevant footer content.",S,1,Simpler implementation with static content and styling.,https://www.abbvie.com/who-we-are/our-stories/voices-abbvie-reflecting-on-decade-impact.html,footer,Footer navigation,Ensure consistent styling across pages.
Resilient Reality: The Emotional Toll of Ovarian Cancer | AbbVie,Global Utility Strip,"Provides quick access to contact, subscription, and site navigation links.",M,1,Model output omitted this blockId after catalog review. Mapped as Unmapped; re-run mapping or fix agent output.,https://www.abbvie.com/who-we-are/our-stories/resilient-reality-the-emotional-toll-of-ovarian-cancer.html,global_utility_strip,default,templateIds: tpl_199
Resilient Reality: The Emotional Toll of Ovarian Cancer | AbbVie,Primary Navigation,Main site navigation with dropdown menus for exploring site sections.,M,1,Model output omitted this blockId after catalog review. Mapped as Unmapped; re-run mapping or fix agent output.,https://www.abbvie.com/who-we-are/our-stories/resilient-reality-the-emotional-toll-of-ovarian-cancer.html,primary_navigation,default,templateIds: tpl_199
Resilient Reality: The Emotional Toll of Ovarian Cancer | AbbVie,Main Content Area,"Contains the primary content of the page, including articles and related information.",M,1,Model output omitted this blockId after catalog review. Mapped as Unmapped; re-run mapping or fix agent output.,https://www.abbvie.com/who-we-are/our-stories/resilient-reality-the-emotional-toll-of-ovarian-cancer.html,main_content,default,templateIds: tpl_199
Going inside prison walls to help eliminate hepatitis C | AbbVie,Global Utility Strip,"Provides quick access to contact, subscription, and group site links.",S,1,Low complexity due to straightforward implementation.,https://www.abbvie.com/who-we-are/our-stories/going-inside-prison-walls-to-help-eliminate-hepatitis-c.html,global_utility_strip,Utility Strip,No matching catalog entry found.
Going inside prison walls to help eliminate hepatitis C | AbbVie,Primary Navigation,Main navigation menu for the website.,M,1,Moderate complexity due to navigation depth.,https://www.abbvie.com/who-we-are/our-stories/going-inside-prison-walls-to-help-eliminate-hepatitis-c.html,primary_navigation,Main Navigation,No matching catalog entry found.
Going inside prison walls to help eliminate hepatitis C | AbbVie,Related Links,Displays additional resources or related topics.,S,1,Low complexity due to basic link listing.,https://www.abbvie.com/who-we-are/our-stories/going-inside-prison-walls-to-help-eliminate-hepatitis-c.html,related_links,Related Topics,No matching catalog entry found.
Going inside prison walls to help eliminate hepatitis C | AbbVie,Back to Top Button,Provides a button to quickly scroll back to the top of the page.,S,1,Low complexity due to simple functionality.,https://www.abbvie.com/who-we-are/our-stories/going-inside-prison-walls-to-help-eliminate-hepatitis-c.html,back_to_top,Scroll Utility,No matching catalog entry found.
Science Stories | AbbVie,Global Utility Strip,"Top-level links for contact, subscription, and group sites.",S,1,Basic layout and link management.,https://www.abbvie.com/who-we-are/our-stories/science-stories.html,global_utility_strip,Utility strip,No direct match found in the AEM blocks catalog.
Science Stories | AbbVie,Primary Navigation,Main site navigation including branding and menu.,M,1,Requires dynamic menu generation and responsive design.,https://www.abbvie.com/who-we-are/our-stories/science-stories.html,primary_navigation,Main navigation,No direct match found in the AEM blocks catalog.
Science Stories | AbbVie,Hero Section,Prominent introductory section with a large image and heading.,M,1,Includes large image and text styling elements.,https://www.abbvie.com/who-we-are/our-stories/science-stories.html,hero_section,Hero,Mapped to Hero in the AEM blocks catalog.
Science Stories | AbbVie,Science Story Card,"Highlighted story card with an image, title, and description.",M,1,Requires integration of dynamic data and styling.,https://www.abbvie.com/who-we-are/our-stories/science-stories.html,science_story_card,Card,No direct match found in the AEM blocks catalog.
Science Stories | AbbVie,Dashboard Facts,Displays key statistics and achievements.,M,1,Complex layout for presenting statistical data.,https://www.abbvie.com/who-we-are/our-stories/science-stories.html,dashboard_facts,Dashboard,No direct match found in the AEM blocks catalog.
Why you can’t wait with rheumatoid arthritis | AbbVie,Global Utility Strip,"Provides quick access to contact, subscription, and group site links.",S,1,"Limited functionality, focused on navigation links.",https://www.abbvie.com/who-we-are/our-stories/why-you-cant-wait-with-rheumatoid-arthritis.html,global_utility_strip,Utility strip,No direct match found in AEM catalog.
Why you can’t wait with rheumatoid arthritis | AbbVie,Primary Navigation,Main navigation menu for the website.,M,1,Moderate complexity due to potential deep navigation structure.,https://www.abbvie.com/who-we-are/our-stories/why-you-cant-wait-with-rheumatoid-arthritis.html,primary_navigation,Main navigation,No direct match found in AEM catalog.
Why you can’t wait with rheumatoid arthritis | AbbVie,Hero Section,Prominent hero image and headline introducing the page.,M,1,Requires styling and scripting for image placement and heading visibility.,https://www.abbvie.com/who-we-are/our-stories/why-you-cant-wait-with-rheumatoid-arthritis.html,hero_section,Hero,Mapped to 'Hero' block from AEM catalog.
Why you can’t wait with rheumatoid arthritis | AbbVie,Footer,Footer section containing additional navigation and contact information.,M,1,Includes navigation and styling for accessibility.,https://www.abbvie.com/who-we-are/our-stories/why-you-cant-wait-with-rheumatoid-arthritis.html,footer,Footer,Mapped to 'Footer' block from AEM catalog.
Specialized Research in Chaotic Systems (SPaRCS) | AbbVie,Global Utility Strip,"Provides quick access to contact information, subscription options, and links to group sites.",M,1,"No LLM mapping run. Enable credentials for the block-mapping agent, or assign catalog blocks manually using query_aem_blocks_catalog / MCP list_blocks.",https://www.abbvie.com/who-we-are/our-stories/specialized-research-in-chaotic-systems-sparcs.html,global_utility_strip,default,templateIds: tpl_203
Specialized Research in Chaotic Systems (SPaRCS) | AbbVie,Primary Navigation,Main navigation menu for site sections and pages.,M,1,"No LLM mapping run. Enable credentials for the block-mapping agent, or assign catalog blocks manually using query_aem_blocks_catalog / MCP list_blocks.",https://www.abbvie.com/who-we-are/our-stories/specialized-research-in-chaotic-systems-sparcs.html,primary_navigation,default,templateIds: tpl_203
Specialized Research in Chaotic Systems (SPaRCS) | AbbVie,Content Introduction,Introductory text and links related to the page topic.,M,1,"No LLM mapping run. Enable credentials for the block-mapping agent, or assign catalog blocks manually using query_aem_blocks_catalog / MCP list_blocks.",https://www.abbvie.com/who-we-are/our-stories/specialized-research-in-chaotic-systems-sparcs.html,content_intro,default,templateIds: tpl_203
Specialized Research in Chaotic Systems (SPaRCS) | AbbVie,Card Grid,Displays a grid of cards with images and descriptions for featured content.,M,1,"No LLM mapping run. Enable credentials for the block-mapping agent, or assign catalog blocks manually using query_aem_blocks_catalog / MCP list_blocks.",https://www.abbvie.com/who-we-are/our-stories/specialized-research-in-chaotic-systems-sparcs.html,card_grid,default,templateIds: tpl_203
Specialized Research in Chaotic Systems (SPaRCS) | AbbVie,Footer,"Contains site-wide links, copyright information, and additional navigation.",M,1,"No LLM mapping run. Enable credentials for the block-mapping agent, or assign catalog blocks manually using query_aem_blocks_catalog / MCP list_blocks.",https://www.abbvie.com/who-we-are/our-stories/specialized-research-in-chaotic-systems-sparcs.html,footer,default,templateIds: tpl_203
The value of education: From a dim reality to a bright future | AbbVie,Global Utility Strip,"Provides quick access to contact, subscription, and group site links.",S,1,Basic navigation and utility links.,https://www.abbvie.com/who-we-are/our-stories/the-value-of-education-from-a-dim-reality-to-a-bright-future.html,global_utility_strip,Utility strip,No matching catalog entry found.
The value of education: From a dim reality to a bright future | AbbVie,Primary Navigation,Main site navigation with dropdown menus for exploring site sections.,M,1,Includes dropdown functionality for navigation.,https://www.abbvie.com/who-we-are/our-stories/the-value-of-education-from-a-dim-reality-to-a-bright-future.html,primary_navigation,Main navigation,No matching catalog entry found.
The value of education: From a dim reality to a bright future | AbbVie,Hero Section,Prominent section featuring a large image and introductory content.,M,1,Requires responsive design and large media handling.,https://www.abbvie.com/who-we-are/our-stories/the-value-of-education-from-a-dim-reality-to-a-bright-future.html,hero_section,Hero image and text,No matching catalog entry found.
The value of education: From a dim reality to a bright future | AbbVie,Story Highlights,Displays featured stories and articles with images and descriptions.,M,1,Image and text layout with interactivity.,https://www.abbvie.com/who-we-are/our-stories/the-value-of-education-from-a-dim-reality-to-a-bright-future.html,story_highlights,Featured stories,No matching catalog entry found.
The value of education: From a dim reality to a bright future | AbbVie,Recognition Facts,Highlights key achievements and recognitions.,S,1,Static content display.,https://www.abbvie.com/who-we-are/our-stories/the-value-of-education-from-a-dim-reality-to-a-bright-future.html,recognition_facts,Achievements highlights,No matching catalog entry found.
The value of education: From a dim reality to a bright future | AbbVie,Science Section,Showcases scientific advancements and areas of focus.,M,1,Complex content presentation with possible interactivity.,https://www.abbvie.com/who-we-are/our-stories/the-value-of-education-from-a-dim-reality-to-a-bright-future.html,science_section,Content showcase,No matching catalog entry found.
The value of education: From a dim reality to a bright future | AbbVie,Science Highlights,Features key scientific stories and achievements.,M,1,Similar to story highlights but focused on science.,https://www.abbvie.com/who-we-are/our-stories/the-value-of-education-from-a-dim-reality-to-a-bright-future.html,science_highlights,Scientific stories,No matching catalog entry found.
How the Parkinson’s Disease Community and AbbVie are Shaping the Future of Care | AbbVie,Global Utility Strip,"Provides global navigation links such as contact, subscription, and group site links.",S,1,Simple navigation bar with links and minimal interactivity.,https://www.abbvie.com/who-we-are/our-stories/how-the-parkinsons-disease-community-is-shaping-the-future.html,global_utility_strip,Utility navigation,No exact match in the AEM catalog.
How the Parkinson’s Disease Community and AbbVie are Shaping the Future of Care | AbbVie,Primary Header,Displays the main branding and navigation menu for the site.,M,1,Main navigation with potential dropdowns or interactive elements.,https://www.abbvie.com/who-we-are/our-stories/how-the-parkinsons-disease-community-is-shaping-the-future.html,primary_header,Main navigation,No exact match in the AEM catalog.
How the Parkinson’s Disease Community and AbbVie are Shaping the Future of Care | AbbVie,Back to Top Button,Provides functionality to scroll back to the top of the page.,S,1,Simple button with scrolling functionality.,https://www.abbvie.com/who-we-are/our-stories/how-the-parkinsons-disease-community-is-shaping-the-future.html,back_to_top,Scroll utility,No exact match in the AEM catalog.
Working Parents 2023: Finding comfort in community | AbbVie,Global Utility Strip,"Provides quick access to contact information, subscription options, and links to group sites.",S,1,Simple utility navigation with limited interactivity.,https://www.abbvie.com/who-we-are/our-stories/working-parents-2023-finding-comfort-in-community.html,global_utility_strip,Utility strip,No direct match found in catalog.
Working Parents 2023: Finding comfort in community | AbbVie,Primary Navigation,Main navigation menu for accessing different sections of the site.,M,1,Comprehensive navigation structure with potential submenus.,https://www.abbvie.com/who-we-are/our-stories/working-parents-2023-finding-comfort-in-community.html,primary_navigation,Main navigation,No direct match found in catalog.
Working Parents 2023: Finding comfort in community | AbbVie,Main Story Content,Contains the primary article content and associated elements.,M,1,Primary content container with potential embedded media or text.,https://www.abbvie.com/who-we-are/our-stories/working-parents-2023-finding-comfort-in-community.html,main_story_content,Primary article content,No direct match found in catalog.
Working Parents 2023: Finding comfort in community | AbbVie,Related Links,Provides links to related articles and resources.,S,1,Simple list of links without complex interactivity.,https://www.abbvie.com/who-we-are/our-stories/working-parents-2023-finding-comfort-in-community.html,related_links,Link list,No direct match found in catalog.
Recognizing the mental health impact of chronic skin disease | AbbVie,Global Utility Strip,"Provides quick links for contact, subscription, and group site navigation.",S,1,Simple navigation links without deep interaction or dynamic content.,https://www.abbvie.com/who-we-are/our-stories/recognizing-the-mental-health-impact-of-chronic-skin-disease.html,global_utility_strip,Utility strip,No matching catalog entry found; likely a custom implementation.
Recognizing the mental health impact of chronic skin disease | AbbVie,Primary Navigation,Enables users to navigate main sections of the site.,M,1,Includes dropdowns and potentially dynamic content for navigation.,https://www.abbvie.com/who-we-are/our-stories/recognizing-the-mental-health-impact-of-chronic-skin-disease.html,primary_navigation,Main navigation,No matching catalog entry found; potentially a unique navigation block.
Recognizing the mental health impact of chronic skin disease | AbbVie,Footer Navigation,Displays footer content with navigation links and site information.,S,1,Static footer navigation links with basic styling.,https://www.abbvie.com/who-we-are/our-stories/recognizing-the-mental-health-impact-of-chronic-skin-disease.html,footer_navigation,Footer navigation,"Matched to 'Footer' block in the catalog, with associated JS and CSS files."
Recognizing the mental health impact of chronic skin disease | AbbVie,Back to Top Button,Provides a button for quick navigation to the top of the page.,S,1,Simple button functionality without additional complexity.,https://www.abbvie.com/who-we-are/our-stories/recognizing-the-mental-health-impact-of-chronic-skin-disease.html,back_to_top,Utility navigation,No matching catalog entry found; likely a simple custom utility.
Digital Science Lab | AbbVie,Global Utility Strip,"Provides quick access to contact, subscription, and group site links.",S,1,Low complexity due to static links and simple design.,https://www.abbvie.com/who-we-are/our-stories/digital-science-lab.html,global_utility_strip,Utility strip,No matching entry found in AEM blocks catalog.
Digital Science Lab | AbbVie,Primary Navigation,Main navigation bar with links to primary site sections.,M,1,Moderate complexity due to navigation functionality.,https://www.abbvie.com/who-we-are/our-stories/digital-science-lab.html,primary_navigation,Main navigation,No matching entry found in AEM blocks catalog.
Digital Science Lab | AbbVie,Hero Section,Prominent section featuring a large image and introductory content.,M,1,Moderate complexity due to dynamic content and image usage.,https://www.abbvie.com/who-we-are/our-stories/digital-science-lab.html,hero_section,Hero section,Matched with the 'Hero' block in AEM catalog.
Digital Science Lab | AbbVie,Content Grid,Displays a grid of cards with articles and highlights.,M,1,Moderate complexity due to card-based layout and potential dynamic content.,https://www.abbvie.com/who-we-are/our-stories/digital-science-lab.html,content_grid,Grid layout,No matching entry found in AEM blocks catalog.
Digital Science Lab | AbbVie,Call-to-Action Section,Encourages user engagement with buttons and links to key resources.,S,1,Low complexity due to simple button and link elements.,https://www.abbvie.com/who-we-are/our-stories/digital-science-lab.html,cta_section,Engagement section,No matching entry found in AEM blocks catalog.
Immunology’s Next Frontier | AbbVie,Global Utility Strip,"Provides quick access to contact, subscription, and group site links.",S,1,Simple navigation utility strip with limited functionality.,https://www.abbvie.com/who-we-are/our-stories/immunologys-next-frontier.html,global_utility_strip,Utility strip,No matching catalog entry found.
Immunology’s Next Frontier | AbbVie,Primary Navigation,Main site navigation with links to major sections.,M,1,Primary navigation often involves deeper hierarchy and accessibility considerations.,https://www.abbvie.com/who-we-are/our-stories/immunologys-next-frontier.html,primary_navigation,Main navigation,No matching catalog entry found.
Immunology’s Next Frontier | AbbVie,Hero Section,Prominent section showcasing the main theme or story of the page.,M,1,Hero sections typically involve interactive elements and dynamic styling.,https://www.abbvie.com/who-we-are/our-stories/immunologys-next-frontier.html,hero_section,Hero banner,Catalog matched to 'Hero'.
Immunology’s Next Frontier | AbbVie,Content Grid,Displays a grid layout of content cards and information.,M,1,Content grids require responsive design and dynamic content handling.,https://www.abbvie.com/who-we-are/our-stories/immunologys-next-frontier.html,content_grid,Card grid,No matching catalog entry found.
Magnified featuring Nicholas Donoghoe | AbbVie,Global Utility Strip,"Provides quick access to contact, subscription, and group site links.",S,1,Simple link-based utility strip.,https://www.abbvie.com/who-we-are/our-stories/magnified-featuring-nicholas-donoghoe.html,global_utility_strip,Utility strip,No catalog match found.
Magnified featuring Nicholas Donoghoe | AbbVie,Primary Navigation,Main site navigation with branding and menu options.,C,1,Complex navigation with branding and hierarchical menus.,https://www.abbvie.com/who-we-are/our-stories/magnified-featuring-nicholas-donoghoe.html,primary_navigation,Main navigation,No catalog match found.
Magnified featuring Nicholas Donoghoe | AbbVie,Card Grid Stories,Displays a grid of story cards with images and descriptions.,M,1,Moderate complexity due to dynamic card layout.,https://www.abbvie.com/who-we-are/our-stories/magnified-featuring-nicholas-donoghoe.html,card_grid_stories,Story card grid,No catalog match found.
Magnified featuring Nicholas Donoghoe | AbbVie,Dashboard Cards,Displays key metrics and highlights in a card format.,M,1,Moderate complexity due to data-driven card elements.,https://www.abbvie.com/who-we-are/our-stories/magnified-featuring-nicholas-donoghoe.html,dashboard_cards,Metric dashboard,No catalog match found.
Magnified featuring Nicholas Donoghoe | AbbVie,Back to Top Button,Allows users to quickly navigate back to the top of the page.,S,1,Simple functionality for scrolling.,https://www.abbvie.com/who-we-are/our-stories/magnified-featuring-nicholas-donoghoe.html,back_to_top_button,Scroll utility,No catalog match found.
Eye Care | AbbVie,Primary Navigation,Main navigation menu providing access to site sections.,M,1,Requires accessibility considerations and deep linking.,https://www.abbvie.com/who-we-are/our-stories/eye-care-stories.html,primary_navigation,Main navigation,Could not map to an exact AEM catalog entry.
Eye Care | AbbVie,Card Grid,"Grid layout displaying cards with images, titles, and descriptions.",C,1,Complex layout with responsive design and interactive elements.,https://www.abbvie.com/who-we-are/our-stories/eye-care-stories.html,card_grid,Grid with cards,Mapped to 'Cards' from AEM catalog.
Time is Hours | AbbVie,Global Utility Strip,Provides navigation and utility links at the top of the page.,S,1,"Simple navigation and utility links, no dynamic or complex behavior.",https://www.abbvie.com/who-we-are/our-stories/time-is-hours.html,global_utility_strip,Utility strip,May require alignment with branding guidelines.
Time is Hours | AbbVie,Primary Navigation,Main navigation menu with dropdown functionality.,M,1,Includes dropdowns and hierarchical navigation.,https://www.abbvie.com/who-we-are/our-stories/time-is-hours.html,primary_navigation,Main navigation,Ensure accessibility compliance for dropdown menus.
Time is Hours | AbbVie,Hero Section,Prominent hero image and heading introducing the page theme.,M,1,Requires responsive design and possible animation.,https://www.abbvie.com/who-we-are/our-stories/time-is-hours.html,hero_section,Hero banner,Ensure compatibility with various screen sizes.
Time is Hours | AbbVie,Story Card Grid,Grid displaying featured stories with images and descriptions.,M,1,Responsive grid layout and image handling.,https://www.abbvie.com/who-we-are/our-stories/time-is-hours.html,story_card_grid,Story grid,Optimize for mobile and desktop views.
Time is Hours | AbbVie,Dashboard Cards,Cards displaying key statistics and recognitions.,M,1,Requires data integration for statistics display.,https://www.abbvie.com/who-we-are/our-stories/time-is-hours.html,dashboard_cards,Dashboard cards,Ensure data accuracy and real-time updates if applicable.
Time is Hours | AbbVie,Footer Navigation,Footer section with navigation links and additional resources.,S,1,Static links with basic styling.,https://www.abbvie.com/who-we-are/our-stories/time-is-hours.html,footer_navigation,Footer navigation,Ensure accessibility and alignment with overall design.
Time is Hours | AbbVie,Back to Top Button,Button allowing users to quickly return to the top of the page.,S,1,Simple functionality with minimal styling.,https://www.abbvie.com/who-we-are/our-stories/time-is-hours.html,back_to_top_button,Utility button,Consider accessibility for keyboard and screen reader users.
Decoding the immune system’s secrets: inside the discovery of a new medicine | AbbVie,Global Navigation,Provides primary navigation for the website.,M,1,Includes links to major sections requiring accessibility and proper hierarchical structure.,https://www.abbvie.com/who-we-are/our-stories/decoding-immune-systems-secrets-inside-the-discovery-of-a-new-medicine.html,global_navigation,Primary navigation,Could benefit from additional catalog exploration or refinement.
Decoding the immune system’s secrets: inside the discovery of a new medicine | AbbVie,Hero Section,Displays a hero image and title for the page.,S,1,Simple layout with an image and heading.,https://www.abbvie.com/who-we-are/our-stories/decoding-immune-systems-secrets-inside-the-discovery-of-a-new-medicine.html,hero_section,Main hero image,Matches existing AEM block catalog entry.
Decoding the immune system’s secrets: inside the discovery of a new medicine | AbbVie,Main Content,Contains the primary content of the page.,M,1,Requires structured content management and styling.,https://www.abbvie.com/who-we-are/our-stories/decoding-immune-systems-secrets-inside-the-discovery-of-a-new-medicine.html,main_content,Primary page content,No direct match found in catalog; consider custom implementation.
Decoding the immune system’s secrets: inside the discovery of a new medicine | AbbVie,Footer Section,Provides footer navigation and additional site links.,S,1,Basic styling and navigation links.,https://www.abbvie.com/who-we-are/our-stories/decoding-immune-systems-secrets-inside-the-discovery-of-a-new-medicine.html,footer_section,Footer navigation,Matches existing AEM block catalog entry.
Neuroscience Stories | AbbVie,Global Header,Provides site-wide navigation and branding.,M,1,Includes accessibility and responsive design considerations.,https://www.abbvie.com/who-we-are/our-stories/neuroscience-stories.html,global_header,Primary Navigation,No matching catalog entry found.
Neuroscience Stories | AbbVie,Hero Section,Introduces the page with a prominent image and headline.,M,1,Requires responsive design and visual hierarchy.,https://www.abbvie.com/who-we-are/our-stories/neuroscience-stories.html,hero_section,Hero Banner,No matching catalog entry found.
Neuroscience Stories | AbbVie,Primary Navigation,Main navigation menu for the site.,C,1,Deep navigation structure and accessibility features.,https://www.abbvie.com/who-we-are/our-stories/neuroscience-stories.html,primary_navigation,Site Navigation,No matching catalog entry found.
Neuroscience Stories | AbbVie,Content Card Grid,Displays featured stories or articles in a grid format.,M,1,Interactive elements and responsive design.,https://www.abbvie.com/who-we-are/our-stories/neuroscience-stories.html,content_card_grid,Card Grid,No matching catalog entry found.
Neuroscience Stories | AbbVie,Content Columns,Provides detailed information using text and images arranged in columns.,M,1,Responsive layout and visual alignment.,https://www.abbvie.com/who-we-are/our-stories/neuroscience-stories.html,content_columns,Text and Image Columns,No matching catalog entry found.
One Veteran&#39;s Journey with Depression and AbbVie&#39;s Commitment to Mental Health Research | AbbVie,Global Utility Strip,"Provides quick access to contact, subscription, and group site links.",S,1,Simple layout with links.,https://www.abbvie.com/who-we-are/our-stories/one-veterans-journey-and-abbvies-commitment-to-mental-health-research.html,global_utility_strip,Utility strip,No direct match in AEM catalog.
One Veteran&#39;s Journey with Depression and AbbVie&#39;s Commitment to Mental Health Research | AbbVie,Primary Navigation,Main navigation bar for the website.,M,1,Navigation complexity often involves accessibility and responsiveness.,https://www.abbvie.com/who-we-are/our-stories/one-veterans-journey-and-abbvies-commitment-to-mental-health-research.html,primary_navigation,Main navigation,No direct match in AEM catalog.
One Veteran&#39;s Journey with Depression and AbbVie&#39;s Commitment to Mental Health Research | AbbVie,Main Content,Contains the primary content of the page.,M,1,Content often requires semantic structure and responsiveness.,https://www.abbvie.com/who-we-are/our-stories/one-veterans-journey-and-abbvies-commitment-to-mental-health-research.html,main_content,Content area,No direct match in AEM catalog.
Immunology Stories | AbbVie,Global Utility Strip,"Provides quick access to contact, subscription, and group site links.",S,1,Simple navigation utility strip without deep interactivity.,https://www.abbvie.com/who-we-are/our-stories/immunology-stories.html,global_utility_strip,Utility navigation,No direct match found in the AEM catalog.
Immunology Stories | AbbVie,Primary Navigation,Main site navigation including logo and menu.,C,1,Comprehensive navigation functionality with potential for deep menus.,https://www.abbvie.com/who-we-are/our-stories/immunology-stories.html,primary_navigation,Primary navigation,No direct match found in the AEM catalog.
Immunology Stories | AbbVie,Back to Top Button,Button allowing users to quickly return to the top of the page.,S,1,Simple functionality with basic interaction.,https://www.abbvie.com/who-we-are/our-stories/immunology-stories.html,back_to_top,Back-to-top functionality,No direct match found in the AEM catalog.
AbbVie’s Resilient Global Distribution Network Helps Prevent Drug Shortages | AbbVie,Global Utility Strip,"Provides quick access to contact, subscription, and group site links.",S,1,Minimal functionality requiring basic navigation links.,https://www.abbvie.com/who-we-are/our-stories/how-abbvies-integrated-operations-help-prevent-drug-shortages.html,global_utility_strip,Utility strip,Could not match to catalog.
AbbVie’s Resilient Global Distribution Network Helps Prevent Drug Shortages | AbbVie,Primary Navigation,Contains the main navigation menu for the site.,M,1,Includes hierarchical navigation structure.,https://www.abbvie.com/who-we-are/our-stories/how-abbvies-integrated-operations-help-prevent-drug-shortages.html,primary_navigation,Main navigation,Could not match to catalog.
AbbVie’s Resilient Global Distribution Network Helps Prevent Drug Shortages | AbbVie,Hero Section,Displays the main headline and visual for the page.,M,1,Requires visual styling and potential dynamic content.,https://www.abbvie.com/who-we-are/our-stories/how-abbvies-integrated-operations-help-prevent-drug-shortages.html,hero_section,Hero banner,Matched with catalog entry for 'Hero'.
AbbVie’s Resilient Global Distribution Network Helps Prevent Drug Shortages | AbbVie,Story Content,Main content area presenting the story details.,S,1,Static content presentation without interactive elements.,https://www.abbvie.com/who-we-are/our-stories/how-abbvies-integrated-operations-help-prevent-drug-shortages.html,story_content,Text content,Could not match to catalog.
AbbVie’s Resilient Global Distribution Network Helps Prevent Drug Shortages | AbbVie,Related Links,Provides links to related content and resources.,S,1,Simple list structure with links.,https://www.abbvie.com/who-we-are/our-stories/how-abbvies-integrated-operations-help-prevent-drug-shortages.html,related_links,Links list,Could not match to catalog.
Five reasons why small cell lung cancer is tough to treat | AbbVie,Global Utility Strip,Provides links for quick access to contact and subscription options.,S,1,Limited functionality with static links.,https://www.abbvie.com/who-we-are/our-stories/five-reasons-why-small-cell-lung-cancer-is-tough-to-treat.html,global_utility_strip,Utility strip,No matching block found in AEM catalog.
Five reasons why small cell lung cancer is tough to treat | AbbVie,Primary Navigation Bar,Site-wide navigation for major sections.,M,1,Main navigation with potential dropdowns and accessibility requirements.,https://www.abbvie.com/who-we-are/our-stories/five-reasons-why-small-cell-lung-cancer-is-tough-to-treat.html,primary_navigation,Main navigation,No matching block found in AEM catalog.
Five reasons why small cell lung cancer is tough to treat | AbbVie,Main Content Area,Houses the primary article and related content.,M,1,Content-focused with potential for dynamic elements.,https://www.abbvie.com/who-we-are/our-stories/five-reasons-why-small-cell-lung-cancer-is-tough-to-treat.html,main_content,Content section,No matching block found in AEM catalog.
Childhood cancer patients and their families find a home away from home | AbbVie,Global Header,Provides site-wide branding and navigation.,M,1,Includes branding elements and comprehensive navigation.,https://www.abbvie.com/who-we-are/our-stories/childhood-cancer-patients-and-their-families-find-a-home-away-from-home.html,global_header,Site-wide navigation and branding,May require custom integration for branding.
Childhood cancer patients and their families find a home away from home | AbbVie,Primary Navigation,Facilitates primary navigation with dropdowns.,M,1,Dropdown functionality and section navigation.,https://www.abbvie.com/who-we-are/our-stories/childhood-cancer-patients-and-their-families-find-a-home-away-from-home.html,primary_navigation,Dropdown-based navigation,Ensure accessibility for dropdowns.
Childhood cancer patients and their families find a home away from home | AbbVie,Main Content,Displays the main page content.,S,1,Simple content display without complex interactions.,https://www.abbvie.com/who-we-are/our-stories/childhood-cancer-patients-and-their-families-find-a-home-away-from-home.html,main_content,Content and imagery,May include dynamic content loading.
Childhood cancer patients and their families find a home away from home | AbbVie,Footer,Displays footer links and site map.,S,1,Basic footer structure and styling.,https://www.abbvie.com/who-we-are/our-stories/childhood-cancer-patients-and-their-families-find-a-home-away-from-home.html,footer,Footer navigation and site map,Ensure consistency across pages.
Genetic Medicine and AbbVie’s Role in Research | AbbVie,Global Utility Strip,"Provides quick access to contact, subscription, and group site links.",S,1,Simple structure with minimal interactivity.,https://www.abbvie.com/who-we-are/our-stories/expert-insights-the-promise-of-genetic-medicine-and-abbvies-role-in-research.html,global_utility_strip,Utility strip,No exact match found in the AEM catalog.
Genetic Medicine and AbbVie’s Role in Research | AbbVie,Primary Navigation,Main navigation menu for accessing site sections.,M,1,Involves multiple site sections and potential dropdowns.,https://www.abbvie.com/who-we-are/our-stories/expert-insights-the-promise-of-genetic-medicine-and-abbvies-role-in-research.html,primary_navigation,Main navigation,No exact match found in the AEM catalog.
Putting our people first AbbVie’s family benefits | AbbVie,Global Navigation,Provides primary navigation menu for accessing main sections.,M,1,Includes deep navigation structure with potential accessibility considerations.,https://www.abbvie.com/who-we-are/our-stories/putting-our-people-first-abbvies-family-benefits.html,global_navigation,Primary navigation,May require custom mapping or additional catalog entries.
Putting our people first AbbVie’s family benefits | AbbVie,Hero Section,Displays a hero section with a large image and heading.,M,1,Includes visual presentation and styling elements.,https://www.abbvie.com/who-we-are/our-stories/putting-our-people-first-abbvies-family-benefits.html,hero_section,Hero banner,Mapped directly to the catalog entry for Hero.
Putting our people first AbbVie’s family benefits | AbbVie,Main Content,Central content area for displaying primary page information.,M,1,Handles primary content structure and styling.,https://www.abbvie.com/who-we-are/our-stories/putting-our-people-first-abbvies-family-benefits.html,main_content,Content grid,Requires review for potential catalog alignment.
Putting our people first AbbVie’s family benefits | AbbVie,Story Cards,Showcases individual stories or articles with images and descriptions.,M,1,Involves dynamic elements and card-based layout.,https://www.abbvie.com/who-we-are/our-stories/putting-our-people-first-abbvies-family-benefits.html,story_cards,Card layout,Should be evaluated for catalog integration.
Putting our people first AbbVie’s family benefits | AbbVie,Footer,Provides footer content including navigation and legal links.,S,1,Basic styling and content display.,https://www.abbvie.com/who-we-are/our-stories/putting-our-people-first-abbvies-family-benefits.html,footer,Footer,Mapped directly to the catalog entry for Footer.
Real-World Evidence in IBD: Driving Innovative Approaches to Care | AbbVie,Utility Links,Provides top-level links for accessibility and quick navigation.,S,1,Limited functionality and scope.,https://www.abbvie.com/who-we-are/our-stories/real-world-evidence-uncovers-gaps-in-IBD-care.html,global_utility_strip,Utility strip,Could be mapped to a similar block if identified in future.
Real-World Evidence in IBD: Driving Innovative Approaches to Care | AbbVie,Main Navigation,Facilitates primary site navigation with dropdown menus.,M,1,Dropdown functionalities and responsive design.,https://www.abbvie.com/who-we-are/our-stories/real-world-evidence-uncovers-gaps-in-IBD-care.html,primary_navigation,Main navigation,Requires detailed mapping for dropdown behavior.
Real-World Evidence in IBD: Driving Innovative Approaches to Care | AbbVie,Hero Banner,Displays a prominent feature section with an image and heading.,M,1,Styling and image handling.,https://www.abbvie.com/who-we-are/our-stories/real-world-evidence-uncovers-gaps-in-IBD-care.html,hero_section,Hero banner,Mapped to 'Hero' block in AEM catalog.
Real-World Evidence in IBD: Driving Innovative Approaches to Care | AbbVie,Card Grid,Organizes content into a grid layout with image and text cards.,M,1,Responsive grid layout and card styling.,https://www.abbvie.com/who-we-are/our-stories/real-world-evidence-uncovers-gaps-in-IBD-care.html,card_grid,Card grid,Mapped to 'Cards' block in AEM catalog.
Oncology Stories | AbbVie,Global Navigation,Provides site-wide navigation links to major sections.,M,1,Requires accessibility considerations for navigation and responsive design.,https://www.abbvie.com/who-we-are/our-stories/oncology-stories.html,global_navigation,Main navigation,No exact match found in the AEM catalog.
Oncology Stories | AbbVie,Hero Section,Highlights the main theme or focus of the page with a large image and heading.,M,1,Includes styling and scripting for visual emphasis and user interaction.,https://www.abbvie.com/who-we-are/our-stories/oncology-stories.html,hero_section,Hero banner,Matched to 'Hero' block in AEM catalog.
Oncology Stories | AbbVie,Content Cards,Displays featured stories or articles in a card format.,M,1,Requires layout handling for responsiveness and styling for visual hierarchy.,https://www.abbvie.com/who-we-are/our-stories/oncology-stories.html,content_cards,Card grid,Matched to 'Cards' block in AEM catalog.
"Ready, set, launch: AbbVie opens new facility in the Bay Area | AbbVie",Global Utility Links,Provides utility links such as contact and subscribe options.,S,1,Minimal functionality with links only.,https://www.abbvie.com/who-we-are/our-stories/ready-set-launch-abbvie-opens-new-facility-in-the-bay-area.html,global_utility_strip,Utility strip,Ensure accessibility compliance for link focus states.
"Ready, set, launch: AbbVie opens new facility in the Bay Area | AbbVie",Primary Navigation Bar,Facilitates navigation between main sections of the site.,M,1,Requires hierarchical navigation and responsive design.,https://www.abbvie.com/who-we-are/our-stories/ready-set-launch-abbvie-opens-new-facility-in-the-bay-area.html,primary_navigation,Main navigation,Verify mobile navigation functionality and accessibility.
"Ready, set, launch: AbbVie opens new facility in the Bay Area | AbbVie",Hero Banner,Displays a prominent image and headline for visual impact.,M,1,Includes design elements and potential animations.,https://www.abbvie.com/who-we-are/our-stories/ready-set-launch-abbvie-opens-new-facility-in-the-bay-area.html,hero_section,Hero section,Consider optimizing imagery for performance and accessibility.
"Ready, set, launch: AbbVie opens new facility in the Bay Area | AbbVie",Page Main Content,Holds the primary textual and visual content of the page.,M,1,Requires structured content layout and accessibility features.,https://www.abbvie.com/who-we-are/our-stories/ready-set-launch-abbvie-opens-new-facility-in-the-bay-area.html,main_content,Content area,Ensure semantic HTML usage for content structure.
More than a stiff neck: the impact of living with cervical dystonia | AbbVie,Global Utility Strip,"Provides quick access to contact, subscription, and group site links.",S,1,Limited functionality with standard accessibility needs.,https://www.abbvie.com/who-we-are/our-stories/more-than-a-stiff-neck-the-impact-of-living-with-cervical-dyston.html,global_utility_strip,Utility strip,No exact match found in AEM catalog.
More than a stiff neck: the impact of living with cervical dystonia | AbbVie,Primary Navigation,Main navigation bar for site-wide navigation.,C,1,Deep navigation structure with accessibility requirements.,https://www.abbvie.com/who-we-are/our-stories/more-than-a-stiff-neck-the-impact-of-living-with-cervical-dyston.html,primary_navigation,Main navigation,No exact match found in AEM catalog.
More than a stiff neck: the impact of living with cervical dystonia | AbbVie,Content Grid,Displays a grid of related articles or features.,M,1,Moderate complexity due to dynamic content and layout.,https://www.abbvie.com/who-we-are/our-stories/more-than-a-stiff-neck-the-impact-of-living-with-cervical-dyston.html,content_grid,Article grid,No exact match found in AEM catalog.
How AbbVie Supports Employees Touched by Cancer | AbbVie,Global Utility Strip,Provides quick access links in the header.,S,1,Simple layout with basic links.,https://www.abbvie.com/who-we-are/our-stories/transforming-cancer-care-from-the-inside-out.html,global_utility_strip,Utility strip,No matching catalog entry found.
How AbbVie Supports Employees Touched by Cancer | AbbVie,Primary Navigation,Main navigation with dropdown capabilities.,C,1,Deep navigation structure with accessibility requirements.,https://www.abbvie.com/who-we-are/our-stories/transforming-cancer-care-from-the-inside-out.html,primary_navigation,Main navigation,No matching catalog entry found.
How AbbVie Supports Employees Touched by Cancer | AbbVie,Hero Section,Highlights the main theme or story of the page.,M,1,Large image and heading with CSS and JS integration.,https://www.abbvie.com/who-we-are/our-stories/transforming-cancer-care-from-the-inside-out.html,hero_section,Hero section,Matched to catalog entry 'Hero'.
How AbbVie Supports Employees Touched by Cancer | AbbVie,Main Content CTA,Displays call-to-action buttons and links.,M,1,Interactive elements requiring accessibility standards.,https://www.abbvie.com/who-we-are/our-stories/transforming-cancer-care-from-the-inside-out.html,main_content_cta,Subscribe,No matching catalog entry found.
How AbbVie Supports Employees Touched by Cancer | AbbVie,Card Grid,Displays a grid of cards showcasing stories or content.,M,1,Grid layout with responsive design and interactive elements.,https://www.abbvie.com/who-we-are/our-stories/transforming-cancer-care-from-the-inside-out.html,card_grid,Card grid,Matched to catalog entry 'Cards'.
Aesthetics Stories | AbbVie,Global Navigation,Provides primary navigation for the site.,M,1,Includes accessibility features and deep navigation structure.,https://www.abbvie.com/who-we-are/our-stories/aesthetics-stories.html,global_navigation,Primary site navigation,No exact match found in AEM catalog.
Aesthetics Stories | AbbVie,Hero Section,Displays a prominent image and heading to highlight the page's theme.,S,1,Basic styling and functionality.,https://www.abbvie.com/who-we-are/our-stories/aesthetics-stories.html,hero_section,Hero image with heading,Matched block type 'Hero' from AEM catalog.
Aesthetics Stories | AbbVie,Content Grid,Organizes content into a visually appealing grid layout.,M,1,Requires responsive design and layout adjustments.,https://www.abbvie.com/who-we-are/our-stories/aesthetics-stories.html,content_grid,Content display grid,No exact match found in AEM catalog.
Can we find cures faster? | AbbVie,Global Utility Strip,Provides top-level utility links for user access.,S,1,Simple navigation links without deep interactivity.,https://www.abbvie.com/who-we-are/our-stories/can-we-find-cures-faster.html,global_utility_strip,Utility strip,No matching catalog entry found; consider custom implementation.
Can we find cures faster? | AbbVie,Primary Navigation,Serves as the main navigation hub for the website.,M,1,Dropdown menus and hierarchical structure increase complexity.,https://www.abbvie.com/who-we-are/our-stories/can-we-find-cures-faster.html,primary_navigation,Main navigation,No matching catalog entry found; ensure alignment with accessibility standards.
Can we find cures faster? | AbbVie,Content Cards,Displays teaser cards with images and text for related content.,M,1,Requires responsive grid layout and styling for dynamic content.,https://www.abbvie.com/who-we-are/our-stories/can-we-find-cures-faster.html,content_cards,Content teaser cards,Mapped to the 'Cards' block type in the AEM catalog.
Navigating the hidden side of cancer | AbbVie,Global Navigation,Provides site-wide navigation and branding.,M,1,Involves accessibility and responsive considerations for site-wide navigation.,https://www.abbvie.com/who-we-are/our-stories/navigating-the-hidden-side-of-cancer.html,global_navigation,Primary navigation,Could benefit from further catalog exploration for a match.
Navigating the hidden side of cancer | AbbVie,Hero Section,Displays the main headline and introductory content.,M,1,Includes visual design and positioning complexities.,https://www.abbvie.com/who-we-are/our-stories/navigating-the-hidden-side-of-cancer.html,hero_section,Hero with image and heading,Matches closely with the 'Hero' block in the AEM catalog.
Navigating the hidden side of cancer | AbbVie,Primary Call-to-Action,Encourages user interaction and navigation to related sections.,M,1,Requires integration with navigation logic and styling.,https://www.abbvie.com/who-we-are/our-stories/navigating-the-hidden-side-of-cancer.html,primary_cta,Button-based CTA,No direct match found in the AEM catalog.
Navigating the hidden side of cancer | AbbVie,Content Cards,Highlights related stories or articles in a card layout.,M,1,Involves grid layout and responsive design.,https://www.abbvie.com/who-we-are/our-stories/navigating-the-hidden-side-of-cancer.html,content_cards,Card layout for content display,Maps to the 'Cards' block in the AEM catalog.
Ambassadors in action | AbbVie,Global Utility Strip,"Provides quick access to contact information, subscription options, and group site navigation.",M,1,Requires integration with dynamic contact and subscription systems.,https://www.abbvie.com/who-we-are/our-stories/ambassadors-in-action.html,global_utility_strip,Utility strip,Potentially requires localization and accessibility enhancements.
Ambassadors in action | AbbVie,Primary Navigation,Main site navigation menu with dropdowns for exploring site sections.,C,1,Complex navigation interactions and potential for deep menu hierarchies.,https://www.abbvie.com/who-we-are/our-stories/ambassadors-in-action.html,primary_navigation,Main navigation,Ensure dropdown functionality adheres to accessibility standards.
Ambassadors in action | AbbVie,Main Content Introduction,Introduction text and links providing context and quick navigation to key content.,M,1,Requires integration of content management and dynamic linking.,https://www.abbvie.com/who-we-are/our-stories/ambassadors-in-action.html,main_content_intro,Content introduction,May involve dynamic content pulling and linking.
Ambassadors in action | AbbVie,Card Grid,Displays content in a card layout format for visual navigation to featured stories or sections.,C,1,Requires responsive design and dynamic content integration.,https://www.abbvie.com/who-we-are/our-stories/ambassadors-in-action.html,card_grid,Card layout,Ensure proper responsive behavior and accessibility compliance.
Life at AbbVie Stories | AbbVie,Global Utility Strip,Provides quick access links such as contact and subscription.,S,1,Limited functionality with basic links.,https://www.abbvie.com/who-we-are/our-stories/working-at-abbvie-stories.html,global_utility_strip,Utility strip,No exact match in catalog.
Life at AbbVie Stories | AbbVie,Primary Navigation,Main navigation bar with dropdown menus.,M,1,Dropdown menus increase scope.,https://www.abbvie.com/who-we-are/our-stories/working-at-abbvie-stories.html,primary_navigation,Main navigation,No exact match in catalog.
Life at AbbVie Stories | AbbVie,Hero Section,Introductory section with headline and image.,M,1,Visual prominence and styling needs.,https://www.abbvie.com/who-we-are/our-stories/working-at-abbvie-stories.html,hero_section,Hero,Mapped to 'Hero' block in catalog.
Life at AbbVie Stories | AbbVie,Card Grid - Stories,Grid layout for featured stories.,M,1,Responsive design considerations.,https://www.abbvie.com/who-we-are/our-stories/working-at-abbvie-stories.html,card_grid_stories,Card grid,Mapped to 'Cards' block in catalog.
Life at AbbVie Stories | AbbVie,Dashboard Facts,Displays facts and statistics visually.,M,1,Visual complexity with data representation.,https://www.abbvie.com/who-we-are/our-stories/working-at-abbvie-stories.html,dashboard_facts,Dashboard,No exact match in catalog.
Three ways AI is changing drug discovery at AbbVie | AbbVie,Global Utility Strip,"Provides quick access to contact, subscription, and group site links.",S,1,A simple utility strip with limited interactive elements.,https://www.abbvie.com/who-we-are/our-stories/three-ways-ai-is-changing-drug-discovery-at-abbvie.html,global_utility_strip,Utility strip,No direct match found in the AEM catalog.
Three ways AI is changing drug discovery at AbbVie | AbbVie,Primary Navigation,Main navigation bar with site-wide links and dropdown menus.,C,1,Complex navigation with dropdown menus and potential accessibility requirements.,https://www.abbvie.com/who-we-are/our-stories/three-ways-ai-is-changing-drug-discovery-at-abbvie.html,primary_navigation,Main navigation,No direct match found in the AEM catalog.
Three ways AI is changing drug discovery at AbbVie | AbbVie,Hero Section,Highlights the main story or feature with a large image and heading.,M,1,Includes visual styling and potential for animations or dynamic content.,https://www.abbvie.com/who-we-are/our-stories/three-ways-ai-is-changing-drug-discovery-at-abbvie.html,hero_section,Hero section,Mapped to the 'Hero' block in the AEM catalog.
Three ways AI is changing drug discovery at AbbVie | AbbVie,Card Grid,Displays a grid of cards with images and descriptions for various stories or features.,M,1,Grid layout with responsive design and potential interactive elements.,https://www.abbvie.com/who-we-are/our-stories/three-ways-ai-is-changing-drug-discovery-at-abbvie.html,card_grid,Content cards,Mapped to the 'Cards' block in the AEM catalog.
AbbVie Foundation Supports New Chicago Healthcare Clinic for Underserved Communities | AbbVie,Global Utility Strip,"Provides top-level utility links such as contact, subscribe, and group sites.",S,1,Limited functionality; primarily links and navigation.,https://www.abbvie.com/who-we-are/our-stories/new-microsite-clinic-brings-healthcare-to-chicago-southwest-side.html,global_utility_strip,Utility strip,Consider accessibility enhancements for navigation links.
AbbVie Foundation Supports New Chicago Healthcare Clinic for Underserved Communities | AbbVie,Primary Navigation,Displays the main navigation menu with branding and links to primary site sections.,M,1,Includes branding and hierarchical navigation.,https://www.abbvie.com/who-we-are/our-stories/new-microsite-clinic-brings-healthcare-to-chicago-southwest-side.html,primary_navigation,Main navigation,Ensure hierarchical navigation is accessible.
AbbVie Foundation Supports New Chicago Healthcare Clinic for Underserved Communities | AbbVie,Hero Section,Highlights the main story or feature of the page with a large image and heading.,M,1,Visual prominence and dynamic content handling.,https://www.abbvie.com/who-we-are/our-stories/new-microsite-clinic-brings-healthcare-to-chicago-southwest-side.html,hero_section,Hero banner,Check for responsive design and image optimization.
AbbVie Foundation Supports New Chicago Healthcare Clinic for Underserved Communities | AbbVie,Content Cards,Displays a grid of cards with images and text for featured stories or sections.,C,1,Dynamic content and potential interactivity.,https://www.abbvie.com/who-we-are/our-stories/new-microsite-clinic-brings-healthcare-to-chicago-southwest-side.html,content_cards,Card grid,Ensure card accessibility and responsive layout.
Elevating health care for all | AbbVie,Global Utility Strip,"Provides quick access to contact, subscribe, and group sites.",S,1,Simple navigation functionality without complex features.,https://www.abbvie.com/who-we-are/our-stories/elevating-health-care-for-all.html,global_utility_strip,Utility strip,No matching block found in AEM catalog.
Elevating health care for all | AbbVie,Primary Navigation,Main site navigation with dropdown menus and links.,M,1,Moderate complexity due to dropdown menus and accessibility requirements.,https://www.abbvie.com/who-we-are/our-stories/elevating-health-care-for-all.html,primary_navigation,Main navigation,No matching block found in AEM catalog.
Elevating health care for all | AbbVie,Hero Section,Large introductory section with a prominent image and heading.,M,1,Moderate complexity due to visual design and responsive behavior.,https://www.abbvie.com/who-we-are/our-stories/elevating-health-care-for-all.html,hero_section,Hero section,Matched to AEM catalog block 'Hero'.
Advice from a scientist turned physician turned robot builder -- be curious | AbbVie,Global Utility Strip,Provides links for global navigation and utilities.,S,1,Limited functionality and scope.,https://www.abbvie.com/who-we-are/our-stories/advice-from-scientist-turned-physician-turned-robot-builder-be-curious.html,global_utility_strip,Utility strip,No matching block found in the AEM catalog.
Advice from a scientist turned physician turned robot builder -- be curious | AbbVie,Primary Navigation,Facilitates main site navigation with dropdowns and links.,M,1,Moderate complexity due to dropdowns and navigation depth.,https://www.abbvie.com/who-we-are/our-stories/advice-from-scientist-turned-physician-turned-robot-builder-be-curious.html,primary_navigation,Main navigation,No matching block found in the AEM catalog.
More than itchy skin | AbbVie,Utility Strip,"Provides quick access to contact, subscription, and group site links.",S,1,Straightforward navigation links without advanced interactivity.,https://www.abbvie.com/who-we-are/our-stories/much-more-than-itchy-skin-breaking-down-complexities-atopic-dermatitis.html,global_utility_strip,Utility strip,Consider mapping to 'Header' if applicable.
More than itchy skin | AbbVie,Primary Navigation,Main navigation menu for accessing site sections.,M,1,Requires responsive design and accessibility features.,https://www.abbvie.com/who-we-are/our-stories/much-more-than-itchy-skin-breaking-down-complexities-atopic-dermatitis.html,primary_navigation,Main navigation,Could align with 'Header' or 'Tabs' depending on functionality.
More than itchy skin | AbbVie,Main Story Content,Displays the primary story content with text and images.,M,1,Includes dynamic content and potential image handling.,https://www.abbvie.com/who-we-are/our-stories/much-more-than-itchy-skin-breaking-down-complexities-atopic-dermatitis.html,main_story,Story section,No direct catalog match; potentially 'Hero' or 'Cards'.
More than itchy skin | AbbVie,Footer Navigation,"Contains links to site policies, contact info, and other resources.",S,1,Simple static links with basic styling.,https://www.abbvie.com/who-we-are/our-stories/much-more-than-itchy-skin-breaking-down-complexities-atopic-dermatitis.html,footer_navigation,Footer navigation,Directly matches 'Footer' block type.
More than itchy skin | AbbVie,Back to Top Button,Allows users to quickly return to the top of the page.,S,1,Single-button functionality with minimal styling.,https://www.abbvie.com/who-we-are/our-stories/much-more-than-itchy-skin-breaking-down-complexities-atopic-dermatitis.html,back_to_top_button,Utility button,No direct catalog match; could fit under 'Utility' or 'Modal' depending on implementation.
"Meet the ARCH, a time-saving tool for researchers focused on finding cures | AbbVie",Utility Strip,"Provides quick access to contact, subscription, and group site links.",S,1,Limited scope with straightforward functionality.,https://www.abbvie.com/who-we-are/our-stories/meet-the-arch-a-time-saving-tool-for-researchers-focused-on-finding-cures.html,global_utility_strip,Utility strip,No exact match found in AEM catalog.
"Meet the ARCH, a time-saving tool for researchers focused on finding cures | AbbVie",Primary Navigation,"Contains the main site navigation, including logo and menu.",M,1,Moderate complexity due to navigation hierarchy.,https://www.abbvie.com/who-we-are/our-stories/meet-the-arch-a-time-saving-tool-for-researchers-focused-on-finding-cures.html,primary_navigation,Main navigation,No exact match found in AEM catalog.
"Meet the ARCH, a time-saving tool for researchers focused on finding cures | AbbVie",Main Content,"Holds the primary content of the page, including text and links.",M,1,Moderate complexity due to content organization.,https://www.abbvie.com/who-we-are/our-stories/meet-the-arch-a-time-saving-tool-for-researchers-focused-on-finding-cures.html,main_content,Content container,No exact match found in AEM catalog.
Ensuring patients around the world get medicines during COVID-19 | AbbVie,Global Navigation,Provides primary navigation functionality for the website.,M,1,The navigation system includes accessibility considerations and deep linking to major site sections.,https://www.abbvie.com/who-we-are/our-stories/ensuring-patients-around-world-get-medicines-during-covid-19.html,global_navigation,Primary navigation bar,No matching block types found in the AEM catalog; custom mapping may be required.
"Real People, Real Inspiration: Joe’s Story | AbbVie",Utility Links,Global utility strip with links for quick access.,S,1,Basic links with minimal interactivity.,https://www.abbvie.com/who-we-are/our-stories/real-people-real-inspiration-joes-story.html,global_utility_strip,Utility strip,No direct match in catalog.
"Real People, Real Inspiration: Joe’s Story | AbbVie",Main Navigation,Site-wide navigation bar with dropdowns.,M,1,Includes dropdown menus and hierarchical structure.,https://www.abbvie.com/who-we-are/our-stories/real-people-real-inspiration-joes-story.html,primary_navigation,Main navigation,No direct match in catalog.
"Real People, Real Inspiration: Joe’s Story | AbbVie",Hero Banner,Prominent hero section with image and headline.,M,1,Involves visual prominence and responsive design.,https://www.abbvie.com/who-we-are/our-stories/real-people-real-inspiration-joes-story.html,hero_section,Hero section,Matches catalog entry for 'Hero'.
"Real People, Real Inspiration: Joe’s Story | AbbVie",Content Layout,Structured content layout divided into columns.,M,1,Requires responsive grid handling.,https://www.abbvie.com/who-we-are/our-stories/real-people-real-inspiration-joes-story.html,content_columns,Content columns,No direct match in catalog.
"Real People, Real Inspiration: Joe’s Story | AbbVie",Action Buttons,Interactive buttons for user actions like navigation.,S,1,Simple interactive elements.,https://www.abbvie.com/who-we-are/our-stories/real-people-real-inspiration-joes-story.html,cta_buttons,Call-to-action,No direct match in catalog.
"Real People, Real Inspiration: Joe’s Story | AbbVie",Card Grid,Grid display of cards with content previews.,M,1,Requires grid layout and card design.,https://www.abbvie.com/who-we-are/our-stories/real-people-real-inspiration-joes-story.html,card_grid,Card layout,Matches catalog entry for 'Cards'.
A molecular behavior chart: speeding up research with predictive analytics | AbbVie,Global Utility Strip,"Provides links for contact, subscription, and group sites.",S,1,Simple utility navigation with links.,https://www.abbvie.com/who-we-are/our-stories/a-molecular-behavior-chart-speeding-up-research-with-predictive-analytics.html,global_utility_strip,Utility strip,No exact match found in catalog.
A molecular behavior chart: speeding up research with predictive analytics | AbbVie,Primary Navigation,Main site navigation with dropdowns for sections.,C,1,Complex dropdown navigation with deep links.,https://www.abbvie.com/who-we-are/our-stories/a-molecular-behavior-chart-speeding-up-research-with-predictive-analytics.html,primary_navigation,Main navigation,No exact match found in catalog.
A molecular behavior chart: speeding up research with predictive analytics | AbbVie,Back to Top Button,Button to quickly navigate to the top of the page.,S,1,Simple button functionality.,https://www.abbvie.com/who-we-are/our-stories/a-molecular-behavior-chart-speeding-up-research-with-predictive-analytics.html,back_to_top,Utility button,No exact match found in catalog.
Philanthropy Stories | AbbVie,Global Header,Provides branding and main navigation.,M,1,Includes navigation elements and branding integration.,https://www.abbvie.com/who-we-are/our-stories/philanthropy-stories.html,global_header,Main navigation,No exact match found in the AEM catalog.
Philanthropy Stories | AbbVie,Hero Section,Displays a prominent introductory section with image and headline.,M,1,Involves layout and styling for hero image and content.,https://www.abbvie.com/who-we-are/our-stories/philanthropy-stories.html,hero_section,Hero section,Mapped to 'Hero' block in AEM catalog.
Philanthropy Stories | AbbVie,Primary Navigation,Facilitates navigation across major site sections.,M,1,Contains multiple navigational links and dropdowns.,https://www.abbvie.com/who-we-are/our-stories/philanthropy-stories.html,primary_navigation,Primary navigation,No exact match found in the AEM catalog.
Philanthropy Stories | AbbVie,Content Cards,Showcases featured stories in a card layout.,M,1,Requires grid layout and responsive design.,https://www.abbvie.com/who-we-are/our-stories/philanthropy-stories.html,content_cards,Content display,Mapped to 'Cards' block in AEM catalog.
Philanthropy Stories | AbbVie,Back to Top Button,Facilitates quick navigation to the top of the page.,S,1,Simple functionality with basic styling.,https://www.abbvie.com/who-we-are/our-stories/philanthropy-stories.html,back_to_top,Utility button,No exact match found in the AEM catalog.
Serving Communities Stories | AbbVie,Utility Strip,"Provides quick access to contact, subscription, and group site links.",S,1,Simple functionality with minimal interactivity.,https://www.abbvie.com/who-we-are/our-stories/serving-communities-stories.html,global_utility_strip,Utility strip,No matching block type found in the AEM catalog.
Serving Communities Stories | AbbVie,Primary Navigation,Main site navigation with dropdown menus for sections like 'Who We Are' and 'Science'.,M,1,Moderate complexity due to dropdown menu functionality.,https://www.abbvie.com/who-we-are/our-stories/serving-communities-stories.html,primary_navigation,Main navigation,No matching block type found in the AEM catalog.
Virology Stories | AbbVie,Main Navigation,Provides navigation functionality for the site.,C,1,Includes dropdowns and multiple navigational layers.,https://www.abbvie.com/who-we-are/our-stories/virology-stories.html,primary_navigation,Primary navigation menu,No direct match found in the AEM catalog.
Virology Stories | AbbVie,Hero Section,Highlights introductory content with a large image and headline.,M,1,Requires image and text alignment with responsive design.,https://www.abbvie.com/who-we-are/our-stories/virology-stories.html,hero_section,Prominent hero display,Matched to the Hero block in the AEM catalog.
Virology Stories | AbbVie,Card Grid,Displays content cards in a grid layout.,M,1,Includes responsive grid layout and card styling.,https://www.abbvie.com/who-we-are/our-stories/virology-stories.html,card_grid,Grid of content cards,Matched to the Cards block in the AEM catalog.
Synthetic control arm: the end of placebos? | AbbVie,Global Utility Strip,"Provides quick access to contact, subscription, and group site links.",S,1,Basic navigation and utility links.,https://www.abbvie.com/who-we-are/our-stories/synthetic-control-arm-end-placebos.html,global_utility_strip,Utility strip,No matching catalog entry found.
Synthetic control arm: the end of placebos? | AbbVie,Primary Navigation,Main site navigation with dropdown menus for different sections.,M,1,Dropdown menu functionality and accessibility.,https://www.abbvie.com/who-we-are/our-stories/synthetic-control-arm-end-placebos.html,primary_navigation,Main navigation,No matching catalog entry found.
Synthetic control arm: the end of placebos? | AbbVie,Main Content Area,"Contains the primary content of the page, including text and images.",M,1,Content depth and potential multimedia integration.,https://www.abbvie.com/who-we-are/our-stories/synthetic-control-arm-end-placebos.html,main_content,Content area,No matching catalog entry found.
Synthetic control arm: the end of placebos? | AbbVie,Card Grid,Displays a grid of cards with links to related stories or sections.,M,1,Interactive card layout and linking.,https://www.abbvie.com/who-we-are/our-stories/synthetic-control-arm-end-placebos.html,card_grid,Grid layout,No matching catalog entry found.
"Little patients, big impact: Our approach to pediatric oncology | AbbVie",Global Utility Strip,"Provides quick access to contact, subscription, and group site links.",S,1,Basic utility strip without interactive complexity.,https://www.abbvie.com/who-we-are/our-stories/little-patients-big-impact.html,global_utility_strip,Utility strip,No matching catalog entry found.
"Little patients, big impact: Our approach to pediatric oncology | AbbVie",Primary Navigation,Main navigation menu for the website.,C,1,Deep navigation structure with accessibility and interaction requirements.,https://www.abbvie.com/who-we-are/our-stories/little-patients-big-impact.html,primary_navigation,Main navigation,No matching catalog entry found.
"Little patients, big impact: Our approach to pediatric oncology | AbbVie",Hero Section,Displays a prominent image and heading to introduce the page content.,M,1,Includes visual prominence and potential accessibility considerations.,https://www.abbvie.com/who-we-are/our-stories/little-patients-big-impact.html,hero_section,Hero section,No matching catalog entry found.
"Little patients, big impact: Our approach to pediatric oncology | AbbVie",Content Highlight,Highlights key information or features of the page.,M,1,Requires styling and potential dynamic content management.,https://www.abbvie.com/who-we-are/our-stories/little-patients-big-impact.html,content_highlight,Content highlight,No matching catalog entry found.
"Little patients, big impact: Our approach to pediatric oncology | AbbVie",Call-to-Action Buttons,Encourages users to take specific actions like navigating to other pages.,M,1,Interactive buttons with potential analytics and tracking integration.,https://www.abbvie.com/who-we-are/our-stories/little-patients-big-impact.html,cta_buttons,Call-to-action,No matching catalog entry found.
Celebrating AbbVies Working Parents Caregivers | AbbVie,Global Header,Contains the primary navigation and branding elements.,M,1,"Includes navigation and branding, requiring moderate development effort.",https://www.abbvie.com/who-we-are/our-stories/celebrating-abbvies-2025-working-parents-caregivers.html,global_header,Primary navigation and branding,No direct match in catalog; custom implementation likely needed.
Celebrating AbbVies Working Parents Caregivers | AbbVie,Hero Section,Highlights the main story or focus of the page.,M,1,Involves visual prominence and potential interactivity.,https://www.abbvie.com/who-we-are/our-stories/celebrating-abbvies-2025-working-parents-caregivers.html,hero_section,Main story highlight,No direct match in catalog; custom implementation likely needed.
Celebrating AbbVies Working Parents Caregivers | AbbVie,Main Navigation,Provides access to the main sections of the site.,M,1,Requires hierarchical structure and accessibility considerations.,https://www.abbvie.com/who-we-are/our-stories/celebrating-abbvies-2025-working-parents-caregivers.html,main_navigation,Site navigation,No direct match in catalog; custom implementation likely needed.
Celebrating AbbVies Working Parents Caregivers | AbbVie,Content Introduction,Introduces the main content with a brief description and links.,S,1,Simple text and link presentation.,https://www.abbvie.com/who-we-are/our-stories/celebrating-abbvies-2025-working-parents-caregivers.html,content_intro,Introduction text and links,No direct match in catalog; custom implementation likely needed.
Celebrating AbbVies Working Parents Caregivers | AbbVie,Featured Card,Displays a highlighted card with an image and description.,M,1,Requires design alignment and potential interactive elements.,https://www.abbvie.com/who-we-are/our-stories/celebrating-abbvies-2025-working-parents-caregivers.html,featured_card,Highlighted card,No direct match in catalog; custom implementation likely needed.
Celebrating AbbVies Working Parents Caregivers | AbbVie,Dashboard Cards,Displays a set of cards with key facts or highlights.,M,1,Involves multiple cards and potential layout complexity.,https://www.abbvie.com/who-we-are/our-stories/celebrating-abbvies-2025-working-parents-caregivers.html,dashboard_cards,Card set,No direct match in catalog; custom implementation likely needed.
Patient Support | AbbVie,Utility Strip,"Provides quick access links such as contact, subscribe, and group sites.",S,1,Simple navigation links without deep functionality.,https://www.abbvie.com/who-we-are/our-stories/patient-support-stories.html,global_utility_strip,Utility strip,No exact match found in the catalog.
Patient Support | AbbVie,Primary Navigation,Contains the main site navigation links and dropdowns.,M,1,Moderate complexity due to dropdowns and potential multi-level navigation.,https://www.abbvie.com/who-we-are/our-stories/patient-support-stories.html,primary_navigation,Main navigation,No exact match found in the catalog.
Patient Support | AbbVie,Card Grid,Displays a grid of cards showcasing individual stories or highlights.,M,1,Moderate complexity due to layout and visual styling requirements.,https://www.abbvie.com/who-we-are/our-stories/patient-support-stories.html,card_grid,Grid layout,No exact match found in the catalog.
Growing sustainably through innovation: How AbbVie takes action | AbbVie,Global Utility Strip,"Provides quick access to contact, subscription, and group site links.",S,1,Basic navigation utility with minimal interactivity.,https://www.abbvie.com/who-we-are/our-stories/growing-sustainably-through-innovation-how-abbvie-takes-action.html,global_utility_strip,Utility strip,No matching catalog entry found.
Growing sustainably through innovation: How AbbVie takes action | AbbVie,Primary Navigation,Main site navigation with mega-menu functionality.,C,1,Deep navigation structure with potential accessibility and interactive requirements.,https://www.abbvie.com/who-we-are/our-stories/growing-sustainably-through-innovation-how-abbvie-takes-action.html,primary_navigation,Main navigation,No matching catalog entry found.
Growing sustainably through innovation: How AbbVie takes action | AbbVie,Main Content,"Primary content area of the page, including articles and details.",M,1,Content area with potential rich text and multimedia elements.,https://www.abbvie.com/who-we-are/our-stories/growing-sustainably-through-innovation-how-abbvie-takes-action.html,main_content,Content section,No matching catalog entry found.
Change from within: Kenyan mom groups help families and communities thrive | AbbVie,Global Utility Strip,"Provides quick access to contact, subscription, and group site links.",S,1,Basic utility strip with minimal interactivity.,https://www.abbvie.com/who-we-are/our-stories/change-from-within.html,global_utility_strip,Utility strip,No matching catalog entry found for this block.
Change from within: Kenyan mom groups help families and communities thrive | AbbVie,Primary Navigation,Main site navigation with branding and menu options.,M,1,Navigation bar with potential dropdowns and branding elements.,https://www.abbvie.com/who-we-are/our-stories/change-from-within.html,primary_navigation,Main navigation,No matching catalog entry found for this block.
Change from within: Kenyan mom groups help families and communities thrive | AbbVie,Main Content,Primary content area with articles and information.,M,1,Dynamic content display requiring integration with CMS.,https://www.abbvie.com/who-we-are/our-stories/change-from-within.html,main_content,Content display,No matching catalog entry found for this block.
Change from within: Kenyan mom groups help families and communities thrive | AbbVie,Footer,Site footer with additional navigation and contact information.,S,1,Static footer with basic styling and links.,https://www.abbvie.com/who-we-are/our-stories/change-from-within.html,footer,Footer navigation,Matched with catalog entry 'Footer'.
Partnerships Stories | AbbVie,Global Header,Displays branding and primary navigation.,M,1,Includes navigation and branding elements requiring responsive design.,https://www.abbvie.com/who-we-are/our-stories/partnerships-stories.html,global_header,Primary navigation and branding,Mapped using substring match for 'header'.
Partnerships Stories | AbbVie,Hero Section,Showcases the main theme or story with a prominent visual.,M,1,Requires layout for large images and headings with responsive design.,https://www.abbvie.com/who-we-are/our-stories/partnerships-stories.html,hero_section,Main theme display,Mapped using substring match for 'hero'.
Partnerships Stories | AbbVie,Main Navigation,Provides primary site navigation.,M,1,Complexity arises from deep navigation structures.,https://www.abbvie.com/who-we-are/our-stories/partnerships-stories.html,main_navigation,Site navigation,No exact match found in catalog.
Partnerships Stories | AbbVie,Primary Story Card,Displays a featured story with an image and description.,M,1,Involves card layout and responsive design.,https://www.abbvie.com/who-we-are/our-stories/partnerships-stories.html,primary_story_card,Featured story card,Mapped using substring match for 'card'.
Partnerships Stories | AbbVie,Secondary Story Grid,Displays a grid of additional stories or features.,C,1,Requires grid layout and responsive design for multiple items.,https://www.abbvie.com/who-we-are/our-stories/partnerships-stories.html,secondary_story_grid,Story grid,Mapped using substring match for 'card'.
Sharpening focus on eye diseases caused by diabetes | AbbVie,Global Utility Strip,Provides quick access to contact information and links.,S,1,Basic navigation utility strip.,https://www.abbvie.com/who-we-are/our-stories/sharpening-focus-on-eye-diseases-caused-by-diabetes.html,global_utility_strip,Utility strip,No direct match in AEM catalog.
Sharpening focus on eye diseases caused by diabetes | AbbVie,Primary Navigation,Main site navigation menu with dropdowns.,M,1,Dropdown navigation requires medium complexity.,https://www.abbvie.com/who-we-are/our-stories/sharpening-focus-on-eye-diseases-caused-by-diabetes.html,primary_navigation,Main navigation,No direct match in AEM catalog.
Sharpening focus on eye diseases caused by diabetes | AbbVie,Hero Section,Prominent image and heading introducing the page topic.,M,1,Hero blocks often include dynamic image and text handling.,https://www.abbvie.com/who-we-are/our-stories/sharpening-focus-on-eye-diseases-caused-by-diabetes.html,hero_section,Hero,Mapped to AEM 'Hero' block.
Sharpening focus on eye diseases caused by diabetes | AbbVie,Main Content,Primary content area containing articles and stories.,M,1,Content blocks often include rich text and embedded media.,https://www.abbvie.com/who-we-are/our-stories/sharpening-focus-on-eye-diseases-caused-by-diabetes.html,main_content,Content display,No direct match in AEM catalog.
Bay Area Opportunities | AbbVie,Global Utility Strip,Provides quick access to search and other utilities.,S,1,Simple layout with minimal interactivity.,https://www.abbvie.com/join-us/bay-area-opportunities.html,global_utility_strip,Utility strip,No matching block found in catalog.
Bay Area Opportunities | AbbVie,Primary Navigation,Main site navigation with branding and links.,C,1,Deep navigation structure with accessibility requirements.,https://www.abbvie.com/join-us/bay-area-opportunities.html,primary_navigation,Main navigation,No matching block found in catalog.
Bay Area Opportunities | AbbVie,Hero Section,Prominent introduction with background image and headline.,M,1,Requires styling and scripting for layout and dynamic content.,https://www.abbvie.com/join-us/bay-area-opportunities.html,hero_section,Hero,Mapped to Hero block from catalog.
Bay Area Opportunities | AbbVie,Introduction Content,Text and buttons introducing the page's purpose.,M,1,Requires dynamic content handling and styling.,https://www.abbvie.com/join-us/bay-area-opportunities.html,intro_content,Introductory content,No matching block found in catalog.
Bay Area Opportunities | AbbVie,Carousel Gallery,Interactive image gallery showcasing the campus.,C,1,Interactive component with navigation and dynamic slides.,https://www.abbvie.com/join-us/bay-area-opportunities.html,carousel_gallery,Image carousel,Mapped to Carousel block from catalog.
Bay Area Opportunities | AbbVie,Focus Areas,Highlights specific focus areas with supporting text and images.,M,1,Combination of text and images requiring responsive design.,https://www.abbvie.com/join-us/bay-area-opportunities.html,focus_areas,Content highlights,No matching block found in catalog.
Bay Area Opportunities | AbbVie,Campus Tour CTA,Call-to-action for a virtual campus tour.,S,1,Simple call-to-action layout.,https://www.abbvie.com/join-us/bay-area-opportunities.html,campus_tour_cta,Call-to-action,No matching block found in catalog.
Social Media Community Guidelines | AbbVie,Global Header,Provides the site's branding and primary navigation functionality.,S,1,"Simple header with navigation, no advanced interactions.",https://www.abbvie.com/social-media-community-guidelines.html,global_header,Utility strip,Matched directly to AEM catalog.
Social Media Community Guidelines | AbbVie,Primary Navigation,Enables navigation across different sections of the site.,M,1,Includes multiple navigation links and dropdowns.,https://www.abbvie.com/social-media-community-guidelines.html,primary_navigation,Main navigation,No exact match found in AEM catalog.
Social Media Community Guidelines | AbbVie,Hero Section,Highlights the main content with a visual and textual introduction.,M,1,"Includes large image and text, requiring responsive design.",https://www.abbvie.com/social-media-community-guidelines.html,hero_section,Hero banner,Matched directly to AEM catalog.
Social Media Community Guidelines | AbbVie,Content Section,Displays detailed page information and links.,M,1,"Contains structured text and links, medium complexity.",https://www.abbvie.com/social-media-community-guidelines.html,content_section,Content body,No exact match found in AEM catalog.
Social Media Community Guidelines | AbbVie,Footer Section,Provides additional navigation and contact information.,S,1,Simple footer with links and basic styling.,https://www.abbvie.com/social-media-community-guidelines.html,footer_section,Footer,Matched directly to AEM catalog.
Cerevel is now part of AbbVie | AbbVie,Utility Navigation,Provides quick access to global tools such as search and user preferences.,S,1,Minimal functionality and styling requirements.,https://www.abbvie.com/cerevel.html,global_utility_strip,Utility strip,Commonly used for accessibility and global links.
Cerevel is now part of AbbVie | AbbVie,Main Navigation,Displays the primary navigation menu and branding elements.,M,1,Includes navigation logic and branding integration.,https://www.abbvie.com/cerevel.html,primary_header,Main navigation,May include dropdowns or responsive elements.
Cerevel is now part of AbbVie | AbbVie,Hero Banner,Highlights the main message of the page with visual prominence.,M,1,Includes background image handling and responsive design.,https://www.abbvie.com/cerevel.html,hero_section,Hero,Often includes dynamic or interactive elements.
Cerevel is now part of AbbVie | AbbVie,Intro Text Block,Provides introductory context and a call-to-action.,S,1,Simple text and link functionality.,https://www.abbvie.com/cerevel.html,intro_text,Content block,Minimal interactive components.
Cerevel is now part of AbbVie | AbbVie,Neuroscience Info,Displays content related to neuroscience focus with visuals.,M,1,Combines text and images in a structured layout.,https://www.abbvie.com/cerevel.html,neuroscience_section,Content section,May include specific styling for thematic relevance.
Cerevel is now part of AbbVie | AbbVie,Page Footer,"Provides site-wide links, legal information, and social media icons.",M,1,Integration of multiple link types and responsive behavior.,https://www.abbvie.com/cerevel.html,footer,Footer,Critical for site navigation and compliance.
Mitokinin is now part of AbbVie | AbbVie,Global Header,"Provides branding, navigation, and utility links.",M,1,Includes navigation and branding elements with potential accessibility considerations.,https://www.abbvie.com/mitokinin.html,global_header,Utility strip,Matched to AEM Header block.
Mitokinin is now part of AbbVie | AbbVie,Hero Section,Highlights the main message with a large image and title.,M,1,Requires styling for large images and responsive design.,https://www.abbvie.com/mitokinin.html,hero_section,Main banner,Matched to AEM Hero block.
Mitokinin is now part of AbbVie | AbbVie,Introductory Content,"Introduces page content with a title, text, and call-to-action.",S,1,Simple text and button layout.,https://www.abbvie.com/mitokinin.html,intro_content,Content introduction,No direct match found in AEM catalog.
Mitokinin is now part of AbbVie | AbbVie,Neuroscience Section,"Highlights neuroscience focus with an image, text, and button.",M,1,Includes media and interactive elements.,https://www.abbvie.com/mitokinin.html,neuroscience_section,Content focus,No direct match found in AEM catalog.
Mitokinin is now part of AbbVie | AbbVie,Footer,"Contains links, social media, and legal information.",M,1,Includes multiple link types and styling considerations.,https://www.abbvie.com/mitokinin.html,footer,Site footer,Matched to AEM Footer block.
Mitokinin is now part of AbbVie | AbbVie,Back to Top Button,Allows users to return to the top of the page.,S,1,Simple button functionality.,https://www.abbvie.com/mitokinin.html,back_to_top,Utility button,No direct match found in AEM catalog.
Celsius Therapeutics is now a part of AbbVie | AbbVie,Global Utility Navigation,Provides global utility links and search functionality.,S,1,Basic navigation and utility elements.,https://www.abbvie.com/celsius-therapeutics.html,global_utility_strip,Utility strip,No direct mapping found in AEM catalog.
Celsius Therapeutics is now a part of AbbVie | AbbVie,Primary Navigation,Main navigation for site sections and branding.,M,1,Complexity due to deep navigation structure.,https://www.abbvie.com/celsius-therapeutics.html,primary_navigation,Main navigation,No direct mapping found in AEM catalog.
Celsius Therapeutics is now a part of AbbVie | AbbVie,Hero Area,Displays prominent image and headline.,M,1,Visual prominence and potential responsiveness.,https://www.abbvie.com/celsius-therapeutics.html,hero_section,Hero visual,No direct mapping found in AEM catalog.
Celsius Therapeutics is now a part of AbbVie | AbbVie,Lead Content Area,Provides main textual content and call-to-action.,S,1,Simple content area.,https://www.abbvie.com/celsius-therapeutics.html,lead_content,Lead content,No direct mapping found in AEM catalog.
Celsius Therapeutics is now a part of AbbVie | AbbVie,Immunology Feature,Highlights immunology focus with visuals and text.,M,1,Content depth and visual integration.,https://www.abbvie.com/celsius-therapeutics.html,immunology_section,Content section,No direct mapping found in AEM catalog.
Celsius Therapeutics is now a part of AbbVie | AbbVie,Footer Navigation,Displays primary navigation links in the footer.,S,1,Simple footer navigation.,https://www.abbvie.com/celsius-therapeutics.html,footer_primary_links,Footer links,No direct mapping found in AEM catalog.
Celsius Therapeutics is now a part of AbbVie | AbbVie,Footer Social Links,Displays social media links in the footer.,S,1,Basic social media integration.,https://www.abbvie.com/celsius-therapeutics.html,footer_social_links,Social links,No direct mapping found in AEM catalog.
Celsius Therapeutics is now a part of AbbVie | AbbVie,Footer Legal Links,Displays legal and informational links in the footer.,S,1,Simple legal links.,https://www.abbvie.com/celsius-therapeutics.html,footer_legal_links,Legal links,No direct mapping found in AEM catalog.
Celsius Therapeutics is now a part of AbbVie | AbbVie,Back to Top Button,Provides functionality to scroll back to the top of the page.,S,1,Basic button functionality.,https://www.abbvie.com/celsius-therapeutics.html,back_to_top_button,Utility button,No direct mapping found in AEM catalog.
ImmunoGen is now part of AbbVie | AbbVie,Global Utility Strip,Provides global utility links such as search and navigation.,S,1,Simple header navigation utility.,https://www.abbvie.com/immunogen.html,global_utility_strip,Utility strip,No direct match found in the AEM catalog.
ImmunoGen is now part of AbbVie | AbbVie,Hero Section,Displays a prominent image and title for the page.,M,1,Requires integration of image and text positioning with CSS and JS.,https://www.abbvie.com/immunogen.html,hero_section,Main visual and title,Mapped to the Hero block in the AEM catalog.
ImmunoGen is now part of AbbVie | AbbVie,Introduction Text,Provides introductory context regarding the acquisition.,S,1,Simple static text content.,https://www.abbvie.com/immunogen.html,intro_text,Introductory text,No direct match found in the AEM catalog.
ImmunoGen is now part of AbbVie | AbbVie,Oncology Section,Highlights oncology-related initiatives and focus.,M,1,Requires structured layout for content presentation.,https://www.abbvie.com/immunogen.html,oncology_section,Content section,No direct match found in the AEM catalog.
ImmunoGen is now part of AbbVie | AbbVie,Clinical Trials Section,Displays information related to clinical trials.,M,1,Involves integration of data and structured content.,https://www.abbvie.com/immunogen.html,clinical_trials_section,Information section,No direct match found in the AEM catalog.
ImmunoGen is now part of AbbVie | AbbVie,Footer,"Displays footer content including links, legal information, and social media icons.",M,1,Requires integration of multiple elements and styling.,https://www.abbvie.com/immunogen.html,footer,Footer,Mapped to the Footer block in the AEM catalog.
Discovery Files | AbbVie,Global Header,Provides branding and main navigation for the site.,M,1,Includes branding elements and potential deep navigation structures.,https://www.abbvie.com/science/our-people/discovery-files.html,global_header,Main navigation,No matching entry in the AEM catalog.
Discovery Files | AbbVie,Hero Section,Displays a prominent image and heading as the main focus of the page.,M,1,Requires CSS and JS for layout and interactivity.,https://www.abbvie.com/science/our-people/discovery-files.html,hero_section,Hero image and headline,Mapped to the 'Hero' block in the AEM catalog.
Discovery Files | AbbVie,Primary Navigation,Facilitates navigation across site sections with dropdown menus.,C,1,Includes dropdown menus and accessibility considerations.,https://www.abbvie.com/science/our-people/discovery-files.html,primary_navigation,Dropdown navigation,No matching entry in the AEM catalog.
Discovery Files | AbbVie,Content Section 1,Highlights 'Who We Are' with text and links.,M,1,Requires structured content and links.,https://www.abbvie.com/science/our-people/discovery-files.html,content_section_1,Informative text block,No matching entry in the AEM catalog.
Discovery Files | AbbVie,Content Section 2,Highlights 'Science' with text and links.,M,1,Requires structured content and links.,https://www.abbvie.com/science/our-people/discovery-files.html,content_section_2,Informative text block,No matching entry in the AEM catalog.
Discovery Files | AbbVie,Card Grid,Showcases articles and highlights in a card grid layout.,C,1,Involves dynamic content and grid layout.,https://www.abbvie.com/science/our-people/discovery-files.html,card_grid,Card-based layout,No matching entry in the AEM catalog.
Allergan is now part of AbbVie | AbbVie,Site Header,"Displays the main site header, including navigation and branding.",M,1,Requires integration of navigation elements and branding layout.,https://www.abbvie.com/allergan.html,header_chrome,Main navigation,Header includes utility and primary navigation.
Allergan is now part of AbbVie | AbbVie,Site Search,Implements a search feature for the site.,M,1,Includes search box functionality and results display.,https://www.abbvie.com/allergan.html,site_search,Search bar,Search functionality is a core interactive feature.
Allergan is now part of AbbVie | AbbVie,Cookie Preferences,Manages user consent for cookies and tracking.,C,1,Requires integration with third-party consent management systems.,https://www.abbvie.com/allergan.html,cookie_preferences_entry,Cookie preferences,Likely involves OneTrust or similar CMP integration.
Scientist Spotlights | The People Powering AbbVie R&amp;D | AbbVie,Global Utility Strip,Provides links for global navigation.,S,1,"Simple navigation links, no advanced features.",https://www.abbvie.com/science/our-people/behind-the-science.html,global_utility_strip,Utility strip,No direct match in catalog.
Scientist Spotlights | The People Powering AbbVie R&amp;D | AbbVie,Primary Navigation,Main navigation with mega-menu functionality.,C,1,Deep navigation structure with potential accessibility challenges.,https://www.abbvie.com/science/our-people/behind-the-science.html,primary_navigation,Main navigation,No direct match in catalog.
Scientist Spotlights | The People Powering AbbVie R&amp;D | AbbVie,Hero Section,Showcases a prominent image and headline for page focus.,M,1,Includes styling and scripting for dynamic content.,https://www.abbvie.com/science/our-people/behind-the-science.html,hero_section,Hero section,Mapped to 'Hero' from catalog.
Scientist Spotlights | The People Powering AbbVie R&amp;D | AbbVie,Main Content,Contains primary articles and features.,M,1,Essential content area with potential dynamic features.,https://www.abbvie.com/science/our-people/behind-the-science.html,main_content,Content area,No direct match in catalog.
Scientist Spotlights | The People Powering AbbVie R&amp;D | AbbVie,Card Grid,Displays content in a grid of cards.,M,1,Includes responsive layout and styling.,https://www.abbvie.com/science/our-people/behind-the-science.html,card_grid,Card grid,Mapped to 'Cards' from catalog.
"Linda Scarazzini, M.D. | AbbVie",Global Utility Strip,Provides access to global utilities such as contact and subscription links.,S,1,Simple functionality with limited interaction.,https://www.abbvie.com/science/our-people/our-rd-leaders/linda-scarazzini.html,global_utility_strip,Utility strip,No matching AEM catalog block name found.
"Linda Scarazzini, M.D. | AbbVie",Primary Navigation,Main navigation bar for site-wide access.,M,1,Medium complexity due to potential deep navigation structure.,https://www.abbvie.com/science/our-people/our-rd-leaders/linda-scarazzini.html,primary_navigation,Main navigation,No matching AEM catalog block name found.
"Linda Scarazzini, M.D. | AbbVie",Hero Section,Prominent visual section with introductory content.,M,1,Medium complexity due to visual and accessibility considerations.,https://www.abbvie.com/science/our-people/our-rd-leaders/linda-scarazzini.html,hero_section,Hero image and content,No matching AEM catalog block name found.
"Linda Scarazzini, M.D. | AbbVie",Content Columns,Displays content in a multi-column layout.,M,1,Medium complexity due to layout and responsive design requirements.,https://www.abbvie.com/science/our-people/our-rd-leaders/linda-scarazzini.html,content_columns,Multi-column layout,No matching AEM catalog block name found.
"Linda Scarazzini, M.D. | AbbVie",Footer Links,Contains additional navigation links in the footer.,S,1,Simple functionality with limited interaction.,https://www.abbvie.com/science/our-people/our-rd-leaders/linda-scarazzini.html,footer_links,Footer navigation,No matching AEM catalog block name found.
Equal Employment Opportunity Employer | AbbVie,Global Utility Strip,"Provides quick access links for contact, subscribe, and group sites.",S,1,Simple navigation element with minimal interactivity.,https://www.abbvie.com/join-us/equal-employment-opportunity-employer.html,global_utility_strip,Utility strip,Requires basic accessibility compliance.
Equal Employment Opportunity Employer | AbbVie,Primary Navigation,Main site navigation with dropdown menus for major sections.,C,1,Deep navigation structure with dropdown menus.,https://www.abbvie.com/join-us/equal-employment-opportunity-employer.html,primary_navigation,Main navigation,Ensure full accessibility and responsive behavior.
Equal Employment Opportunity Employer | AbbVie,Multi-Column CTAs,Columns with call-to-action buttons guiding users to key areas.,M,1,Moderate complexity due to dynamic content and multiple links.,https://www.abbvie.com/join-us/equal-employment-opportunity-employer.html,multi_column_cta,Call-to-action layout,Optimize for usability and visual clarity.
Equal Employment Opportunity Employer | AbbVie,Card Grid,Grid of cards featuring images and text for highlighted content.,M,1,Moderate complexity due to interactive elements and layout.,https://www.abbvie.com/join-us/equal-employment-opportunity-employer.html,card_grid,Content grid,Ensure accessibility and responsive design.
Capstan Therapeutics is now a part of AbbVie | AbbVie,Utility Navigation,Provides quick access to contact information and subscription options.,S,1,Simple functionality with minimal interactivity.,https://www.abbvie.com/capstan-therapeutics.html,global_utility_strip,Utility strip,No direct match in AEM catalog.
Capstan Therapeutics is now a part of AbbVie | AbbVie,Main Navigation,Main site navigation including logo and menu.,M,1,Includes logo integration and potential menu depth.,https://www.abbvie.com/capstan-therapeutics.html,primary_navigation,Primary navigation,No direct match in AEM catalog.
Capstan Therapeutics is now a part of AbbVie | AbbVie,Hero Section,Large visual section with a headline and background image.,M,1,Requires image handling and responsive layout.,https://www.abbvie.com/capstan-therapeutics.html,hero_section,Hero,No direct match in AEM catalog.
Capstan Therapeutics is now a part of AbbVie | AbbVie,Announcement Section,Highlights acquisition with headline and call-to-action.,M,1,"Combines text, links, and possibly dynamic content.",https://www.abbvie.com/capstan-therapeutics.html,announcement_section,Announcement,No direct match in AEM catalog.
Capstan Therapeutics is now a part of AbbVie | AbbVie,Immunology Section,Details AbbVie's focus on immunology.,M,1,Structured content likely involving grid or card layout.,https://www.abbvie.com/capstan-therapeutics.html,immunology_section,Content section,No direct match in AEM catalog.
Capstan Therapeutics is now a part of AbbVie | AbbVie,Footer Links,Primary navigation links in the footer.,S,1,Static links with minimal interactivity.,https://www.abbvie.com/capstan-therapeutics.html,footer_primary_links,Footer links,Mapped to 'Footer' block in AEM catalog.
Capstan Therapeutics is now a part of AbbVie | AbbVie,Social Links,Social media links in the footer.,S,1,Static links with minimal interactivity.,https://www.abbvie.com/capstan-therapeutics.html,footer_social_links,Social links,Mapped to 'Footer' block in AEM catalog.
Capstan Therapeutics is now a part of AbbVie | AbbVie,Legal Links,Legal and informational links in the footer.,S,1,Static links with minimal interactivity.,https://www.abbvie.com/capstan-therapeutics.html,footer_legal_links,Legal links,Mapped to 'Footer' block in AEM catalog.
Capstan Therapeutics is now a part of AbbVie | AbbVie,Back to Top,Button to scroll back to the top of the page.,S,1,Simple functionality with minimal interactivity.,https://www.abbvie.com/capstan-therapeutics.html,back_to_top,Utility button,No direct match in AEM catalog.
Savings Card | AbbVie,Global Utility Strip,"Provides quick access to contact, subscription, and group site links.",S,1,Straightforward implementation with limited interaction.,https://www.abbvie.com/patients/patient-support/patient-assistance/savings-card.html,global_utility_strip,Utility strip,Requires alignment with accessibility standards.
Savings Card | AbbVie,Primary Navigation,Main navigation bar with links to primary sections of the site.,M,1,Moderate complexity due to potential deep navigation hierarchy.,https://www.abbvie.com/patients/patient-support/patient-assistance/savings-card.html,primary_navigation,Main navigation,Should ensure responsive behavior and keyboard navigation.
Savings Card | AbbVie,Hero Section,Prominent section at the top of the page displaying the main message or call-to-action.,M,1,Potential for dynamic content and visual design requirements.,https://www.abbvie.com/patients/patient-support/patient-assistance/savings-card.html,hero_section,Hero block,Ensure optimal loading performance and visual appeal.
Savings Card | AbbVie,Card Grid Section,Displays a grid of cards featuring various stories or highlights.,M,1,Moderate complexity due to grid layout and interaction possibilities.,https://www.abbvie.com/patients/patient-support/patient-assistance/savings-card.html,card_grid_section,Card grid,Consider accessibility for card interactions and visual design.
Available Programs | AbbVie,Global Navigation,Primary navigation menu for the site.,C,1,Involves dropdowns and deep navigation structures.,https://www.abbvie.com/patients/patient-support/patient-assistance/available-programs.html,global_navigation,Main navigation,Potential for accessibility challenges due to dropdowns.
Available Programs | AbbVie,Hero Section,Prominent hero section with image and title.,M,1,Standard hero section with styling and positioning.,https://www.abbvie.com/patients/patient-support/patient-assistance/available-programs.html,hero_section,Hero,Uses CSS for positioning and styling.
Available Programs | AbbVie,Programs List,List of available programs with links and descriptions.,S,1,Simple list structure with links.,https://www.abbvie.com/patients/patient-support/patient-assistance/available-programs.html,programs_list,List,Straightforward implementation.
Available Programs | AbbVie,Featured Story,Highlighted story with image and summary.,M,1,Requires image handling and text layout.,https://www.abbvie.com/patients/patient-support/patient-assistance/available-programs.html,featured_story,Card,May involve dynamic content loading.
Available Programs | AbbVie,Recognition Facts,Statistics and highlights section.,S,1,Simple data presentation.,https://www.abbvie.com/patients/patient-support/patient-assistance/available-programs.html,recognition_facts,Facts,Straightforward implementation.
Check Your Eligibility | AbbVie,Global Utility Strip,Provides links and utilities for user navigation and interaction.,S,1,Limited functionality and scope for basic navigation utilities.,https://www.abbvie.com/patients/patient-support/patient-assistance/eligibility-criteria.html,global_utility_strip,Utility strip,No exact match found in the AEM catalog.
Check Your Eligibility | AbbVie,Primary Navigation,Main navigation bar for site-wide access and branding.,M,1,"Includes branding, mega-navigation, and potentially dynamic content.",https://www.abbvie.com/patients/patient-support/patient-assistance/eligibility-criteria.html,primary_navigation,Main navigation,No exact match found in the AEM catalog.
One Minute Thesis | AbbVie,Utility Links,"Provides links for contact, subscription, and group sites.",S,1,"Limited scope, primarily static links.",https://www.abbvie.com/science/our-people/science-in-60-seconds.html,global_utility_strip,Utility strip,No corresponding block found in AEM catalog.
One Minute Thesis | AbbVie,Site Navigation,Facilitates main site navigation with branding and mega-navigation.,C,1,Requires deep navigation structure and accessibility considerations.,https://www.abbvie.com/science/our-people/science-in-60-seconds.html,primary_navigation,Main navigation,No corresponding block found in AEM catalog.
One Minute Thesis | AbbVie,Hero Banner,Introduces the page with a prominent image and heading.,M,1,Includes visual styling and responsive design.,https://www.abbvie.com/science/our-people/science-in-60-seconds.html,hero_section,Hero section,Mapped to Hero block from AEM catalog.
One Minute Thesis | AbbVie,Content Cards,Displays content in a grid of cards with teasers.,M,1,Involves grid layout and dynamic content handling.,https://www.abbvie.com/science/our-people/science-in-60-seconds.html,card_grid,Card grid,Mapped to Cards block from AEM catalog.
Aliada Therapeutics is now part of AbbVie | AbbVie,Global Utility Strip,Provides quick access to global links such as contact and subscriptions.,S,1,Basic navigation links with minimal interactivity.,https://www.abbvie.com/aliada-therapeutics.html,global_utility_strip,Utility strip,No exact match found in catalog.
Aliada Therapeutics is now part of AbbVie | AbbVie,Primary Navigation,Main navigation bar with dropdowns linking to primary site sections.,M,1,Dropdown functionality and potential accessibility requirements.,https://www.abbvie.com/aliada-therapeutics.html,primary_navigation,Main navigation,No exact match found in catalog.
Aliada Therapeutics is now part of AbbVie | AbbVie,Hero Section,Prominent section featuring a large image and introductory text.,M,1,Large visual element with potential interactive or responsive behavior.,https://www.abbvie.com/aliada-therapeutics.html,hero_section,Hero banner,Matched to 'Hero' in catalog.
Aliada Therapeutics is now part of AbbVie | AbbVie,Who We Are Section,Section highlighting company principles and values.,S,1,Static content display with minimal interactivity.,https://www.abbvie.com/aliada-therapeutics.html,who_we_are_section,Informational,No exact match found in catalog.
Aliada Therapeutics is now part of AbbVie | AbbVie,Science Section,Section showcasing scientific achievements.,S,1,Static content with minimal interactivity.,https://www.abbvie.com/aliada-therapeutics.html,science_section,Informational,No exact match found in catalog.
Aliada Therapeutics is now part of AbbVie | AbbVie,Science Card,Displays scientific achievements in a card format.,M,1,Card layout with potential for interactive elements.,https://www.abbvie.com/aliada-therapeutics.html,science_card,Content card,Matched to 'Cards' in catalog.
Contact us | AbbVie,Global Utility Strip,"Provides quick access to contact, subscription, and group site links.",S,1,Simple functionality without additional integrations or advanced features.,https://www.abbvie.com/contactus.html,global_utility_strip,Utility strip,No matching catalog entry found for this block.
Contact us | AbbVie,Primary Navigation,Main site navigation menu with dropdowns for sections like 'Who We Are' and 'Science'.,M,1,Requires dropdown functionality and potential accessibility considerations.,https://www.abbvie.com/contactus.html,primary_navigation,Main navigation,No matching catalog entry found for this block.
Online Application Overview | AbbVie,Global Utility Strip,"Provides quick access to contact, subscription, and group site navigation.",S,1,Simple navigation utility without deep interactivity.,https://www.abbvie.com/patients/patient-support/patient-assistance/online-application-overview.html,global_utility_strip,Utility strip,No direct match found in catalog.
Online Application Overview | AbbVie,Primary Navigation,Main site navigation including logo and menu.,M,1,"Includes logo and expandable menu, requiring moderate implementation effort.",https://www.abbvie.com/patients/patient-support/patient-assistance/online-application-overview.html,primary_navigation,Main navigation,No direct match found in catalog.
Online Application Overview | AbbVie,Card Grid,Presents content in a card format for quick navigation.,M,1,Requires dynamic card layout with responsive behavior.,https://www.abbvie.com/patients/patient-support/patient-assistance/online-application-overview.html,card_grid,Card grid,Matched to 'Cards' block in catalog.
Locations | AbbVie,Global Utility Strip,"Provides links for contact, subscription, and related group sites.",M,1,Moderate complexity due to potential dynamic link management and accessibility requirements.,https://www.abbvie.com/contact-center/locations.html,global_utility_strip,Utility strip,No exact match found in the AEM block catalog.
Locations | AbbVie,Primary Navigation,Main navigation for accessing major site sections.,C,1,High complexity due to deep navigation structures and accessibility compliance.,https://www.abbvie.com/contact-center/locations.html,primary_navigation,Main navigation,No exact match found in the AEM block catalog.
"Daejin Abidoye, M.D. | AbbVie",Global Navigation,Provides site-wide navigation links and branding.,M,1,Scope involves global navigation with potential dynamic elements.,https://www.abbvie.com/science/our-people/our-rd-leaders/daejin-abidoye.html,global_navigation,Main navigation,No direct match found in the catalog.
"Daejin Abidoye, M.D. | AbbVie",Hero Section,Highlights the main focus of the page with a prominent image and title.,M,1,Includes a large image and heading with specific styling requirements.,https://www.abbvie.com/science/our-people/our-rd-leaders/daejin-abidoye.html,hero_section,Hero banner,Matched to 'Hero' block in the catalog.
"Daejin Abidoye, M.D. | AbbVie",Primary Content,Displays the main textual and visual content of the page.,M,1,Involves the primary content area which might include mixed media.,https://www.abbvie.com/science/our-people/our-rd-leaders/daejin-abidoye.html,primary_content,Textual and visual content,No direct match found in the catalog.
"Wolfram Nothaft, M.D. | AbbVie",Global Navigation,"Primary navigation bar for the site, including menu and logo.",M,1,Includes accessibility requirements and dynamic menu interactions.,https://www.abbvie.com/science/our-people/our-rd-leaders/wolfram-nothaft.html,global_navigation,Primary navigation,No direct match in AEM catalog.
"Wolfram Nothaft, M.D. | AbbVie",Hero Section,Displays a visually prominent section with a large image and headline.,M,1,Requires responsive design and content management integration.,https://www.abbvie.com/science/our-people/our-rd-leaders/wolfram-nothaft.html,hero_section,Hero banner,Matched to AEM block catalog as 'Hero'.
"Wolfram Nothaft, M.D. | AbbVie",Content Introduction,Provides introductory text and links related to the page topic.,S,1,Simple text-based content block.,https://www.abbvie.com/science/our-people/our-rd-leaders/wolfram-nothaft.html,content_intro,Introductory content,No direct match in AEM catalog.
"Wolfram Nothaft, M.D. | AbbVie",Card Grid,Displays a grid of cards showcasing articles or features.,M,1,Requires grid layout and responsive styling.,https://www.abbvie.com/science/our-people/our-rd-leaders/wolfram-nothaft.html,card_grid,Card layout,Matched to AEM block catalog as 'Cards'.
"Eleni Lagkadinou, M.D. | AbbVie",Global Utility Strip,"Provides quick access to contact, subscribe, and group site links.",S,1,Simple utility navigation without advanced interactivity.,https://www.abbvie.com/science/our-people/our-rd-leaders/eleni-lagkadinou.html,global_utility_strip,Utility strip,No direct match found in the AEM blocks catalog.
"Eleni Lagkadinou, M.D. | AbbVie",Primary Navigation,Main site navigation with dropdown menus for sections.,M,1,Dropdown functionality and section organization add medium complexity.,https://www.abbvie.com/science/our-people/our-rd-leaders/eleni-lagkadinou.html,primary_navigation,Main navigation,No direct match found in the AEM blocks catalog.
"Eleni Lagkadinou, M.D. | AbbVie",Footer Links,Provides additional navigation and site information.,S,1,Basic footer with limited interactivity or dynamic content.,https://www.abbvie.com/science/our-people/our-rd-leaders/eleni-lagkadinou.html,footer_links,Footer links,Mapped to the 'Footer' block in the AEM catalog.
Raymond C. Votzmeyer | AbbVie,Global Navigation,Provides structured navigation for the website's main sections.,M,1,Includes hierarchical navigation requiring proper accessibility and responsive design.,https://www.abbvie.com/science/our-people/our-rd-leaders/raymond-votzmeyer.html,global_navigation,Main navigation,No exact match found in the AEM catalog.
Raymond C. Votzmeyer | AbbVie,Hero Section,Displays the main focus of the page with a large image and heading.,S,1,Relatively simple design with basic styling and positioning.,https://www.abbvie.com/science/our-people/our-rd-leaders/raymond-votzmeyer.html,hero_section,Page header,Matched to official catalog entry.
Raymond C. Votzmeyer | AbbVie,Main Content,"Contains the primary text, images, and links of the page.",M,1,Requires flexible grid layout and possible dynamic content rendering.,https://www.abbvie.com/science/our-people/our-rd-leaders/raymond-votzmeyer.html,main_content,Content grid,No exact match found in the AEM catalog.
Raymond C. Votzmeyer | AbbVie,Footer,Displays footer content including navigation links and legal disclaimers.,S,1,Straightforward implementation with minor styling requirements.,https://www.abbvie.com/science/our-people/our-rd-leaders/raymond-votzmeyer.html,footer,Footer navigation,Matched to official catalog entry.
AbbVie Pride | AbbVie,Primary Navigation,Provides the main site navigation with dropdown menus.,M,1,Includes dropdowns and accessibility considerations.,https://www.abbvie.com/join-us/life-at-abbvie/employee-resource-groups/abbvie-pride.html,primary_navigation,Main navigation,No exact match in the AEM catalog.
AbbVie Pride | AbbVie,Hero Section,Displays a prominent introductory section with a large image and heading.,S,1,Simple layout with image and heading.,https://www.abbvie.com/join-us/life-at-abbvie/employee-resource-groups/abbvie-pride.html,hero_section,Hero image and text,Matched to AEM catalog block 'Hero'.
AbbVie Pride | AbbVie,Call-to-Action Grid,Organizes multiple call-to-action elements in a grid layout.,M,1,Requires layout considerations and interactivity.,https://www.abbvie.com/join-us/life-at-abbvie/employee-resource-groups/abbvie-pride.html,cta_grid,Grid of CTAs,No exact match in the AEM catalog.
Income criteria | AbbVie,Global Header,Provides primary site navigation and branding.,M,1,Includes accessibility features and responsive design for navigation.,https://www.abbvie.com/patients/patient-support/patient-assistance/income-criteria.html,global_header,Main navigation,Requires integration with site-wide navigation structure.
Income criteria | AbbVie,Hero Section,Displays main focus or message with prominent visuals.,M,1,Incorporates large image and heading with responsive styling.,https://www.abbvie.com/patients/patient-support/patient-assistance/income-criteria.html,hero_section,Promotional hero,Optimized for visual impact and user engagement.
Income criteria | AbbVie,Navigation Menu,Provides site-wide navigation options.,M,1,Includes dynamic menu behavior and accessibility considerations.,https://www.abbvie.com/patients/patient-support/patient-assistance/income-criteria.html,navigation_menu,Utility navigation,Supports dropdowns and responsive design.
Income criteria | AbbVie,Content Introduction,Introduces page content with title and description.,S,1,Simple text layout with basic styling.,https://www.abbvie.com/patients/patient-support/patient-assistance/income-criteria.html,content_intro,Introductory text,Focuses on clear communication of page purpose.
Income criteria | AbbVie,Call-to-Action Button,Encourages user actions like navigation to other pages.,S,1,Basic button functionality with styling.,https://www.abbvie.com/patients/patient-support/patient-assistance/income-criteria.html,cta_button,Standard CTA,May include tracking for user interaction metrics.
Income criteria | AbbVie,Link List,Displays list of related links for navigation.,S,1,Simple list structure with basic styling.,https://www.abbvie.com/patients/patient-support/patient-assistance/income-criteria.html,link_list,Related links,Supports user exploration of related content.
Income criteria | AbbVie,Card Section,Showcases featured content in a card format.,M,1,Includes responsive grid layout and styling.,https://www.abbvie.com/patients/patient-support/patient-assistance/income-criteria.html,card_section,Content cards,Optimized for displaying multiple content pieces visually.
"Philip Hajduk, Ph.D. | AbbVie",Utility Strip,Provides quick links and utilities for global navigation.,S,1,Simple structure with minimal interactivity.,https://www.abbvie.com/science/our-people/our-rd-leaders/philip-hajduk.html,global_utility_strip,Utility strip,No direct match found in the AEM catalog.
"Philip Hajduk, Ph.D. | AbbVie",Primary Navigation,"Main navigation for the website, featuring dropdown menus.",M,1,Requires dropdown functionality and accessibility considerations.,https://www.abbvie.com/science/our-people/our-rd-leaders/philip-hajduk.html,primary_navigation,Main navigation,No direct match found in the AEM catalog.
"Philip Hajduk, Ph.D. | AbbVie",Main Content,Displays the primary text and media content of the page.,S,1,Static content without interactive elements.,https://www.abbvie.com/science/our-people/our-rd-leaders/philip-hajduk.html,main_content,Content area,No direct match found in the AEM catalog.
Pre-Approval Access to Investigational Drugs Policy | AbbVie,Global Header,Provides the main header with logo and navigation links.,M,1,"Includes navigation and logo elements, requiring accessibility and responsive design considerations.",https://www.abbvie.com/who-we-are/access-to-investigational-drugs-policy.html,global_header,Utility strip,This block is essential for site-wide navigation.
Pre-Approval Access to Investigational Drugs Policy | AbbVie,Hero Section,Displays a prominent image and introductory text for the page.,M,1,Requires high-quality visuals and dynamic content support.,https://www.abbvie.com/who-we-are/access-to-investigational-drugs-policy.html,hero_section,Page introduction,This block enhances the visual appeal and initial user engagement.
Pre-Approval Access to Investigational Drugs Policy | AbbVie,Primary Navigation,Provides dropdowns and links to main site sections.,C,1,"Includes multi-level navigation with dropdowns, requiring robust accessibility and usability features.",https://www.abbvie.com/who-we-are/access-to-investigational-drugs-policy.html,primary_navigation,Main navigation,Critical for user navigation and site structure clarity.
Michael Foley | AbbVie,Global Navigation,Provides primary navigation for the website.,M,1,Requires accessibility compliance and deep hierarchical structure.,https://www.abbvie.com/science/our-people/our-rd-leaders/michael-foley.html,global_navigation,Main navigation,No matching block found in the AEM catalog for navigation-related components.
Two Lives Converge in the Fight Against Parkinson’s | AbbVie,Global Header,Top navigation bar including branding and primary links.,M,1,Includes accessibility for navigation and branding elements.,https://www.abbvie.com/who-we-are/our-stories/two-lives-converging-in-the-fight-against-parkinsons.html,global_header,Primary navigation,Complexity due to branding integration.
Two Lives Converge in the Fight Against Parkinson’s | AbbVie,Hero Section,Displays a large image with introductory content.,M,1,Requires styling for large visuals and introductory text.,https://www.abbvie.com/who-we-are/our-stories/two-lives-converging-in-the-fight-against-parkinsons.html,hero_section,Introductory hero,Mapped to Hero block from catalog.
Two Lives Converge in the Fight Against Parkinson’s | AbbVie,Primary Navigation,Main navigation menu for site sections.,M,1,Deep navigation with accessibility considerations.,https://www.abbvie.com/who-we-are/our-stories/two-lives-converging-in-the-fight-against-parkinsons.html,primary_navigation,Site navigation,Requires robust navigation functionality.
Two Lives Converge in the Fight Against Parkinson’s | AbbVie,Content Introduction,Provides overview and introductory text.,S,1,Simple textual content with minimal styling.,https://www.abbvie.com/who-we-are/our-stories/two-lives-converging-in-the-fight-against-parkinsons.html,content_intro,Introductory text,No direct catalog match.
Two Lives Converge in the Fight Against Parkinson’s | AbbVie,Feature Card One,Highlights a specific feature or story.,M,1,Image and text integration with responsive design.,https://www.abbvie.com/who-we-are/our-stories/two-lives-converging-in-the-fight-against-parkinsons.html,feature_card_one,Feature card,Mapped to Cards block from catalog.
Two Lives Converge in the Fight Against Parkinson’s | AbbVie,Feature Card Two,Highlights another specific feature or story.,M,1,Image and text integration with responsive design.,https://www.abbvie.com/who-we-are/our-stories/two-lives-converging-in-the-fight-against-parkinsons.html,feature_card_two,Feature card,Mapped to Cards block from catalog.
Asian Leadership Network | AbbVie,Utility Strip,Provides quick access links for navigation and contact.,S,1,Simple navigation links without dynamic functionality.,https://www.abbvie.com/join-us/life-at-abbvie/employee-resource-groups/asian-leadership-network.html,global_utility_strip,Utility strip,This block is not mapped to any catalog entry.
Asian Leadership Network | AbbVie,Primary Navigation,Main navigation menu with dropdowns for site sections.,C,1,Deep navigation structure with dropdowns requires extensive implementation.,https://www.abbvie.com/join-us/life-at-abbvie/employee-resource-groups/asian-leadership-network.html,primary_navigation,Main navigation,This block is not mapped to any catalog entry.
Asian Leadership Network | AbbVie,Hero Section,Prominent section highlighting the main theme with image and text.,M,1,Hero sections typically involve image positioning and responsive design.,https://www.abbvie.com/join-us/life-at-abbvie/employee-resource-groups/asian-leadership-network.html,hero_section,Hero banner,Matches the catalog entry for 'Hero'.
Asian Leadership Network | AbbVie,Call-to-Action Section,Encourages user interaction via buttons linking to key pages.,M,1,Interactive elements require accessibility and styling considerations.,https://www.abbvie.com/join-us/life-at-abbvie/employee-resource-groups/asian-leadership-network.html,cta_section,Subscribe or action buttons,This block is not mapped to any catalog entry.
Asian Leadership Network | AbbVie,Card Grid,Displays a grid of cards summarizing articles or topics.,M,1,Grid layout and card styling involve moderate complexity.,https://www.abbvie.com/join-us/life-at-abbvie/employee-resource-groups/asian-leadership-network.html,card_grid,Grid layout for content cards,Matches the catalog entry for 'Cards'.
Asian Leadership Network | AbbVie,Cookie Consent Banner,Informs users about cookie usage and allows consent management.,S,1,Basic functionality for user consent management.,https://www.abbvie.com/join-us/life-at-abbvie/employee-resource-groups/asian-leadership-network.html,cookie_consent,Cookie preferences,This block is not mapped to any catalog entry.
Veterans | AbbVie,Global Utility Strip,"Provides quick access to contact, subscription, and group site links.",S,1,Limited scope with simple links.,https://www.abbvie.com/join-us/life-at-abbvie/employee-resource-groups/veterans.html,global_utility_strip,Utility strip,No matching AEM catalog entry.
Veterans | AbbVie,Primary Header,"Displays branding, logo, and main navigation menu.",M,1,Includes navigation and branding elements.,https://www.abbvie.com/join-us/life-at-abbvie/employee-resource-groups/veterans.html,primary_header,Main navigation,No matching AEM catalog entry.
Veterans | AbbVie,Card Grid,Presents a grid of cards with images and text for navigation or information.,M,1,Moderate complexity due to image and text integration.,https://www.abbvie.com/join-us/life-at-abbvie/employee-resource-groups/veterans.html,card_grid,Card layout,No matching AEM catalog entry.
Veterans | AbbVie,Back to Top Button,Provides a quick way to return to the top of the page.,S,1,Simple functionality.,https://www.abbvie.com/join-us/life-at-abbvie/employee-resource-groups/veterans.html,back_to_top,Utility button,No matching AEM catalog entry.
Human Capital Management | AbbVie,Global Utility Strip,"Provides quick access links for contact, subscription, and group sites.",S,1,Simple links with minimal interactivity.,https://www.abbvie.com/sustainability/environmental-social-and-governance/human-capital-management.html,global_utility_strip,Utility strip,Ensure alignment with accessibility standards.
Human Capital Management | AbbVie,Primary Navigation,Main site navigation with dropdown menus for exploring site sections.,C,1,Deep navigation structure requiring accessibility and responsive design.,https://www.abbvie.com/sustainability/environmental-social-and-governance/human-capital-management.html,primary_navigation,Main navigation,Focus on usability and cross-device compatibility.
Declaración de accesibilidad | AbbVie,Global Utility Strip,"Provides quick access links for contact, subscription, and site groups.",S,1,Limited functionality and simple layout.,https://www.abbvie.com/accessibility-statement/declaracion-de-accessibilidad.html,global_utility_strip,Utility strip,No direct match in catalog.
Declaración de accesibilidad | AbbVie,Primary Navigation,Main navigation with dropdown menus for site sections.,M,1,Includes dropdown menus and hierarchical navigation.,https://www.abbvie.com/accessibility-statement/declaracion-de-accessibilidad.html,primary_navigation,Main navigation,No direct match in catalog.
Declaración de accesibilidad | AbbVie,Hero Section,Highlights the main focus or message of the page.,M,1,Features large images and text with CSS positioning.,https://www.abbvie.com/accessibility-statement/declaracion-de-accessibilidad.html,hero_section,Hero,Matched directly to catalog entry.
Declaración de accesibilidad | AbbVie,Content Cards,Displays information in a card format with images and text.,M,1,Uses grid layout for responsiveness and styling for spacing.,https://www.abbvie.com/accessibility-statement/declaracion-de-accessibilidad.html,content_cards,Card layout,Matched directly to catalog entry.
Empowering Innovation Through the AbbVie Foundation Health Equity Accelerator | AbbVie,Global Utility Strip,"Provides quick access to global utilities such as contact, subscribe, and group sites.",S,1,Simple functionality involving basic links and navigation.,https://www.abbvie.com/who-we-are/our-stories/empowering-innovation-through-the-abbvie-foundation-health-equit.html,global_utility_strip,Utility strip,No direct match found in the AEM catalog.
Empowering Innovation Through the AbbVie Foundation Health Equity Accelerator | AbbVie,Primary Navigation,Main site navigation with links to key sections and dropdown menus.,M,1,Involves dropdown menus and potential accessibility considerations.,https://www.abbvie.com/who-we-are/our-stories/empowering-innovation-through-the-abbvie-foundation-health-equit.html,primary_navigation,Main navigation,No direct match found in the AEM catalog.
Empowering Innovation Through the AbbVie Foundation Health Equity Accelerator | AbbVie,Hero Section,Highlights the main story or feature of the page with a large image and headline.,M,1,Requires integration with CSS and JS for styling and functionality.,https://www.abbvie.com/who-we-are/our-stories/empowering-innovation-through-the-abbvie-foundation-health-equit.html,hero_section,Hero,Mapped to 'Hero' block in AEM catalog.
Empowering Innovation Through the AbbVie Foundation Health Equity Accelerator | AbbVie,Call-to-Action Section,Encourages users to explore related content or take specific actions.,S,1,Simple button functionality with basic styling.,https://www.abbvie.com/who-we-are/our-stories/empowering-innovation-through-the-abbvie-foundation-health-equit.html,cta_section,Subscribe,No direct match found in the AEM catalog.
Empowering Innovation Through the AbbVie Foundation Health Equity Accelerator | AbbVie,Card Grid,Displays a grid of cards with links to related stories or highlights.,M,1,Involves grid layout and responsive design.,https://www.abbvie.com/who-we-are/our-stories/empowering-innovation-through-the-abbvie-foundation-health-equit.html,card_grid,Card layout,Mapped to 'Cards' block in AEM catalog.
Patent Notices | AbbVie,Global Utility Strip,"Provides quick access to contact, subscription, and group site links.",S,1,Simple utility navigation with limited interactivity.,https://www.abbvie.com/patents.html,global_utility_strip,Utility strip,No exact match found in the AEM catalog.
Patent Notices | AbbVie,Primary Navigation,Main site navigation with dropdown menus for exploring different sections.,M,1,Dropdown menus and hierarchical navigation require moderate implementation effort.,https://www.abbvie.com/patents.html,primary_navigation,Main navigation,No exact match found in the AEM catalog.
Patent Notices | AbbVie,Hero Section,Prominent section with a large image and introductory text.,M,1,Requires CSS and JS for layout and interactivity.,https://www.abbvie.com/patents.html,hero_section,Hero image and text,Mapped to 'Hero' from the AEM catalog.
Patent Notices | AbbVie,Call-to-Action Grid,Grid layout with CTAs for exploring key topics.,M,1,Grid layout with interactive elements requires moderate implementation effort.,https://www.abbvie.com/patents.html,cta_grid,Grid of CTAs,No exact match found in the AEM catalog.
Frequently asked questions | AbbVie,Global Utility Strip,"Provides quick access to contact, subscription, and group site links.",S,1,Simple utility bar with limited interactivity.,https://www.abbvie.com/patients/patient-support/patient-assistance/patient-assistance-frequently-asked-questions.html,global_utility_strip,Utility strip,No direct match found in the catalog.
Frequently asked questions | AbbVie,Primary Navigation,Main site navigation with dropdown menus for exploring site sections.,M,1,Dropdown menus require additional accessibility and interactivity considerations.,https://www.abbvie.com/patients/patient-support/patient-assistance/patient-assistance-frequently-asked-questions.html,primary_navigation,Main navigation,No direct match found in the catalog.
Frequently asked questions | AbbVie,Hero Section,Highlights the main focus of the page with a large visual and headline.,M,1,Hero sections often include dynamic content and visual elements requiring careful styling.,https://www.abbvie.com/patients/patient-support/patient-assistance/patient-assistance-frequently-asked-questions.html,hero_section,Hero,Matched to 'Hero' block in the catalog.
"Primal Kaur, M.D. | AbbVie",Primary Navigation,Provides access to primary site sections.,M,1,Medium complexity due to navigation depth and accessibility requirements.,https://www.abbvie.com/science/our-people/our-rd-leaders/primal-kaur.html,primary_navigation,Main navigation,No direct match found in the AEM blocks catalog.
Reasonable Accommodations | AbbVie,Global Header,Provides the main navigation and branding elements for the site.,M,1,"Includes navigation, branding, and accessibility considerations.",https://www.abbvie.com/join-us/reasonable-accommodations.html,global_header,Main navigation,Requires proper integration with site-wide navigation systems.
Reasonable Accommodations | AbbVie,Hero Section,Displays a prominent hero section with visual elements and introductory text.,M,1,Involves dynamic content and responsive layout.,https://www.abbvie.com/join-us/reasonable-accommodations.html,main_hero,Hero image with text,Ensure compatibility with various screen sizes and resolutions.
Reasonable Accommodations | AbbVie,Primary Navigation,Provides links to key sections and functionalities of the site.,M,1,Deep navigation and accessibility considerations.,https://www.abbvie.com/join-us/reasonable-accommodations.html,primary_navigation,Primary navigation menu,Should support multi-level menus and dynamic updates.
Reasonable Accommodations | AbbVie,Content Section 1,"Displays information about 'Who We Are', integrating text and links.",S,1,Simple text and link presentation.,https://www.abbvie.com/join-us/reasonable-accommodations.html,content_section_1,Informational fragment,Ensure proper styling and alignment.
Reasonable Accommodations | AbbVie,Content Section 2,"Displays information about 'Science', integrating text and links.",S,1,Simple text and link presentation.,https://www.abbvie.com/join-us/reasonable-accommodations.html,content_section_2,Informational fragment,Ensure proper styling and alignment.
Reasonable Accommodations | AbbVie,Content Section 3,"Displays information about 'Patients', integrating text and links.",S,1,Simple text and link presentation.,https://www.abbvie.com/join-us/reasonable-accommodations.html,content_section_3,Informational fragment,Ensure proper styling and alignment.
Reasonable Accommodations | AbbVie,Footer,Provides site-wide footer with additional navigation and information.,M,1,Integration of dynamic content and accessibility features.,https://www.abbvie.com/join-us/reasonable-accommodations.html,footer,Footer navigation,Ensure compatibility with site-wide design standards.
Employee Resource Groups Drive Inclusion and Change at AbbVie | AbbVie,Global Utility Strip,"Provides quick access to contact, subscription, and group site links.",S,1,Simple navigation links.,https://www.abbvie.com/who-we-are/our-stories/how-employee-resource-groups-create-meaningful-impact-at-abbvie.html,global_utility_strip,Utility strip,No direct match in AEM catalog.
Employee Resource Groups Drive Inclusion and Change at AbbVie | AbbVie,Primary Navigation,Main site navigation with branding and mega-menu.,C,1,"Includes branding, mega-menu, and responsive design.",https://www.abbvie.com/who-we-are/our-stories/how-employee-resource-groups-create-meaningful-impact-at-abbvie.html,primary_navigation,Main navigation,No direct match in AEM catalog.
Employee Resource Groups Drive Inclusion and Change at AbbVie | AbbVie,Footer Links,Provides site-wide footer navigation and links.,M,1,Includes multiple footer links and sections.,https://www.abbvie.com/who-we-are/our-stories/how-employee-resource-groups-create-meaningful-impact-at-abbvie.html,footer_links,Footer navigation,No direct match in AEM catalog.
AHORA Hispanic/Latino | AbbVie,Global Utility Strip,"Provides quick access to contact, subscription, and group site links.",S,1,"Minimal scope, simple navigation links.",https://www.abbvie.com/join-us/life-at-abbvie/employee-resource-groups/ahora-hispanic-latino.html,global_utility_strip,Utility strip,Could be enhanced with accessibility features.
AHORA Hispanic/Latino | AbbVie,Primary Navigation,Facilitates main site navigation with dropdown menus.,M,1,Includes dropdown menus requiring interaction and accessibility considerations.,https://www.abbvie.com/join-us/life-at-abbvie/employee-resource-groups/ahora-hispanic-latino.html,primary_navigation,Main navigation,Consider evaluating dropdown accessibility.
AbbVie Ventures Portfolio | AbbVie,Global Utility Strip,"Provides quick access to contact, subscription, and group site links.",S,1,Simple utility navigation with limited interaction.,https://www.abbvie.com/science/partner-with-us/abbvie-ventures/abbvie-ventures-portfolio.html,global_utility_strip,Utility strip,No matching catalog block found; verify with stakeholders.
AbbVie Ventures Portfolio | AbbVie,Primary Navigation,Main site navigation with links to primary sections.,M,1,Primary navigation often involves deeper structural elements and accessibility considerations.,https://www.abbvie.com/science/partner-with-us/abbvie-ventures/abbvie-ventures-portfolio.html,primary_navigation,Main navigation,No matching catalog block found; verify with stakeholders.
AbbVie Ventures Portfolio | AbbVie,Call-to-Action Grid,Grid layout highlighting key actions or links.,S,1,Simple grid layout with clickable elements.,https://www.abbvie.com/science/partner-with-us/abbvie-ventures/abbvie-ventures-portfolio.html,cta_grid,Subscribe,No matching catalog block found; verify with stakeholders.
AbbVie Ventures Portfolio | AbbVie,Card Teasers,Displays content in card format with images and text.,M,1,Cards often include dynamic content and styling.,https://www.abbvie.com/science/partner-with-us/abbvie-ventures/abbvie-ventures-portfolio.html,card_teasers,Cookie preferences,No matching catalog block found; verify with stakeholders.
Environmental Sustainability | AbbVie,Global Header,Displays the primary navigation and branding elements for the website.,M,1,Involves complex navigation and branding elements.,https://www.abbvie.com/sustainability/environmental-social-and-governance/environmental-sustainability.html,global_header,Global Header,No direct mapping found in the catalog.
Environmental Sustainability | AbbVie,Hero Section,Highlights the main theme or focus of the page with a prominent image and text.,M,1,Prominent image and text styling with potential interactivity.,https://www.abbvie.com/sustainability/environmental-social-and-governance/environmental-sustainability.html,hero_section,Hero Section,Mapped to the Hero block in the catalog.
Environmental Sustainability | AbbVie,Primary Navigation,"Provides the main navigation structure for the site, including dropdown menus.",C,1,Includes dropdown menus and deep navigation structure.,https://www.abbvie.com/sustainability/environmental-social-and-governance/environmental-sustainability.html,primary_navigation,Primary Navigation,No direct mapping found in the catalog.
Environmental Sustainability | AbbVie,Content Section,"Presents the main content of the page, including text and links.",M,1,Focuses on content presentation with text and links.,https://www.abbvie.com/sustainability/environmental-social-and-governance/environmental-sustainability.html,content_section,Content Section,No direct mapping found in the catalog.
Environmental Sustainability | AbbVie,Card Grid,Displays a grid of cards with images and text for easy content browsing.,M,1,Grid layout and responsive design requirements.,https://www.abbvie.com/sustainability/environmental-social-and-governance/environmental-sustainability.html,card_grid,Card Grid,Mapped to the Cards block in the catalog.
Lab to Life | AbbVie,Global Utility Strip,"Provides quick access to contact, subscription, and group site links.",S,1,Simple structure with minimal dependencies.,https://www.abbvie.com/science/our-people/lab-to-life.html,global_utility_strip,Utility strip,No direct match found in the AEM catalog for this block.
Lab to Life | AbbVie,Primary Navigation,Main navigation menu for site sections and dropdowns.,M,1,Moderate complexity due to dropdowns and site section integration.,https://www.abbvie.com/science/our-people/lab-to-life.html,primary_navigation,Main navigation,No direct match found in the AEM catalog for this block.
Lab to Life | AbbVie,Back to Top Button,Allows users to quickly return to the top of the page.,S,1,Simple button functionality with minor dependencies.,https://www.abbvie.com/science/our-people/lab-to-life.html,back_to_top,Back to top,No direct match found in the AEM catalog for this block.
"Jonathon Sedgwick, Ph.D. | AbbVie",Global Utility Strip,"Provides quick access to contact, subscription, and group site links.",S,1,Simple functionality involving links and basic layout.,https://www.abbvie.com/science/our-people/our-rd-leaders/jonathon-sedgwick.html,global_utility_strip,Utility strip,No matching block found in the catalog.
"Jonathon Sedgwick, Ph.D. | AbbVie",Primary Navigation,Main navigation menu for accessing site sections.,M,1,Moderate complexity due to potential deep navigation structure.,https://www.abbvie.com/science/our-people/our-rd-leaders/jonathon-sedgwick.html,primary_navigation,Main navigation,No matching block found in the catalog.
"Jonathon Sedgwick, Ph.D. | AbbVie",Hero Section,Prominent section highlighting the page's main focus or content.,M,1,Requires integration of hero component styling and scripting.,https://www.abbvie.com/science/our-people/our-rd-leaders/jonathon-sedgwick.html,hero_section,Hero section,Matched to the catalog entry for 'Hero'.
"Andrew L. Campbell, M.D. | AbbVie",Global Header,Displays the top navigation bar including logo and primary links.,M,1,Includes navigation functionality and accessibility considerations.,https://www.abbvie.com/science/our-people/our-rd-leaders/andrew-campbell.html,global_header,Main navigation,Relevant CSS and JS files are available for layout and interaction.
"Andrew L. Campbell, M.D. | AbbVie",Hero Section,Renders a hero section with a large image and introductory text.,M,1,Requires styling for image positioning and responsive design.,https://www.abbvie.com/science/our-people/our-rd-leaders/andrew-campbell.html,hero_section,Hero image and text,This block is styled and scripted for visual impact.
"Andrew L. Campbell, M.D. | AbbVie",Navigation Menu,Provides dropdown navigation for site exploration.,C,1,Complex dropdown interactions and deep linking.,https://www.abbvie.com/science/our-people/our-rd-leaders/andrew-campbell.html,navigation_menu,Primary navigation,No direct match found in the AEM catalog.
"Andrew L. Campbell, M.D. | AbbVie",Main Content,Displays the primary content of the page.,S,1,Simple content display without advanced features.,https://www.abbvie.com/science/our-people/our-rd-leaders/andrew-campbell.html,main_content,Static content,No direct match found in the AEM catalog.
Five Technologies Supporting Progress in Challenging Diseases | AbbVie,Utility Links,"Provides quick access to contact, subscription, and group site links.",S,1,Basic navigation with minimal interactivity.,https://www.abbvie.com/who-we-are/our-stories/five-technologies-supporting-progress-in-challenging-diseases.html,global_utility_strip,Utility strip,No direct match found in the AEM catalog.
Five Technologies Supporting Progress in Challenging Diseases | AbbVie,Main Navigation,"Main site navigation with dropdown menus for sections like Who We Are, Science, and Patients.",M,1,Dropdown menus add moderate complexity.,https://www.abbvie.com/who-we-are/our-stories/five-technologies-supporting-progress-in-challenging-diseases.html,primary_navigation,Primary navigation,No direct match found in the AEM catalog.
Five Technologies Supporting Progress in Challenging Diseases | AbbVie,Hero Image Section,Highlights the main theme of the page with a large image and heading.,S,1,Standard hero functionality with CSS positioning and styling.,https://www.abbvie.com/who-we-are/our-stories/five-technologies-supporting-progress-in-challenging-diseases.html,hero_section,Hero section,Matched to the 'Hero' block in the AEM catalog.
Lab of the Future | Transforming How We Discover | AbbVie,Utility Navigation,"Provides links for contact, subscription, and group sites.",S,1,"Simple navigation links, minimal accessibility concerns.",https://www.abbvie.com/science/our-people/lab-of-the-future.html,global_utilities,Utility strip,May require updates to accessibility attributes.
Lab of the Future | Transforming How We Discover | AbbVie,Main Navigation,Main navigation menu with dropdowns for site sections.,M,1,Dropdown functionality and potential deep navigation structure.,https://www.abbvie.com/science/our-people/lab-of-the-future.html,primary_navigation,Primary navigation,Ensure dropdowns are accessible and keyboard-navigable.
Lab of the Future | Transforming How We Discover | AbbVie,Hero Section,Prominent section with a large image and introductory text.,S,1,"Static content and layout, minimal interactivity.",https://www.abbvie.com/science/our-people/lab-of-the-future.html,hero_section,Hero image and text,Verify responsive behavior across devices.
Lab of the Future | Transforming How We Discover | AbbVie,Call-to-Action Columns,Columns with CTAs for key site sections.,M,1,Responsive column layout and interactive CTAs.,https://www.abbvie.com/science/our-people/lab-of-the-future.html,cta_columns,CTA layout,Consider alignment and spacing for visual clarity.
Lab of the Future | Transforming How We Discover | AbbVie,Card Grid,Displays a grid of cards highlighting stories and statistics.,M,1,Dynamic content and potential interactive elements.,https://www.abbvie.com/science/our-people/lab-of-the-future.html,card_grid,Card layout,Ensure card interactivity complies with accessibility standards.
"Darin J. Messina, Ph.D. | AbbVie",Global Navigation,Primary navigation bar with logo and menu options.,M,1,Model output omitted this blockId after catalog review. Mapped as Unmapped; re-run mapping or fix agent output.,https://www.abbvie.com/science/our-people/our-rd-leaders/darin-messina.html,global_navigation,default,templateIds: tpl_300
"Darin J. Messina, Ph.D. | AbbVie",Hero Section,Prominent section featuring the main image and introductory text.,M,1,Model output omitted this blockId after catalog review. Mapped as Unmapped; re-run mapping or fix agent output.,https://www.abbvie.com/science/our-people/our-rd-leaders/darin-messina.html,hero_section,default,templateIds: tpl_300
"Darin J. Messina, Ph.D. | AbbVie",Main Content,"Contains the primary content of the page, including text and images.",M,1,Model output omitted this blockId after catalog review. Mapped as Unmapped; re-run mapping or fix agent output.,https://www.abbvie.com/science/our-people/our-rd-leaders/darin-messina.html,main_content,default,templateIds: tpl_300
"Darin J. Messina, Ph.D. | AbbVie",Footer,Footer section with additional navigation and information.,M,1,Model output omitted this blockId after catalog review. Mapped as Unmapped; re-run mapping or fix agent output.,https://www.abbvie.com/science/our-people/our-rd-leaders/darin-messina.html,footer,default,templateIds: tpl_300
Ability at AbbVie | AbbVie,Global Utility Strip,Provides global utility links such as contact and group site navigation.,S,1,Contains simple navigation links with minimal interactivity.,https://www.abbvie.com/join-us/life-at-abbvie/employee-resource-groups/ability-at-abbvie.html,global_utility_strip,Utility strip,Closely matches the 'Header' block functionality in AEM.
Ability at AbbVie | AbbVie,Primary Navigation,Main site navigation with dropdown menus and links.,M,1,Dropdown menus and complex link hierarchy increase implementation scope.,https://www.abbvie.com/join-us/life-at-abbvie/employee-resource-groups/ability-at-abbvie.html,primary_navigation,Main navigation,"Aligns with the 'Header' block, focusing on primary navigation."
Ability at AbbVie | AbbVie,Hero Section,Large introductory section with an impactful image and headline.,M,1,Includes large imagery and text requiring responsive design and visual impact.,https://www.abbvie.com/join-us/life-at-abbvie/employee-resource-groups/ability-at-abbvie.html,hero_section,Hero layout,Direct match to the 'Hero' block in AEM catalog.
Ability at AbbVie | AbbVie,Main Content,Primary content area including text and images.,M,1,Central content area typically involves varied content types and layout considerations.,https://www.abbvie.com/join-us/life-at-abbvie/employee-resource-groups/ability-at-abbvie.html,main_content,Content area,No exact match in catalog; likely a composite or generic implementation.
Ability at AbbVie | AbbVie,Footer,Footer section with links and additional navigation.,M,1,Footer may include multiple navigation links and additional features like social media icons.,https://www.abbvie.com/join-us/life-at-abbvie/employee-resource-groups/ability-at-abbvie.html,footer,Footer navigation,Matches the 'Footer' block functionality in AEM catalog.
"Shuhong Zhang, Ph.D. | AbbVie",Global Navigation,Provides access to the main sections of the website through a navigation bar.,M,1,Includes dynamic navigation features requiring accessibility and responsive design.,https://www.abbvie.com/science/our-people/our-rd-leaders/shuhong-zhang.html,global_navigation,Main navigation,Consider alignment with existing navigation patterns for consistency.
"Shuhong Zhang, Ph.D. | AbbVie",Hero Section,Introduces the page with a prominent image and heading.,M,1,Requires large-scale image handling and prominent typography for impact.,https://www.abbvie.com/science/our-people/our-rd-leaders/shuhong-zhang.html,hero_section,Hero banner,Ensure compatibility with high-resolution images and responsive text scaling.
"Shuhong Zhang, Ph.D. | AbbVie",Footer,"Displays footer content, including navigation links and contact information.",M,1,Involves dynamic content fetching and styling for background and font.,https://www.abbvie.com/science/our-people/our-rd-leaders/shuhong-zhang.html,footer,Footer navigation,Ensure that the footer adheres to accessibility standards and integrates seamlessly with the page layout.
Black Business Network | AbbVie,Global Utility Strip,"Provides quick access to contact, subscription, and group site links.",S,1,Simple static utility navigation.,https://www.abbvie.com/join-us/life-at-abbvie/employee-resource-groups/black-business-network.html,global_utility_strip,Utility strip,No specific match found in the catalog.
Black Business Network | AbbVie,Primary Navigation,Main site navigation with dropdown menus for exploring site sections.,M,1,Requires dropdown and responsive behavior.,https://www.abbvie.com/join-us/life-at-abbvie/employee-resource-groups/black-business-network.html,primary_navigation,Main navigation,No specific match found in the catalog.
Black Business Network | AbbVie,Hero Section,Prominent introductory section with a large image and heading.,M,1,Includes large visuals and text hierarchy.,https://www.abbvie.com/join-us/life-at-abbvie/employee-resource-groups/black-business-network.html,hero_section,Hero banner,No specific match found in the catalog.
Black Business Network | AbbVie,Content Introduction,Provides an introductory text about the organization's mission.,S,1,Simple text content block.,https://www.abbvie.com/join-us/life-at-abbvie/employee-resource-groups/black-business-network.html,content_intro,Text introduction,No specific match found in the catalog.
Black Business Network | AbbVie,Call-to-Action Button,Encourages users to navigate to a specific page for more information.,S,1,Single button with a link.,https://www.abbvie.com/join-us/life-at-abbvie/employee-resource-groups/black-business-network.html,cta_button,Button,No specific match found in the catalog.
Black Business Network | AbbVie,Link List,Displays a list of related links for further exploration.,S,1,Simple list of links.,https://www.abbvie.com/join-us/life-at-abbvie/employee-resource-groups/black-business-network.html,link_list,Links collection,No specific match found in the catalog.
Black Business Network | AbbVie,Card Grid,Displays a grid of cards highlighting stories and recognitions.,M,1,Dynamic card layout requiring responsive design.,https://www.abbvie.com/join-us/life-at-abbvie/employee-resource-groups/black-business-network.html,card_grid,Grid of cards,No specific match found in the catalog.
Women Leaders in Action | AbbVie,Global Utility Strip,Provides quick access to utility links.,S,1,Limited to simple link presentation.,https://www.abbvie.com/join-us/life-at-abbvie/employee-resource-groups/women-leaders-in-action.html,global_utility_strip,Utility strip,No matching block found in the AEM catalog.
Women Leaders in Action | AbbVie,Primary Navigation,Main navigation structure with dropdowns.,M,1,Includes dropdown menus requiring moderate implementation effort.,https://www.abbvie.com/join-us/life-at-abbvie/employee-resource-groups/women-leaders-in-action.html,primary_navigation,Main navigation,No matching block found in the AEM catalog.
​Allergan Product Labeling and Safety Information | AbbVie,Global Navigation,Provides primary navigation for the website.,M,1,The navigation includes major sections and accessibility considerations.,https://www.abbvie.com/allergan-labeling.html,global_navigation,Main navigation,No matching catalog entry found.
​Allergan Product Labeling and Safety Information | AbbVie,Hero Section,Highlights the main focus of the page with a prominent image and text.,M,1,"Includes a large image and heading, requiring CSS and JS for styling and functionality.",https://www.abbvie.com/allergan-labeling.html,hero_section,Hero image and text,Matched catalog entry with styling and scripting details.
​Allergan Product Labeling and Safety Information | AbbVie,Main Content,Contains the primary information and resources.,M,1,Primary content area with responsive design considerations.,https://www.abbvie.com/allergan-labeling.html,main_content,Content grid,No matching catalog entry found.
Online Application Frequently Asked Questions | AbbVie,Primary Navigation,Provides main navigation menu with dropdowns for site sections.,M,1,Includes dropdown interactions and accessibility features.,https://www.abbvie.com/patients/patient-support/patient-assistance/online-application-frequently-asked-questions.html,primary_navigation,Main navigation,No direct match found in the AEM catalog for navigation blocks.
Online Application Frequently Asked Questions | AbbVie,Hero Section,Displays a prominent banner with introductory content and call-to-action.,S,1,Simple layout with CSS and JS for styling and interactivity.,https://www.abbvie.com/patients/patient-support/patient-assistance/online-application-frequently-asked-questions.html,hero_section,Large banner,Mapped to the 'Hero' block in the AEM catalog.
Abbvie Research Collaborative Endometrosis — group 308,Global Utility Strip,"Provides quick access to contact, subscription, and group site links.",S,1,Limited scope as a utility strip with basic functionality.,https://www.abbvie.com/science/abbvie-research-collaborative-endometrosis.html,global_utility_strip,Utility strip,No exact match found in the AEM blocks catalog; consider reviewing for custom implementation or alignment.
Nimble Therapeutics is now part of AbbVie | AbbVie,Global Utility Strip,Provides quick access to utility links such as search and contact options.,S,1,Simple navigation utility with minimal functionality.,https://www.abbvie.com/nimbletherapeutics.html,global_utility_strip,Utility navigation,No direct match in AEM catalog.
Nimble Therapeutics is now part of AbbVie | AbbVie,Primary Header,Displays the main navigation bar and branding elements.,M,1,Includes branding and navigation functionality.,https://www.abbvie.com/nimbletherapeutics.html,primary_header,Main navigation,No direct match in AEM catalog.
Nimble Therapeutics is now part of AbbVie | AbbVie,Hero Section,Highlights the main message or visual of the page.,M,1,Requires styling and interaction for main visual element.,https://www.abbvie.com/nimbletherapeutics.html,hero_section,Hero banner,Matched to AEM catalog block 'Hero'.
Nimble Therapeutics is now part of AbbVie | AbbVie,Lead Content,Contains the primary title and introductory text.,S,1,Simple text and heading layout.,https://www.abbvie.com/nimbletherapeutics.html,lead_content,Introductory text,No direct match in AEM catalog.
Nimble Therapeutics is now part of AbbVie | AbbVie,Immunology Section,Provides information about immunology research and initiatives.,M,1,Detailed content requiring structured layout.,https://www.abbvie.com/nimbletherapeutics.html,immunology_section,Content section,No direct match in AEM catalog.
Nimble Therapeutics is now part of AbbVie | AbbVie,Footer Section,Displays footer content including links and legal information.,M,1,Includes multiple links and legal disclaimers.,https://www.abbvie.com/nimbletherapeutics.html,footer_section,Footer,Matched to AEM catalog block 'Footer'.
Nimble Therapeutics is now part of AbbVie | AbbVie,Back to Top Button,Allows users to quickly navigate back to the top of the page.,S,1,Simple button functionality.,https://www.abbvie.com/nimbletherapeutics.html,back_to_top_button,Utility button,No direct match in AEM catalog.
Home | AbbVie,Utility Strip,Provides quick access links to essential resources.,S,1,Simple navigation links without deep functionality.,https://www.abbvie.com/privacy.html,global_utility_strip,Utility strip,Basic accessibility checks needed.
Home | AbbVie,Primary Navigation,Serves as the main navigation for the site.,M,1,Includes hierarchical navigation and responsive design.,https://www.abbvie.com/privacy.html,primary_navigation,Main navigation,Ensure WCAG compliance for dropdowns and focus management.
Home | AbbVie,Hero Section,Highlights key page content with visual emphasis.,M,1,Requires responsive image handling and dynamic text placement.,https://www.abbvie.com/privacy.html,hero_section,Hero image,Optimize images for performance.
Home | AbbVie,Introduction Paragraph,Provides introductory text content.,S,1,Text-only content with minimal styling.,https://www.abbvie.com/privacy.html,intro_paragraph,Introductory text,Ensure semantic HTML usage.
Home | AbbVie,Three Column CTA,Displays multiple call-to-action elements in a grid format.,M,1,Requires layout responsiveness and hover states.,https://www.abbvie.com/privacy.html,three_column_cta,Call-to-action grid,Test across devices for layout consistency.
Home | AbbVie,Footer Navigation,Provides navigation links in the footer section.,S,1,Simple static links with basic styling.,https://www.abbvie.com/privacy.html,footer_navigation,Footer links,Include social media icons.
Home | AbbVie,Cookie Settings,Allows users to configure cookie preferences.,C,1,Includes form submission and data handling.,https://www.abbvie.com/privacy.html,cookie_settings,Cookie preferences,Ensure compliance with GDPR and other regulations.
Home | AbbVie,Back to Top,Provides a button to scroll back to the top of the page.,S,1,Simple JavaScript functionality for scrolling.,https://www.abbvie.com/privacy.html,back_to_top,Scroll-to-top button,Ensure smooth scrolling behavior.
Home | AbbVie,Search Functionality,Enables site content search.,C,1,Includes dynamic search and result display.,https://www.abbvie.com/privacy.html,search_functionality,Site search,Optimize search indexing and ensure accessibility.
Home | AbbVie,Modal Disclaimer,Displays important disclaimers in a modal window.,M,1,Requires focus management and dynamic content loading.,https://www.abbvie.com/privacy.html,modal_disclaimer,Disclaimer modal,Test for accessibility compliance and keyboard navigation.
Chicago Cubs Partnership | AbbVie,Global Utility Strip,"Provides quick access to contact, subscription, and group site links.",S,1,Limited functionality and accessibility scope.,https://www.abbvie.com/partnerships-chicago-cubs.html,global_utility_strip,Utility strip,No direct match found in the catalog.
Chicago Cubs Partnership | AbbVie,Primary Navigation,Main site navigation with links to major sections.,M,1,Moderate scope due to navigation depth and potential accessibility considerations.,https://www.abbvie.com/partnerships-chicago-cubs.html,primary_navigation,Main navigation,No direct match found in the catalog.
Chicago Cubs Partnership | AbbVie,CTA Columns,Columns with call-to-action buttons and links to related content.,M,1,Moderate due to layout and interactive elements.,https://www.abbvie.com/partnerships-chicago-cubs.html,cta_columns,Call-to-action layout,No direct match found in the catalog.
Chicago Cubs Partnership | AbbVie,Card Grid,Grid layout displaying cards with images and text.,M,1,Moderate complexity due to grid configuration and content management.,https://www.abbvie.com/partnerships-chicago-cubs.html,card_grid,Card display,No direct match found in the catalog.
"AbbVie Reports Third-Quarter 2025 Financial Results - Oct 31, 2025",Global Utility Navigation,"Provides quick access links to key sections like Investors, News Center, and Patient Assistance.",M,1,"No LLM mapping run. Enable credentials for the block-mapping agent, or assign catalog blocks manually using query_aem_blocks_catalog / MCP list_blocks.",https://www.abbvie.com/latest-earnings.html,global_utility_navigation,default,templateIds: tpl_311
"AbbVie Reports Third-Quarter 2025 Financial Results - Oct 31, 2025",Primary Navigation,"Main site navigation with links to News, Media Resources, and Media Contacts.",M,1,"No LLM mapping run. Enable credentials for the block-mapping agent, or assign catalog blocks manually using query_aem_blocks_catalog / MCP list_blocks.",https://www.abbvie.com/latest-earnings.html,primary_navigation,default,templateIds: tpl_311
"AbbVie Reports Third-Quarter 2025 Financial Results - Oct 31, 2025",Site Search,Search functionality for users to find specific content on the site.,M,1,"No LLM mapping run. Enable credentials for the block-mapping agent, or assign catalog blocks manually using query_aem_blocks_catalog / MCP list_blocks.",https://www.abbvie.com/latest-earnings.html,site_search,default,templateIds: tpl_311
"AbbVie Reports Third-Quarter 2025 Financial Results - Oct 31, 2025",Breadcrumb Navigation,Displays the user's current location within the site hierarchy.,M,1,"No LLM mapping run. Enable credentials for the block-mapping agent, or assign catalog blocks manually using query_aem_blocks_catalog / MCP list_blocks.",https://www.abbvie.com/latest-earnings.html,breadcrumbs,default,templateIds: tpl_311
"AbbVie Reports Third-Quarter 2025 Financial Results - Oct 31, 2025",Hero Banner,Prominent banner displaying a background image and page title.,M,1,"No LLM mapping run. Enable credentials for the block-mapping agent, or assign catalog blocks manually using query_aem_blocks_catalog / MCP list_blocks.",https://www.abbvie.com/latest-earnings.html,hero_banner,default,templateIds: tpl_311
"AbbVie Reports Third-Quarter 2025 Financial Results - Oct 31, 2025",News Header,"Header section for the news page, including the title and navigation links.",M,1,"No LLM mapping run. Enable credentials for the block-mapping agent, or assign catalog blocks manually using query_aem_blocks_catalog / MCP list_blocks.",https://www.abbvie.com/latest-earnings.html,news_header,default,templateIds: tpl_311
"AbbVie Reports Third-Quarter 2025 Financial Results - Oct 31, 2025",News Content,Main content area displaying the detailed news article.,M,1,"No LLM mapping run. Enable credentials for the block-mapping agent, or assign catalog blocks manually using query_aem_blocks_catalog / MCP list_blocks.",https://www.abbvie.com/latest-earnings.html,news_content,default,templateIds: tpl_311
"AbbVie Reports Third-Quarter 2025 Financial Results - Oct 31, 2025",News Category Links,Links to related news categories.,M,1,"No LLM mapping run. Enable credentials for the block-mapping agent, or assign catalog blocks manually using query_aem_blocks_catalog / MCP list_blocks.",https://www.abbvie.com/latest-earnings.html,news_category,default,templateIds: tpl_311
"AbbVie Reports Third-Quarter 2025 Financial Results - Oct 31, 2025",News Date,Displays the publication date of the news article.,M,1,"No LLM mapping run. Enable credentials for the block-mapping agent, or assign catalog blocks manually using query_aem_blocks_catalog / MCP list_blocks.",https://www.abbvie.com/latest-earnings.html,news_date,default,templateIds: tpl_311
"AbbVie Reports Third-Quarter 2025 Financial Results - Oct 31, 2025",News Title,Title of the news article.,M,1,"No LLM mapping run. Enable credentials for the block-mapping agent, or assign catalog blocks manually using query_aem_blocks_catalog / MCP list_blocks.",https://www.abbvie.com/latest-earnings.html,news_title,default,templateIds: tpl_311
"AbbVie Reports Third-Quarter 2025 Financial Results - Oct 31, 2025",News Toolbar,Toolbar with options like print and email for the news article.,M,1,"No LLM mapping run. Enable credentials for the block-mapping agent, or assign catalog blocks manually using query_aem_blocks_catalog / MCP list_blocks.",https://www.abbvie.com/latest-earnings.html,news_toolbar,default,templateIds: tpl_311
"AbbVie Reports Third-Quarter 2025 Financial Results - Oct 31, 2025",News Body,Main body content of the news article.,M,1,"No LLM mapping run. Enable credentials for the block-mapping agent, or assign catalog blocks manually using query_aem_blocks_catalog / MCP list_blocks.",https://www.abbvie.com/latest-earnings.html,news_body,default,templateIds: tpl_311
"AbbVie Reports Third-Quarter 2025 Financial Results - Oct 31, 2025",Footer Contacts,Contact information for media and investors.,M,1,"No LLM mapping run. Enable credentials for the block-mapping agent, or assign catalog blocks manually using query_aem_blocks_catalog / MCP list_blocks.",https://www.abbvie.com/latest-earnings.html,footer_contacts,default,templateIds: tpl_311
Abbvie DSRM,Global Header,Provides branding and navigation in the page header.,M,1,Includes navigation and branding elements requiring accessibility and responsive design.,https://www.abbvie.com/privacy-inquiry.html,global_header,Main navigation,Mapped to AEM Header block.
Abbvie DSRM,Hero Section,Displays the main visual and textual introduction to the page.,M,1,Includes large-scale visuals and textual content requiring styling and responsive layout.,https://www.abbvie.com/privacy-inquiry.html,hero_section,Hero banner,Mapped to AEM Hero block.
Abbvie DSRM,Content Form,Handles user submissions for privacy inquiries.,C,1,"Involves form handling, validation, and potential integration with backend services.",https://www.abbvie.com/privacy-inquiry.html,content_form,Form submission,Mapped to AEM Form block.
Abbvie DSRM,Footer Section,Provides additional links and information at the bottom of the page.,M,1,Includes multiple links and styling for consistent presentation.,https://www.abbvie.com/privacy-inquiry.html,footer_section,Footer links,Mapped to AEM Footer block.
