Page Title,UI Component Name,Function description,Tshirt Sizing,Number of occurrences,Complexity justification,Page URL,Source block name,Variation type,Other remarks
Allergan is now part of AbbVie | AbbVie,Global Navigation,Provides navigation across the main sections of the website.,M,1,Includes search functionality and multi-level navigation.,https://www.abbvie.com/allergan.html,global_navigation,Main navigation,Requires integration with site-wide search and accessibility compliance.
Allergan is now part of AbbVie | AbbVie,Hero Section,Displays a prominent hero image and associated content.,M,1,Includes styling and layout for visual prominence.,https://www.abbvie.com/allergan.html,hero_section,Introductory hero,May involve dynamic content or responsive design adjustments.
Allergan is now part of AbbVie | AbbVie,Introduction Text,Introduces the page theme with text content.,S,1,Basic text-based content without interactive elements.,https://www.abbvie.com/allergan.html,intro_text,Page introduction,Focuses on textual content with minimal styling.
Allergan is now part of AbbVie | AbbVie,Products Section,Highlights product offerings with descriptions and buttons.,M,1,Includes call-to-action functionality and product-specific content.,https://www.abbvie.com/allergan.html,products_section,Product showcase,May require integration with product databases or APIs.
Allergan is now part of AbbVie | AbbVie,Aesthetics Section,Showcases achievements and offerings in aesthetics.,M,1,Involves specialized content and potential visual elements.,https://www.abbvie.com/allergan.html,aesthetics_section,Aesthetic achievements,Could include multimedia or interactive features.
Allergan is now part of AbbVie | AbbVie,Careers Section,Promotes career opportunities with descriptions and buttons.,M,1,Integrates call-to-action and career-specific content.,https://www.abbvie.com/allergan.html,careers_section,Career promotions,May involve links to external career systems or databases.
Allergan is now part of AbbVie | AbbVie,Footer,Displays footer content including links and legal information.,S,1,Static content with basic styling.,https://www.abbvie.com/allergan.html,footer,Site footer,May include social media links and dynamic updates.
Allergan is now part of AbbVie | AbbVie,Back to Top Button,Provides quick navigation to the top of the page.,S,1,Simple functionality with minimal interaction.,https://www.abbvie.com/allergan.html,back_to_top,Utility button,Ensures user convenience and accessibility.
Pharmaceutical Research &amp; Development | AbbVie,Global Utility Strip,"Provides quick access to contact, subscription, and group site links.",S,1,Basic utility strip with no deep interactivity.,https://www.abbvie.com/,global_utility_strip,Utility strip,Could not find a matching AEM catalog block.
Pharmaceutical Research &amp; Development | AbbVie,Primary Navigation,Main site navigation with dropdown menus for exploring sections.,M,1,Dropdown menus may require accessibility considerations.,https://www.abbvie.com/,primary_navigation,Main navigation,Could not find a matching AEM catalog block.
Pipeline | AbbVie,Utility Bar,"Provides quick access to contact, subscription, and group site links.",S,1,Simple structure and functionality.,https://www.abbvie.com/science/pipeline.html,global_utility_strip,Utility strip,No direct match in catalog.
Pipeline | AbbVie,Main Navigation,Main site navigation with dropdown menus for exploring sections.,C,1,Includes dropdown functionality and accessibility considerations.,https://www.abbvie.com/science/pipeline.html,primary_navigation,Main navigation,No direct match in catalog.
Pipeline | AbbVie,Hero Banner,Highlights the main visual and textual content of the page.,M,1,Requires integration of visual and textual elements.,https://www.abbvie.com/science/pipeline.html,hero_section,Hero section,No direct match in catalog.
Pipeline | AbbVie,Call to Action,Encourages users to explore specific areas or take actions.,S,1,Focused on simple button functionality.,https://www.abbvie.com/science/pipeline.html,cta_section,Subscribe,No direct match in catalog.
Pipeline | AbbVie,Card Grid,Displays a grid of cards with images and text for key topics.,M,1,Requires layout management and responsive design.,https://www.abbvie.com/science/pipeline.html,card_grid,Card layout,No direct match in catalog.
AbbVie&#39;s Code of Conduct | AbbVie,Global Utility Strip,"Provides links for contact, subscription, and access to group sites.",S,1,Simple navigation links without complex interactions.,https://www.abbvie.com/who-we-are/operating-with-integrity/abbvies-code-of-conduct.html,global_utility_strip,Utility strip,No matching block found in AEM catalog.
AbbVie&#39;s Code of Conduct | AbbVie,Primary Navigation,Main site navigation with links to key sections.,M,1,Primary navigation often involves deeper hierarchical structures.,https://www.abbvie.com/who-we-are/operating-with-integrity/abbvies-code-of-conduct.html,primary_navigation,Main navigation,No matching block found in AEM catalog.
AbbVie&#39;s Code of Conduct | AbbVie,Hero Section,Highlights the main theme or message of the page.,M,1,Includes styled elements and potential interactive components.,https://www.abbvie.com/who-we-are/operating-with-integrity/abbvies-code-of-conduct.html,hero_section,Hero,Matched to 'Hero' block in AEM catalog.
Liz Shea | AbbVie,Global Navigation Header,Provides the main access points for site navigation and branding.,M,1,Includes dynamic navigation and branding elements requiring robust accessibility support.,https://www.abbvie.com/who-we-are/our-leaders/liz-shea.html,global_header,Utility and primary navigation,Ensure accessibility compliance and responsive design.
Liz Shea | AbbVie,Global Footer,Displays footer navigation links and site-wide legal information.,S,1,Relatively simple static content with minimal dynamic behavior.,https://www.abbvie.com/who-we-are/our-leaders/liz-shea.html,footer,Footer navigation and legal disclaimers,Focus on responsive design and clear content presentation.
Alberto Colzi | AbbVie,Global Utility Strip,"Provides utility links such as contact, subscribe, and group sites.",S,1,Simple structure with minimal functionality.,https://www.abbvie.com/who-we-are/our-leaders/alberto-colzi.html,global_utility_strip,Utility strip,No matching block found in the AEM catalog.
Alberto Colzi | AbbVie,Primary Navigation,Displays the main navigation bar with site-wide links and dropdown menus.,M,1,Includes dropdown menus and site-wide navigation structure.,https://www.abbvie.com/who-we-are/our-leaders/alberto-colzi.html,primary_navigation,Main navigation,No matching block found in the AEM catalog.
Jeffrey R. Stewart | AbbVie,Global Navigation,Provides primary navigation and access to major sections of the site.,M,1,"Global navigation often includes dropdowns and accessibility considerations, increasing complexity.",https://www.abbvie.com/who-we-are/our-leaders/jeffrey-stewart.html,global_navigation,Primary navigation,Consider revisiting the catalog for potential matches or custom implementation.
Jeffrey R. Stewart | AbbVie,Hero Section,Highlights the main content or message of the page with a large visual and heading.,M,1,Includes styled content and potential interactivity.,https://www.abbvie.com/who-we-are/our-leaders/jeffrey-stewart.html,hero_section,Page hero,Mapped successfully to the Hero block in the catalog.
Jeffrey R. Stewart | AbbVie,Main Content,Contains the primary content of the leadership profile.,M,1,Primary content often requires custom styling and layout adjustments.,https://www.abbvie.com/who-we-are/our-leaders/jeffrey-stewart.html,main_content,Content section,No direct match found; may need custom implementation or further catalog search.
Tracie Haas | AbbVie,Global Navigation,Provides site-wide navigation and access to major sections of the website.,M,1,Includes multiple navigation layers and accessibility considerations.,https://www.abbvie.com/who-we-are/our-leaders/tracie-haas.html,global_navigation,Site-wide navigation,This block is essential for user orientation and site navigation.
Tracie Haas | AbbVie,Primary Content Area,"Displays the main content of the page, including details about Tracie Haas.",S,1,Single content region focused on static information.,https://www.abbvie.com/who-we-are/our-leaders/tracie-haas.html,primary_content,Leadership Profile Content,"Central focus of the page, typically static and informational."
Tracie Haas | AbbVie,Related Links Section,Provides links to related content or additional resources.,S,1,Straightforward list of links with minor styling.,https://www.abbvie.com/who-we-are/our-leaders/tracie-haas.html,related_links,Supplementary navigation,Enhances user navigation by suggesting related resources.
Jason Smith | AbbVie,Global Header,Provides navigation and branding elements for the website.,M,1,Includes navigation elements and branding which require styling and accessibility compliance.,https://www.abbvie.com/who-we-are/our-leaders/jason-smith.html,global_header,Primary navigation,Maps directly to the 'Header' block in the catalog.
Jason Smith | AbbVie,Hero Section,Displays a prominent hero image and title for the page.,M,1,Requires layout and styling to accommodate large images and titles.,https://www.abbvie.com/who-we-are/our-leaders/jason-smith.html,hero_section,Hero image with title,Maps directly to the 'Hero' block in the catalog.
Robert A. Michael | AbbVie,Primary Navigation,Provides site-wide navigation links for users to explore different sections.,M,1,Navigation involves multiple layers and dynamic elements.,https://www.abbvie.com/who-we-are/our-leaders/robert-michael.html,primary_navigation,Main navigation,No exact match found in the AEM blocks catalog.
Join AbbVie | AbbVie,Global Utility Bar,Provides top-level utility links for the website.,S,1,Limited scope with static links and minimal interactivity.,https://www.abbvie.com/join-us.html,header_utility_strip,Utility strip,Consider mapping to a catalog block if a suitable match is identified later.
Join AbbVie | AbbVie,Primary Navigation,"Serves as the main navigation for the website, including branding and IA.",M,1,Involves dynamic elements like mega-menus or responsive behavior.,https://www.abbvie.com/join-us.html,header_primary_navigation,Main navigation,Ensure accessibility and responsiveness during implementation.
Join AbbVie | AbbVie,Site Search,Provides a search interface for the website.,M,1,Requires search functionality and potential integration with backend services.,https://www.abbvie.com/join-us.html,site_search,Search form,Implement with focus on usability and performance.
Join AbbVie | AbbVie,Cookie Preferences,Manages user consent for cookies and privacy settings.,C,1,Involves compliance with privacy laws and integration with external systems like OneTrust.,https://www.abbvie.com/join-us.html,cookie_preferences_entry,Cookie preferences,Ensure compliance with regional regulations and accessibility standards.
Allergan HCP/HCP disclosure outside of the US | AbbVie,Global Header,Primary header with logo and main navigation.,M,1,Includes dynamic navigation and logo rendering.,https://www.abbvie.com/who-we-are/operating-with-integrity/transparency-in-payment/allergan-ous-disclosures.html,global_header,Main navigation,Uses CSS and JS for layout and functionality.
Allergan HCP/HCP disclosure outside of the US | AbbVie,Hero Section,Prominent image and introductory content.,M,1,Requires responsive design and styling.,https://www.abbvie.com/who-we-are/operating-with-integrity/transparency-in-payment/allergan-ous-disclosures.html,hero_section,Hero banner,Includes CSS and JS for positioning and styling.
Allergan HCP/HCP disclosure outside of the US | AbbVie,Main Navigation,Site navigation menu with dropdowns.,C,1,Complex navigation structure with dropdowns.,https://www.abbvie.com/who-we-are/operating-with-integrity/transparency-in-payment/allergan-ous-disclosures.html,main_navigation,Dropdown navigation,Not mapped to a known AEM block.
Allergan HCP/HCP disclosure outside of the US | AbbVie,Content Introduction,Introductory text and links overview.,S,1,Simple text and links rendering.,https://www.abbvie.com/who-we-are/operating-with-integrity/transparency-in-payment/allergan-ous-disclosures.html,content_intro,Text introduction,Not mapped to a known AEM block.
Allergan HCP/HCP disclosure outside of the US | AbbVie,Card Grid,Grid of cards showcasing articles or sections.,M,1,Requires responsive grid layout and styling.,https://www.abbvie.com/who-we-are/operating-with-integrity/transparency-in-payment/allergan-ous-disclosures.html,card_grid,Card display,Uses CSS and JS for grid responsiveness and styling.
"Nicholas Donoghoe, M.D. | AbbVie",Primary Navigation,Provides site-wide navigation to key sections.,M,1,Medium complexity due to hierarchical structure and potential accessibility requirements.,https://www.abbvie.com/who-we-are/our-leaders/nicholas-donoghoe.html,primary_navigation,Main navigation,Ensure alignment with accessibility standards and responsive design.
Jerome Bouyer | AbbVie,Utility Strip,Provides quick access links for contact and subscription services.,S,1,Simple links with basic styling and no advanced interactivity.,https://www.abbvie.com/who-we-are/our-leaders/jerome-bouyer.html,global_utility_strip,Utility strip,No direct match found in the AEM catalog; consider custom implementation or further refinement.
Jerome Bouyer | AbbVie,Primary Navigation,Main site navigation with dropdowns for section access.,M,1,Dropdown menus and hierarchical structure increase complexity.,https://www.abbvie.com/who-we-are/our-leaders/jerome-bouyer.html,primary_navigation,Main navigation,No direct match found in the AEM catalog; may require custom navigation block implementation.
Contact Center | AbbVie,Global Utility Strip,"Contains quick access links for contact, subscription, and group sites.",M,1,Includes multiple interactive elements for accessibility.,https://www.abbvie.com/contact-center.html,global_utility_strip,Utility strip,No direct match in the AEM catalog.
Contact Center | AbbVie,Primary Navigation,Main site navigation with links to major sections.,C,1,Deep navigation structure with potential dropdowns.,https://www.abbvie.com/contact-center.html,primary_navigation,Main navigation,No direct match in the AEM catalog.
Contact Center | AbbVie,Hero Section,Prominent image and heading to introduce the page.,M,1,Includes large image and heading with CSS positioning.,https://www.abbvie.com/contact-center.html,hero_section,Hero layout,Matched to 'Hero' in the AEM catalog.
Contact Center | AbbVie,Card Grid,Displays content in a card-like format with images and text.,M,1,Utilizes grid layout for responsiveness and styling.,https://www.abbvie.com/contact-center.html,card_grid,Card collection,Matched to 'Cards' in the AEM catalog.
Contact Center | AbbVie,Content Columns,Organizes text and images into multiple columns for readability.,S,1,Basic multi-column layout.,https://www.abbvie.com/contact-center.html,content_columns,Text and image columns,No direct match in the AEM catalog.
"Roopal Thakkar, M.D. | AbbVie",Primary Navigation,Provides main navigation menu for the site.,M,1,Navigation structures often include accessibility considerations and dynamic elements.,https://www.abbvie.com/who-we-are/our-leaders/roopal-thakkar.html,primary_navigation,Main navigation,No direct match found in the AEM catalog.
"Roopal Thakkar, M.D. | AbbVie",Leader Biography,Displays detailed biography of a leader.,M,1,Content presentation with potential dynamic loading or formatting.,https://www.abbvie.com/who-we-are/our-leaders/roopal-thakkar.html,leader_bio,Detailed biography,No direct match found in the AEM catalog.
"Roopal Thakkar, M.D. | AbbVie",Related Links,Provides links to related sections and additional information.,S,1,Simple list of links with minimal interaction.,https://www.abbvie.com/who-we-are/our-leaders/roopal-thakkar.html,related_links,Links section,No direct match found in the AEM catalog.
"Equity, Equality, Diversity &amp; Inclusion | AbbVie",Global Utility Strip,"Provides quick access to contact, subscription, and group sites.",S,1,Simple navigation element with minimal interactivity.,https://www.abbvie.com/who-we-are/our-principles/equity-equality-inclusion-diversity.html,global_utility_strip,Utility strip,No direct match in AEM catalog.
"Equity, Equality, Diversity &amp; Inclusion | AbbVie",Primary Navigation,Main site navigation with dropdown menus for sections.,M,1,Dropdown functionality and accessibility considerations.,https://www.abbvie.com/who-we-are/our-principles/equity-equality-inclusion-diversity.html,primary_navigation,Main navigation,No direct match in AEM catalog.
"Equity, Equality, Diversity &amp; Inclusion | AbbVie",Main Content Introduction,Introduction text and links about the organization's mission.,S,1,Static content with simple layout.,https://www.abbvie.com/who-we-are/our-principles/equity-equality-inclusion-diversity.html,main_content_intro,Introductory content,No direct match in AEM catalog.
"Equity, Equality, Diversity &amp; Inclusion | AbbVie",CTA Button Section,Call-to-action button for navigating to the 'Who We Are' page.,S,1,Single button with straightforward functionality.,https://www.abbvie.com/who-we-are/our-principles/equity-equality-inclusion-diversity.html,cta_button_section,Call-to-action,No direct match in AEM catalog.
"Equity, Equality, Diversity &amp; Inclusion | AbbVie",Link List Section,List of related links for further exploration.,S,1,Static list of links with basic styling.,https://www.abbvie.com/who-we-are/our-principles/equity-equality-inclusion-diversity.html,link_list_section,Link list,No direct match in AEM catalog.
"Equity, Equality, Diversity &amp; Inclusion | AbbVie",Featured Story Card,"Highlighted story with an image, title, and description.",M,1,Card layout with image and textual content.,https://www.abbvie.com/who-we-are/our-principles/equity-equality-inclusion-diversity.html,featured_story_card,Story card,Matched to 'Cards' in AEM catalog.
"Equity, Equality, Diversity &amp; Inclusion | AbbVie",Recognition Dashboard Card,Displays recognition statistics and achievements.,M,1,Dynamic content with potential data integration.,https://www.abbvie.com/who-we-are/our-principles/equity-equality-inclusion-diversity.html,dashboard_card_recognition,Dashboard card,No direct match in AEM catalog.
"Equity, Equality, Diversity &amp; Inclusion | AbbVie",Back to Top Button,Button for navigating back to the top of the page.,S,1,Simple functionality with limited scope.,https://www.abbvie.com/who-we-are/our-principles/equity-equality-inclusion-diversity.html,back_to_top_button,Navigation button,No direct match in AEM catalog.
Partner with Us | AbbVie,Utility Bar,Provides top-level utility links such as contact and language options.,S,1,Relatively simple structure with limited interactivity.,https://www.abbvie.com/science/partner-with-us.html,header_utility_strip,Utility strip,No direct match in AEM blocks catalog.
Partner with Us | AbbVie,Primary Navigation,Displays main site navigation and branding elements.,M,1,Includes primary navigation and potential for complex menu structures.,https://www.abbvie.com/science/partner-with-us.html,header_primary_navigation,Main navigation,No direct match in AEM blocks catalog.
Partner with Us | AbbVie,Search Bar,Enables users to search site content.,S,1,Simple search form with limited interactivity.,https://www.abbvie.com/science/partner-with-us.html,site_search,Search,No direct match in AEM blocks catalog.
Partner with Us | AbbVie,Cookie Preferences,Manages user consent for cookies and privacy settings.,M,1,Requires integration with cookie management platforms.,https://www.abbvie.com/science/partner-with-us.html,cookie_preferences_entry,Cookie preferences,No direct match in AEM blocks catalog.
Protecting Human Rights and Workplace Safety | AbbVie,Global Utility Strip,"Provides quick access to contact, subscription, and group site links.",S,1,Simple navigation links with limited interactivity.,https://www.abbvie.com/who-we-are/operating-with-integrity/protecting-human-rights-and-workplace-safety.html,global_utility_strip,Utility strip,No matching block type found in the AEM catalog.
Protecting Human Rights and Workplace Safety | AbbVie,Primary Navigation,Main site navigation with dropdown menus for exploring site sections.,M,1,Dropdown functionality requires moderate implementation effort.,https://www.abbvie.com/who-we-are/operating-with-integrity/protecting-human-rights-and-workplace-safety.html,primary_navigation,Main navigation,No matching block type found in the AEM catalog.
Protecting Human Rights and Workplace Safety | AbbVie,Hero Section,Large visual section introducing the page with key messaging.,M,1,Hero sections often involve dynamic content and responsive design.,https://www.abbvie.com/who-we-are/operating-with-integrity/protecting-human-rights-and-workplace-safety.html,hero_section,Hero layout,Mapped to 'Hero' block type from the AEM catalog.
Protecting Human Rights and Workplace Safety | AbbVie,Content Introduction,Introductory text and links providing an overview of the page content.,S,1,Static text content with minimal interactivity.,https://www.abbvie.com/who-we-are/operating-with-integrity/protecting-human-rights-and-workplace-safety.html,content_intro,Introductory content,No matching block type found in the AEM catalog.
Protecting Human Rights and Workplace Safety | AbbVie,CTA Button,Call-to-action button encouraging user interaction.,S,1,Basic button functionality with minimal styling.,https://www.abbvie.com/who-we-are/operating-with-integrity/protecting-human-rights-and-workplace-safety.html,cta_button,Interactive button,No matching block type found in the AEM catalog.
Protecting Human Rights and Workplace Safety | AbbVie,Link List,List of links to related content or external resources.,S,1,"Static list of links, simple implementation.",https://www.abbvie.com/who-we-are/operating-with-integrity/protecting-human-rights-and-workplace-safety.html,link_list,Link collection,No matching block type found in the AEM catalog.
Protecting Human Rights and Workplace Safety | AbbVie,Card Grid,Grid of cards showcasing featured stories or highlights.,M,1,Responsive grid layout with interactive elements.,https://www.abbvie.com/who-we-are/operating-with-integrity/protecting-human-rights-and-workplace-safety.html,card_grid,Card layout,Mapped to 'Cards' block type from the AEM catalog.
Nisha Burns | AbbVie,Global Utility Strip,"Provides quick access to contact, subscription, and group site links.",S,1,Minimal complexity due to its static nature and limited functionality.,https://www.abbvie.com/who-we-are/our-leaders/nisha-patel-burns.html,global_utility_strip,Utility strip,May require minor adjustments for accessibility and responsiveness.
Nisha Burns | AbbVie,Primary Navigation,Main site navigation with dropdown menus for exploring sections.,C,1,High complexity due to potential deep navigation structure and dropdown interactions.,https://www.abbvie.com/who-we-are/our-leaders/nisha-patel-burns.html,primary_navigation,Main navigation,Ensure compatibility with accessibility standards and mobile usability.
Our R&amp;D Approach | AbbVie,Utility Navigation Strip,"Provides quick access to contact, subscription, and group sites.",S,1,"Basic navigation links, minimal interactivity.",https://www.abbvie.com/science.html,global_utility_strip,Utility strip,Common for accessibility enhancements.
Our R&amp;D Approach | AbbVie,Primary Site Navigation,"Main navigation for site sections, typically includes dropdowns.",M,1,Dropdown menus add interactivity and complexity.,https://www.abbvie.com/science.html,primary_navigation,Main navigation,Ensure responsive design and keyboard accessibility.
Our R&amp;D Approach | AbbVie,Main Call-to-Action,Central area for key actions or promotions.,M,1,May include dynamic buttons or links.,https://www.abbvie.com/science.html,main_cta_section,Subscribe,Focus on engaging user actions.
Our R&amp;D Approach | AbbVie,Featured Stories Display,Grid layout for showcasing stories with visuals.,M,1,Visual elements and layout adjustments required.,https://www.abbvie.com/science.html,featured_stories_grid,Content grid,Prioritize image loading optimization.
Our R&amp;D Approach | AbbVie,Statistics Showcase,Displays key metrics in an engaging format.,M,1,Requires visual design for data representation.,https://www.abbvie.com/science.html,statistics_highlights,Dashboard,Consider dynamic data integration.
Scott T. Reents | AbbVie,Primary Navigation,"Serves as the primary navigation menu for the website, providing access to main sections and pages.",M,1,This block likely involves hierarchical navigation and accessibility considerations.,https://www.abbvie.com/who-we-are/our-leaders/scott-reents.html,primary_navigation,Main navigation,No exact match found in the AEM catalog for 'Primary Navigation'. It may require a custom implementation or further clarification.
Positions &amp; Views | AbbVie,Global Utility Strip,Provides quick access to global utilities like contact and subscribe.,S,1,Simple utility navigation bar with minimal interactive elements.,https://www.abbvie.com/who-we-are/our-principles/positions-views.html,global_utility_strip,Utility strip,No exact match found in AEM catalog.
Positions &amp; Views | AbbVie,Primary Navigation,Main site navigation with mega-menu capabilities.,C,1,Complex navigation structure with dropdowns and potential accessibility requirements.,https://www.abbvie.com/who-we-are/our-principles/positions-views.html,primary_navigation,Main navigation,No exact match found in AEM catalog.
Positions &amp; Views | AbbVie,Hero Section,Main visual and introductory content for the page.,M,1,Requires responsive design and potential dynamic content.,https://www.abbvie.com/who-we-are/our-principles/positions-views.html,hero_section,Hero banner,Mapped to 'Hero' in AEM catalog.
Positions &amp; Views | AbbVie,Content Columns,Organizes content into structured columns for readability.,S,1,Static layout with basic styling requirements.,https://www.abbvie.com/who-we-are/our-principles/positions-views.html,content_columns,Content layout,No exact match found in AEM catalog.
Positions &amp; Views | AbbVie,Card Grid,Displays a grid of cards featuring images and text.,M,1,Requires grid layout and potential interactivity for cards.,https://www.abbvie.com/who-we-are/our-principles/positions-views.html,card_grid,Card layout,Mapped to 'Cards' in AEM catalog.
Positions &amp; Views | AbbVie,Back to Top Button,Quick navigation to the top of the page.,S,1,Simple button functionality with minimal styling.,https://www.abbvie.com/who-we-are/our-principles/positions-views.html,back_to_top,Utility button,No exact match found in AEM catalog.
Jag Dosanjh | AbbVie,Global Utility Strip,"Provides quick access to contact, subscription, and group sites.",S,1,Basic utility strip with limited interactions.,https://www.abbvie.com/who-we-are/our-leaders/jag-dosanjh.html,global_utility_strip,Utility strip,No exact match found in the AEM catalog.
Jag Dosanjh | AbbVie,Primary Navigation,Main site navigation with dropdown menus for sections.,C,1,Complex navigation with dropdowns requiring accessibility and responsiveness.,https://www.abbvie.com/who-we-are/our-leaders/jag-dosanjh.html,primary_navigation,Main navigation,No exact match found in the AEM catalog.
Jag Dosanjh | AbbVie,Footer Navigation,Footer with site-wide links and information.,M,1,Footer with styling and possible dynamic content.,https://www.abbvie.com/who-we-are/our-leaders/jag-dosanjh.html,footer_navigation,Footer navigation,Mapped to 'Footer' in the AEM catalog.
Perry C. Siatis | AbbVie,Primary Navigation,Provides the main navigation menu for the website.,M,1,Includes accessibility features and multi-level navigation.,https://www.abbvie.com/who-we-are/our-leaders/perry-siatis.html,primary_navigation,Main navigation,No exact match found in the AEM catalog.
Perry C. Siatis | AbbVie,Hero Section,Displays a prominent section with a large image and headline.,M,1,Requires CSS and JS for styling and functionality.,https://www.abbvie.com/who-we-are/our-leaders/perry-siatis.html,hero_section,Hero banner,Mapped to the Hero block in the AEM catalog.
Perry C. Siatis | AbbVie,Footer,Displays footer content with navigation and legal information.,M,1,Includes styling and often dynamic content.,https://www.abbvie.com/who-we-are/our-leaders/perry-siatis.html,footer,Standard footer,Mapped to the Footer block in the AEM catalog.
Perry C. Siatis | AbbVie,Back to Top Button,Provides a button to scroll back to the top of the page.,S,1,Simple functionality with minimal styling.,https://www.abbvie.com/who-we-are/our-leaders/perry-siatis.html,back_to_top,Scroll-up button,No exact match found in the AEM catalog.
"Azita Saleki-Gerhardt, Ph.D. | AbbVie",Primary Navigation,Provides access to major site sections.,M,1,Includes accessibility considerations and deep menu structures.,https://www.abbvie.com/who-we-are/our-leaders/azita-saleki-gerhardt.html,primary_navigation,Main navigation,Ensure accessibility compliance and responsive design.
"Azita Saleki-Gerhardt, Ph.D. | AbbVie",Hero Section,Prominent section showcasing main content or message.,M,1,Requires responsive design and dynamic content handling.,https://www.abbvie.com/who-we-are/our-leaders/azita-saleki-gerhardt.html,hero_section,Hero banner,Focus on visual impact and dynamic content.
"Azita Saleki-Gerhardt, Ph.D. | AbbVie",Leadership Profile,Detailed profile of a leader including their role and achievements.,C,1,Involves detailed content structure and potential integration with dynamic data sources.,https://www.abbvie.com/who-we-are/our-leaders/azita-saleki-gerhardt.html,leadership_profile,Profile card,Ensure data accuracy and integration with backend systems.
"Azita Saleki-Gerhardt, Ph.D. | AbbVie",Back to Top Button,Allows users to quickly return to the top of the page.,S,1,Simple functionality with minimal interaction.,https://www.abbvie.com/who-we-are/our-leaders/azita-saleki-gerhardt.html,back_to_top_button,Utility button,Focus on performance and accessibility.
Our Principles | AbbVie,Utility Navigation,"Provides quick access to site-wide utilities such as contact links, subscriptions, and group site navigation.",S,1,Simple navigation structure with minimal depth.,https://www.abbvie.com/who-we-are/our-principles.html,global_utility_strip,Utility strip,May require minor adjustments for accessibility compliance.
Our Principles | AbbVie,Main Navigation,"Serves as the primary navigational structure, including dropdown menus for main content sections.",C,1,Complex hierarchical navigation with multiple levels and dropdown interactions.,https://www.abbvie.com/who-we-are/our-principles.html,primary_navigation,Main navigation,Ensure robust support for keyboard navigation and screen readers.
Our Principles | AbbVie,CTA Grid,Displays a grid layout with call-to-action links directing users to key pages and sections.,M,1,Moderate complexity due to layout and responsive design considerations.,https://www.abbvie.com/who-we-are/our-principles.html,cta_grid,Grid layout,May require optimization for mobile and tablet views.
AbbVie Inquiry | AbbVie,Global Utility Strip,"Provides quick access to global utilities like contact, subscribe, and group sites.",S,1,Simple navigation bar with basic links.,https://www.abbvie.com/who-we-are/operating-with-integrity/transparency-in-payment/abbvie-inquiry.html,global_utility_strip,Utility strip,No exact match found in the AEM catalog.
AbbVie Inquiry | AbbVie,Primary Navigation,Main navigation menu for accessing major site sections.,M,1,Deep navigation structure with potential dropdowns.,https://www.abbvie.com/who-we-are/operating-with-integrity/transparency-in-payment/abbvie-inquiry.html,primary_navigation,Main navigation,No exact match found in the AEM catalog.
AbbVie Inquiry | AbbVie,Hero Section,Prominent introductory section with a large image and heading.,M,1,Includes image and text alignment with potential dynamic content.,https://www.abbvie.com/who-we-are/operating-with-integrity/transparency-in-payment/abbvie-inquiry.html,hero_section,Hero,Mapped to Hero from AEM catalog.
AbbVie Inquiry | AbbVie,Content Card Grid,Displays a grid of content cards with images and text.,M,1,Grid layout with responsive design and multimedia elements.,https://www.abbvie.com/who-we-are/operating-with-integrity/transparency-in-payment/abbvie-inquiry.html,content_card_grid,Card grid,Mapped to Cards from AEM catalog.
Accessibility Statement | AbbVie,Global Navigation,Provides primary navigation for site-wide access.,M,1,Requires integration with site-wide navigation functionality and accessibility compliance.,https://www.abbvie.com/accessibility-statement.html,global_navigation,Main navigation,No direct match in the AEM catalog.
Accessibility Statement | AbbVie,Hero Section,Highlights key information at the top of the page with a large image and heading.,M,1,Includes styling and scripting for visual prominence.,https://www.abbvie.com/accessibility-statement.html,hero_section,Hero banner,Mapped to Hero block in AEM catalog.
Accessibility Statement | AbbVie,Main Content,Contains the primary textual content of the accessibility statement.,S,1,Primarily static content with minimal interactive features.,https://www.abbvie.com/accessibility-statement.html,main_content,Static content,No direct match in the AEM catalog.
Dave Purdue | AbbVie,Global Navigation,"Provides primary navigation for the website, including main sections and submenus.",M,1,Navigation systems typically involve hierarchical structures and accessibility considerations.,https://www.abbvie.com/who-we-are/our-leaders/dave-purdue.html,global_navigation,Primary navigation,No exact catalog match found for this block.
Dave Purdue | AbbVie,Hero Section,Highlights the primary focus of the page with a prominent image and heading.,S,1,This block focuses on visual presentation with minimal interaction.,https://www.abbvie.com/who-we-are/our-leaders/dave-purdue.html,hero_section,Hero image with heading,Mapped to the Hero block from the Adobe AEM catalog.
Linda Ray | AbbVie,Global Utility Strip,"Provides links for quick access to contact, subscribe, and group site features.",M,1,Includes multiple interactive elements and links requiring accessibility considerations.,https://www.abbvie.com/who-we-are/our-leaders/linda-ray.html,global_utility_strip,Utility strip,No matching catalog entry found for this block.
Linda Ray | AbbVie,Primary Navigation,Contains the main navigation menu and branding logo.,C,1,Involves deep navigation structure and branding integration.,https://www.abbvie.com/who-we-are/our-leaders/linda-ray.html,primary_navigation,Main navigation,No matching catalog entry found for this block.
Magnified featuring Jonathon Sedgwick | AbbVie,Global Utility Strip,"Provides quick access to contact, subscription, and group site links.",S,1,Straightforward implementation providing utility links.,https://www.abbvie.com/who-we-are/our-stories/magnified-featuring-jonathon-sedgwick.html,global_utility_strip,Utility strip,No direct mapping found in the AEM catalog.
Magnified featuring Jonathon Sedgwick | AbbVie,Primary Navigation,Main site navigation with links to key sections.,M,1,Moderate complexity due to navigation hierarchy and accessibility requirements.,https://www.abbvie.com/who-we-are/our-stories/magnified-featuring-jonathon-sedgwick.html,primary_navigation,Main navigation,No direct mapping found in the AEM catalog.
Key Facts | AbbVie,Global Utility Strip,"Provides quick access to contact, subscription, and group site links.",S,1,Simple layout and functionality for navigation utilities.,https://www.abbvie.com/who-we-are/key-facts.html,global_utility_strip,Utility strip,No matching block found in the AEM catalog.
Key Facts | AbbVie,Primary Navigation,Main site navigation with dropdown menus for different sections.,C,1,Deep navigation and dropdown functionality.,https://www.abbvie.com/who-we-are/key-facts.html,primary_navigation,Main navigation,No matching block found in the AEM catalog.
Key Facts | AbbVie,Hero Section,Highlights the main visual and message of the page.,M,1,Moderate complexity due to styling and responsive design.,https://www.abbvie.com/who-we-are/key-facts.html,hero_section,Hero image and text,Mapped to the Hero block in the AEM catalog.
Key Facts | AbbVie,Key Facts Overview,Presents key facts about the organization in a concise format.,M,1,Moderate complexity for structured content display.,https://www.abbvie.com/who-we-are/key-facts.html,key_facts_overview,Key facts display,No matching block found in the AEM catalog.
Key Facts | AbbVie,Content Cards,Displays content in card format with images and descriptions.,M,1,Moderate complexity due to grid layout and responsive design.,https://www.abbvie.com/who-we-are/key-facts.html,content_cards,Card layout,Mapped to the Cards block in the AEM catalog.
Patients | AbbVie,Global Utility Strip,"Provides quick access to contact, subscription, and group site links.",S,1,Simple utility functionality without complex interactions.,https://www.abbvie.com/patients.html,global_utility_strip,Utility strip,No matching catalog entry found; consider custom implementation.
Patients | AbbVie,Primary Navigation,Main site navigation with dropdown menus for exploring sections.,M,1,Dropdown menus and hierarchical structure require moderate implementation effort.,https://www.abbvie.com/patients.html,primary_navigation,Main navigation,No matching catalog entry found; consider custom implementation.
Wulff-Erik von Borcke | AbbVie,Global Navigation,"Primary navigation menu for the website, providing access to main sections.",C,1,High complexity due to deep navigation structure and accessibility requirements.,https://www.abbvie.com/who-we-are/our-leaders/wulff-erik-von-borcke.html,global_navigation,Main navigation,No matching catalog entry found for this block.
Wulff-Erik von Borcke | AbbVie,Hero Section,Prominent section at the top of the page showcasing key visuals and introductory content.,M,1,Moderate complexity due to styling and interactive elements.,https://www.abbvie.com/who-we-are/our-leaders/wulff-erik-von-borcke.html,hero_section,Hero image with heading,Matched to the catalog entry for Hero block.
Wulff-Erik von Borcke | AbbVie,Related Links,Section providing links to related pages or additional resources.,S,1,Low complexity as it involves simple link list rendering.,https://www.abbvie.com/who-we-are/our-leaders/wulff-erik-von-borcke.html,related_links,Link list,No matching catalog entry found for this block.
Terms of Use | AbbVie,Primary Navigation,"Provides main navigation functionality with dropdowns for sections like Who We Are, Science, and Patients.",M,1,Includes dropdown menus and accessibility considerations.,https://www.abbvie.com/terms-of-use.html,primary_navigation,Main navigation,No matching entry in AEM blocks catalog.
Terms of Use | AbbVie,Header Logo,Displays the AbbVie logo linking to the homepage.,S,1,Simple static image linking functionality.,https://www.abbvie.com/terms-of-use.html,header_logo,Logo display,No matching entry in AEM blocks catalog.
Terms of Use | AbbVie,Hero Section,Highlights the main content or message of the page using a hero layout.,M,1,Includes styling and potential dynamic content.,https://www.abbvie.com/terms-of-use.html,hero_section,Hero banner,Mapped to 'Hero' in AEM blocks catalog.
Terms of Use | AbbVie,Footer Links,Displays additional navigation and legal links at the bottom of the page.,M,1,Includes links and accessibility features.,https://www.abbvie.com/terms-of-use.html,footer_links,Footer navigation,Mapped to 'Footer' in AEM blocks catalog.
Who We Are | AbbVie,Global Utility Strip,"Provides global utility links such as contact, subscribe, and group sites.",M,1,Global links with potential dynamic behavior and accessibility considerations.,https://www.abbvie.com/who-we-are.html,global_utility_strip,Utility strip,No exact match found in AEM catalog.
Who We Are | AbbVie,Primary Navigation,Contains the main navigation menu for the site.,C,1,Main navigation menus often involve deep hierarchies and accessibility requirements.,https://www.abbvie.com/who-we-are.html,primary_navigation,Main navigation,No exact match found in AEM catalog.
Who We Are | AbbVie,Hero Section,Displays a prominent visual and text to introduce the page.,M,1,Prominent visuals with potential animation or interactivity.,https://www.abbvie.com/who-we-are.html,hero_section,Hero,No exact match found in AEM catalog.
Who We Are | AbbVie,Introduction Text,Provides an introductory description of the page's purpose.,S,1,Static text block with minimal interactivity.,https://www.abbvie.com/who-we-are.html,intro_text,Introductory text,No exact match found in AEM catalog.
Who We Are | AbbVie,Call-to-Action Button,Encourages users to navigate to a specific page or perform an action.,S,1,Simple button functionality.,https://www.abbvie.com/who-we-are.html,cta_button,CTA,No exact match found in AEM catalog.
Who We Are | AbbVie,Link List,Displays a list of related links for further exploration.,M,1,Requires dynamic linking and potential categorization.,https://www.abbvie.com/who-we-are.html,link_list,Link list,No exact match found in AEM catalog.
Who We Are | AbbVie,Featured Card,Highlights a specific story or content with an image and description.,M,1,Combination of media and text with potential interactivity.,https://www.abbvie.com/who-we-are.html,featured_card,Featured content,No exact match found in AEM catalog.
Who We Are | AbbVie,Data Highlight,Displays key data points or statistics in a visually engaging format.,M,1,Custom design for data visualization.,https://www.abbvie.com/who-we-are.html,data_highlight,Data display,No exact match found in AEM catalog.
Inside The DREAM Initiative | AbbVie,Global Navigation,Provides primary navigation for users to access different sections of the website.,M,1,Includes accessibility considerations and potential deep navigation structures.,https://www.abbvie.com/who-we-are/our-stories/inside-dream-initiative.html,global_navigation,Main navigation,No exact match found in the AEM blocks catalog.
Inside The DREAM Initiative | AbbVie,Hero Section,Displays a prominent visual and text element to highlight the main theme or story.,M,1,Involves responsive design and visual hierarchy.,https://www.abbvie.com/who-we-are/our-stories/inside-dream-initiative.html,hero_section,Hero banner,Matches the 'Hero' block from the AEM catalog.
Inside The DREAM Initiative | AbbVie,Primary Call to Action,Encourages user interaction through a call-to-action button.,S,1,Limited scope focused on user engagement.,https://www.abbvie.com/who-we-are/our-stories/inside-dream-initiative.html,primary_cta,Call to action,No exact match found in the AEM blocks catalog.
Inside The DREAM Initiative | AbbVie,Content Cards,Displays content in card format for easy scanning and engagement.,M,1,Involves grid layout and responsive design.,https://www.abbvie.com/who-we-are/our-stories/inside-dream-initiative.html,content_cards,Content grid,Matches the 'Cards' block from the AEM catalog.
How AbbVie makes medications more accessible | AbbVie,Global Header,Includes site-wide navigation and branding elements.,M,1,Integration of site-wide navigation and branding.,https://www.abbvie.com/who-we-are/our-stories/living-with-an-illness.html,global_header,Navigation bar,No exact match found in catalog.
How AbbVie makes medications more accessible | AbbVie,Main Hero Section,Showcases the primary message with visual emphasis.,C,1,Large-scale visual and functional element.,https://www.abbvie.com/who-we-are/our-stories/living-with-an-illness.html,main_hero,Primary hero,Matched to Hero block in catalog.
How AbbVie makes medications more accessible | AbbVie,Navigation Menu,Provides links to site sections.,M,1,Depth and functionality of navigation.,https://www.abbvie.com/who-we-are/our-stories/living-with-an-illness.html,navigation_menu,Site navigation,No exact match found in catalog.
How AbbVie makes medications more accessible | AbbVie,Content Introduction,Introduces page content.,S,1,Simple text-based content.,https://www.abbvie.com/who-we-are/our-stories/living-with-an-illness.html,content_intro,Introductory text,No exact match found in catalog.
How AbbVie makes medications more accessible | AbbVie,Featured Story,Highlights a specific story or article.,M,1,Card layout with variable content.,https://www.abbvie.com/who-we-are/our-stories/living-with-an-illness.html,featured_story,Story highlight,Matched to Cards block in catalog.
How AbbVie makes medications more accessible | AbbVie,Dashboard Cards,Displays metrics or highlights in cards.,M,1,Multiple card elements in a dashboard layout.,https://www.abbvie.com/who-we-are/our-stories/living-with-an-illness.html,dashboard_cards,Metrics display,Matched to Cards block in catalog.
How AbbVie makes medications more accessible | AbbVie,Back to Top Button,Scrolls back to the top of the page.,S,1,Simple button functionality.,https://www.abbvie.com/who-we-are/our-stories/living-with-an-illness.html,back_to_top_button,Page navigation,No exact match found in catalog.
"Latif Akintade, M.D. | AbbVie",Global Navigation Header,Provides site-wide navigation and branding elements.,M,1,"Includes accessibility features, dynamic navigation, and branding integration.",https://www.abbvie.com/who-we-are/our-leaders/latif-akintade.html,global_header,Main navigation,The block integrates fragments for navigation and branding.
"Latif Akintade, M.D. | AbbVie",Leadership Profile Hero,Highlights the leadership profile with a prominent image and title.,S,1,Simple layout with image and heading.,https://www.abbvie.com/who-we-are/our-leaders/latif-akintade.html,hero_section,Profile hero section,Designed for visual emphasis on leadership profiles.
Patient Access and Affordability | AbbVie,Utility Strip,"Provides quick access to contact, subscription, and group site links.",S,1,Simple utility navigation without deep interactivity.,https://www.abbvie.com/patients/patient-support.html,global_utility_strip,Utility strip,No matching catalog entry found.
Patient Access and Affordability | AbbVie,Primary Navigation,Main navigation menu with links to key sections of the site.,M,1,Primary navigation typically involves hierarchical menus and accessibility requirements.,https://www.abbvie.com/patients/patient-support.html,primary_navigation,Main navigation,No matching catalog entry found.
Patient Access and Affordability | AbbVie,Hero Section,Highlights the main message or call-to-action for the page.,M,1,"Includes visual and interactive elements, potentially with animations.",https://www.abbvie.com/patients/patient-support.html,hero_section,Hero banner,No matching catalog entry found.
Patient Access and Affordability | AbbVie,CTA Grid,Displays a grid of CTAs for navigating to important content.,M,1,Requires layout management and interaction handling.,https://www.abbvie.com/patients/patient-support.html,cta_grid,Call-to-action grid,No matching catalog entry found.
Patient Access and Affordability | AbbVie,Card Grid,Displays a grid of content cards with images and descriptions.,M,1,Involves dynamic content rendering and layout responsiveness.,https://www.abbvie.com/patients/patient-support.html,card_grid,Content cards,No matching catalog entry found.
Timothy J. Richmond | AbbVie,Global Navigation,Provides site-wide navigation links.,M,1,Includes accessibility considerations and potential deep navigation structure.,https://www.abbvie.com/who-we-are/our-leaders/timothy-richmond.html,global_navigation,Primary navigation,Ensure compatibility with screen readers and keyboard navigation.
Timothy J. Richmond | AbbVie,Hero Section,Introduces the page with a prominent visual and leader's name.,S,1,Simple visual presentation with limited interactivity.,https://www.abbvie.com/who-we-are/our-leaders/timothy-richmond.html,hero_section,Page introduction,Focus on responsive design and visual hierarchy.
Timothy J. Richmond | AbbVie,Leader Biography,Displays detailed professional information about Timothy J. Richmond.,S,1,Static text content with minimal interactivity.,https://www.abbvie.com/who-we-are/our-leaders/timothy-richmond.html,leader_bio,Informational text,Ensure text clarity and alignment with AbbVie branding guidelines.
Timothy J. Richmond | AbbVie,Related Links,Provides links to relevant content or sections.,S,1,Simple list structure with basic linking functionality.,https://www.abbvie.com/who-we-are/our-leaders/timothy-richmond.html,related_links,Link list,Verify link accuracy and relevance.
Demetris Crum | AbbVie,Global Header,Displays the primary navigation menu and branding elements.,M,1,"Includes navigation and branding, requiring integration with CSS and JavaScript for layout and functionality.",https://www.abbvie.com/who-we-are/our-leaders/demetris-crum.html,global_header,Primary navigation,Integration with dynamic content fetching and layout styling is required.
Supplier Resources | AbbVie,Global Utility Strip,"Provides quick access to various links, such as contact and subscription.",M,1,Requires integration of multiple link types and ensuring accessibility.,https://www.abbvie.com/who-we-are/operating-with-integrity/responsible-supply-chain/supplier-resources.html,global_utility_strip,Utility strip,Could not map to a specific AEM catalog block.
Supplier Resources | AbbVie,Primary Navigation,"Implements the main site navigation, including mega-menus.",C,1,Involves deep navigation structures and mega-menu functionality.,https://www.abbvie.com/who-we-are/operating-with-integrity/responsible-supply-chain/supplier-resources.html,primary_navigation,Main navigation,Could not map to a specific AEM catalog block.
Supplier Resources | AbbVie,Hero Section,Displays a large image and heading to highlight the page's main theme.,M,1,Involves styling and scripting for dynamic content presentation.,https://www.abbvie.com/who-we-are/operating-with-integrity/responsible-supply-chain/supplier-resources.html,hero_section,Hero banner,Mapped to AEM catalog block 'Hero'.
Supplier Resources | AbbVie,Content Introduction,Provides introductory text and links to key sections.,S,1,Primarily textual content with minimal interactivity.,https://www.abbvie.com/who-we-are/operating-with-integrity/responsible-supply-chain/supplier-resources.html,content_intro,Introductory text,Could not map to a specific AEM catalog block.
Supplier Resources | AbbVie,Content Card Grid,Displays a grid of cards with articles and key information.,M,1,Involves grid layout and responsive design for card elements.,https://www.abbvie.com/who-we-are/operating-with-integrity/responsible-supply-chain/supplier-resources.html,content_card_grid,Card grid,Mapped to AEM catalog block 'Cards'.
What does it take to discover a new medicine? | AbbVie,Global Header,Main navigation and branding elements.,M,1,"Includes branding and navigation, potentially complex user interactions.",https://www.abbvie.com/who-we-are/our-stories/what-does-it-take-to-discover-a-new-medicine.html,global_header,Utility strip,Requires accessibility considerations.
What does it take to discover a new medicine? | AbbVie,Hero Section,Displays hero image and introductory content.,S,1,Simple layout with image and text.,https://www.abbvie.com/who-we-are/our-stories/what-does-it-take-to-discover-a-new-medicine.html,hero_section,Hero,Ensure responsive design.
What does it take to discover a new medicine? | AbbVie,Primary Navigation,Main site navigation menu.,C,1,Deep navigation structure with accessibility requirements.,https://www.abbvie.com/who-we-are/our-stories/what-does-it-take-to-discover-a-new-medicine.html,primary_navigation,Main navigation,Consider keyboard and screen reader navigation.
What does it take to discover a new medicine? | AbbVie,Content Introduction,Introduces page content with title and description.,S,1,Straightforward text and title components.,https://www.abbvie.com/who-we-are/our-stories/what-does-it-take-to-discover-a-new-medicine.html,content_intro,Introductory content,Ensure proper heading hierarchy.
What does it take to discover a new medicine? | AbbVie,Featured Card,Highlights a featured story with image and summary.,M,1,Includes interactive elements and image handling.,https://www.abbvie.com/who-we-are/our-stories/what-does-it-take-to-discover-a-new-medicine.html,featured_card,Featured content,Consider dynamic content loading.
Our Commitment to Ethical and Responsible Use of Animals in Research | AbbVie,Global Utility Strip,Provides quick access to global utilities like contact and subscription.,M,1,Includes integration with global utility services.,https://www.abbvie.com/who-we-are/our-principles/positions-views/our-commitment-to-ethical-and-responsible-use-of-animals-in-research.html,global_utility_strip,Utility strip,No direct catalog match; custom implementation likely.
Our Commitment to Ethical and Responsible Use of Animals in Research | AbbVie,Primary Navigation,Main site navigation with dropdown menus.,C,1,Deep navigation structure with dropdowns.,https://www.abbvie.com/who-we-are/our-principles/positions-views/our-commitment-to-ethical-and-responsible-use-of-animals-in-research.html,primary_navigation,Main navigation,No direct catalog match; analyze for accessibility compliance.
Our Commitment to Ethical and Responsible Use of Animals in Research | AbbVie,Hero Section,Highlights the main theme or focus of the page.,M,1,Includes large image and heading with positioning styles.,https://www.abbvie.com/who-we-are/our-principles/positions-views/our-commitment-to-ethical-and-responsible-use-of-animals-in-research.html,hero_section,Hero banner,Mapped to 'Hero' in the AEM catalog.
Our Commitment to Ethical and Responsible Use of Animals in Research | AbbVie,Content Introduction,Introduces the main content with a brief description.,M,1,Requires integration with content management systems.,https://www.abbvie.com/who-we-are/our-principles/positions-views/our-commitment-to-ethical-and-responsible-use-of-animals-in-research.html,content_intro,Introductory text,No direct catalog match; custom text block likely.
Our Commitment to Ethical and Responsible Use of Animals in Research | AbbVie,Featured Card,Displays a prominent card with an image and description.,M,1,Card layout with styling and responsiveness.,https://www.abbvie.com/who-we-are/our-principles/positions-views/our-commitment-to-ethical-and-responsible-use-of-animals-in-research.html,featured_card,Featured card,Mapped to 'Cards' in the AEM catalog.
Our Commitment to Ethical and Responsible Use of Animals in Research | AbbVie,Dashboard Cards,Presents key statistics or highlights in card format.,M,1,Multiple cards with dynamic data integration.,https://www.abbvie.com/who-we-are/our-principles/positions-views/our-commitment-to-ethical-and-responsible-use-of-animals-in-research.html,dashboard_cards,Dashboard cards,Mapped to 'Cards' in the AEM catalog.
Sustainability | AbbVie,Global Utility Strip,Provides quick links for contact and group site access.,S,1,Limited functionality with basic accessibility requirements.,https://www.abbvie.com/sustainability.html,global_utility_strip,Utility strip,No exact match found in the catalog.
Sustainability | AbbVie,Primary Navigation,Main navigation for site sections with dropdown menus.,M,1,Dropdown menus require accessibility considerations and interaction handling.,https://www.abbvie.com/sustainability.html,primary_navigation,Main navigation,No exact match found in the catalog.
Sustainability | AbbVie,Content Columns,Organizes content into multiple columns for readability.,S,1,Simple layout structure with minimal interactivity.,https://www.abbvie.com/sustainability.html,content_columns,Content layout,No exact match found in the catalog.
Sustainability | AbbVie,Card Grid,Displays content cards in a grid layout.,M,1,Grid layout with responsive design and image handling.,https://www.abbvie.com/sustainability.html,card_grid,Card layout,Matched to 'Cards' in the catalog.
Magnified featuring Sean McEwen | AbbVie,Global Header,Displays the site's global header with navigation and branding.,M,1,Includes navigation elements requiring accessibility and responsive design.,https://www.abbvie.com/who-we-are/our-stories/magnified-featuring-sean-mcewen.html,global_header,Utility strip,Ensures consistent branding and navigation across pages.
Magnified featuring Sean McEwen | AbbVie,Hero Section,Presents a visually prominent hero area with a large image and heading.,M,1,Requires responsive design and visual prominence.,https://www.abbvie.com/who-we-are/our-stories/magnified-featuring-sean-mcewen.html,hero_section,Feature highlight,Used for showcasing the main story or feature.
Magnified featuring Sean McEwen | AbbVie,Primary Navigation,Provides users with the main navigation menu for the site.,M,1,Navigation menus often require accessibility and responsive behavior.,https://www.abbvie.com/who-we-are/our-stories/magnified-featuring-sean-mcewen.html,primary_navigation,Main navigation,Critical for site usability and structure.
Magnified featuring Sean McEwen | AbbVie,Main Content,Displays the main content area of the page.,M,1,Content areas often include dynamic elements and require responsiveness.,https://www.abbvie.com/who-we-are/our-stories/magnified-featuring-sean-mcewen.html,main_content,Content display,Focuses on delivering the core message or story of the page.
Our Leaders | AbbVie,Global Utility Strip,"Provides quick access to contact, subscription, and group site links.",S,1,Simple navigation links without advanced interactivity.,https://www.abbvie.com/who-we-are/our-leaders.html,global_utility_strip,Utility strip,Could not map to a specific AEM block type based on the catalog.
Our Leaders | AbbVie,Primary Navigation,Main site navigation with dropdown menus for sections.,M,1,Includes dropdown menus and hierarchical navigation.,https://www.abbvie.com/who-we-are/our-leaders.html,primary_navigation,Main navigation,Could not map to a specific AEM block type based on the catalog.
Our Leaders | AbbVie,Hero Section,Prominent section introducing the page with a large image and heading.,M,1,Involves styling and scripting for image placement and heading display.,https://www.abbvie.com/who-we-are/our-leaders.html,hero_section,Hero,Mapped to the Hero block in the AEM catalog.
Our Leaders | AbbVie,Leadership Profiles Grid,Displays profiles of leaders in a grid format with images and descriptions.,M,1,Requires dynamic content rendering and layout management.,https://www.abbvie.com/who-we-are/our-leaders.html,leadership_profiles_grid,Grid display,Could not map to a specific AEM block type based on the catalog.
Magnified featuring Matt Widman | AbbVie,Global Navigation,Provides site-wide navigation and access to main sections.,M,1,Includes accessibility features and deep navigation structure.,https://www.abbvie.com/who-we-are/our-stories/magnified-featuring-matt-widman.html,global_navigation,Site-wide navigation,No exact match found in the AEM catalog.
Magnified featuring Matt Widman | AbbVie,Hero Section,Displays the main visual and title for the page.,M,1,Requires integration of visual assets and responsive design.,https://www.abbvie.com/who-we-are/our-stories/magnified-featuring-matt-widman.html,hero_section,Main page hero,Matched with the 'Hero' block in the AEM catalog.
Magnified featuring Matt Widman | AbbVie,Main Story Content,Contains the primary story content and associated elements.,M,1,Includes interactive and multimedia elements.,https://www.abbvie.com/who-we-are/our-stories/magnified-featuring-matt-widman.html,main_story_content,Story content,No exact match found in the AEM catalog.
Magnified featuring Matt Widman | AbbVie,Related Links,Displays links to related content or sections.,S,1,Simple list of links with basic styling.,https://www.abbvie.com/who-we-are/our-stories/magnified-featuring-matt-widman.html,related_links,Related content links,No exact match found in the AEM catalog.
Nicole Mowad-Nassar | AbbVie,Global Navigation Header,"Provides navigational and branding elements for the site, including the logo and main menu.",M,1,Includes accessibility features and dynamic navigation menus.,https://www.abbvie.com/who-we-are/our-leaders/nicole-mowad-nassar.html,global_header,Main navigation,This block is integral for user navigation and branding.
Nicole Mowad-Nassar | AbbVie,Site Footer,"Provides site-wide links, contact information, and utility navigation.",S,1,Simple layout with links and contact information.,https://www.abbvie.com/who-we-are/our-leaders/nicole-mowad-nassar.html,footer,Utility footer,Ensures consistent navigation and information access across pages.
Physician &amp; other payments FAQs | AbbVie,Global Utility Strip,"Provides quick access to contact, subscription, and group site links.",S,1,Minimal complexity due to static links and minimal interactivity.,https://www.abbvie.com/who-we-are/operating-with-integrity/transparency-in-payment/frequently-asked-questions-physician-and-other-payments.html,global_utility_strip,Utility strip,No matches found in the AEM catalog for this block.
Physician &amp; other payments FAQs | AbbVie,Primary Navigation,Main site navigation with dropdown menus for exploring site sections.,C,1,High complexity due to potential depth of navigation and accessibility requirements.,https://www.abbvie.com/who-we-are/operating-with-integrity/transparency-in-payment/frequently-asked-questions-physician-and-other-payments.html,primary_navigation,Main navigation,No matches found in the AEM catalog for this block.
Responsible Supply Chain | AbbVie,Global Utility Strip,"Provides quick access to contact, subscription, and group site links.",S,1,Simple navigation links with no advanced functionality.,https://www.abbvie.com/who-we-are/operating-with-integrity/responsible-supply-chain.html,global_utility_strip,Utility strip,No direct match found in catalog.
Responsible Supply Chain | AbbVie,Primary Navigation,Main site navigation including links to key sections and dropdown menus.,M,1,Dropdowns and multi-level navigation increase implementation complexity.,https://www.abbvie.com/who-we-are/operating-with-integrity/responsible-supply-chain.html,primary_navigation,Main navigation,No direct match found in catalog.
Responsible Supply Chain | AbbVie,Hero Section,Prominent introductory section with a large image and headline.,M,1,Requires responsive design and image handling.,https://www.abbvie.com/who-we-are/operating-with-integrity/responsible-supply-chain.html,hero_section,Hero banner,No direct match found in catalog.
Responsible Supply Chain | AbbVie,Data Highlight Card,Displays key data points and recognitions in a card format.,S,1,Static content with visual styling.,https://www.abbvie.com/who-we-are/operating-with-integrity/responsible-supply-chain.html,data_highlight_card,Data card,No direct match found in catalog.
Responsible Supply Chain | AbbVie,Back to Top Button,Provides a button to scroll back to the top of the page.,S,1,Simple functionality with minimal interactivity.,https://www.abbvie.com/who-we-are/operating-with-integrity/responsible-supply-chain.html,back_to_top_button,Scroll utility,No direct match found in catalog.
Breaking the rules of science to treat cancer | AbbVie,Global Utility Strip,"Provides quick access to contact information, subscription options, and links to group sites.",S,1,Limited interactivity and static links.,https://www.abbvie.com/who-we-are/our-stories/breaking-the-rules-of-science-to-treat-cancer.html,global_utility_strip,Utility strip,No exact match found in catalog.
Breaking the rules of science to treat cancer | AbbVie,Primary Navigation,"Main navigation menu for the site, including dropdowns for different sections.",M,1,Dropdown functionality and potential deep navigation.,https://www.abbvie.com/who-we-are/our-stories/breaking-the-rules-of-science-to-treat-cancer.html,primary_navigation,Main navigation,No exact match found in catalog.
Breaking the rules of science to treat cancer | AbbVie,Hero Section,Features the main image and headline for the page's primary story.,M,1,Visual and content alignment complexity.,https://www.abbvie.com/who-we-are/our-stories/breaking-the-rules-of-science-to-treat-cancer.html,hero_section,Hero,No exact match found in catalog.
Breaking the rules of science to treat cancer | AbbVie,Main Content Area,"Contains the primary content of the page, including text and multimedia.",C,1,Potential for multimedia and dynamic content.,https://www.abbvie.com/who-we-are/our-stories/breaking-the-rules-of-science-to-treat-cancer.html,main_content,Content container,No exact match found in catalog.
Impact through Inclusion | AbbVie,Global Navigation,Primary navigation menu for site sections.,M,1,Includes accessibility features and multiple navigation levels.,https://www.abbvie.com/who-we-are/our-principles/equity-equality-inclusion-diversity/impact-through-inclusion.html,global_navigation,Primary navigation,No exact match in catalog; consider custom implementation.
Impact through Inclusion | AbbVie,Hero Section,Showcases a prominent hero image and introductory text.,M,1,Requires styling and scripting for impactful visual presentation.,https://www.abbvie.com/who-we-are/our-principles/equity-equality-inclusion-diversity/impact-through-inclusion.html,hero_section,Hero image and text,Mapped to 'Hero' block from catalog.
Impact through Inclusion | AbbVie,Main Content Area,Displays primary page content including text and images.,M,1,Handles diverse content types and layout configurations.,https://www.abbvie.com/who-we-are/our-principles/equity-equality-inclusion-diversity/impact-through-inclusion.html,main_content,Text and image content,No exact match in catalog; consider custom implementation.
Impact through Inclusion | AbbVie,Footer Section,Provides site-wide footer information and navigation links.,M,1,Includes accessibility and styling for consistent appearance.,https://www.abbvie.com/who-we-are/our-principles/equity-equality-inclusion-diversity/impact-through-inclusion.html,footer,Footer navigation and information,Mapped to 'Footer' block from catalog.
Operating with Integrity | AbbVie,Global Utility Strip,"Contains links for contact, subscription, and group sites.",M,1,Model output omitted this blockId after catalog review. Mapped as Unmapped; re-run mapping or fix agent output.,https://www.abbvie.com/who-we-are/operating-with-integrity.html,global_utility_strip,default,templateIds: tpl_55
Operating with Integrity | AbbVie,Primary Navigation,Main navigation bar with links to key sections of the site.,M,1,Model output omitted this blockId after catalog review. Mapped as Unmapped; re-run mapping or fix agent output.,https://www.abbvie.com/who-we-are/operating-with-integrity.html,primary_navigation,default,templateIds: tpl_55
Operating with Integrity | AbbVie,Hero Section,Prominent hero image with a large heading and introductory text.,M,1,Model output omitted this blockId after catalog review. Mapped as Unmapped; re-run mapping or fix agent output.,https://www.abbvie.com/who-we-are/operating-with-integrity.html,hero_section,default,templateIds: tpl_55
Operating with Integrity | AbbVie,Content Introduction,Introductory text and links for the 'Who We Are' section.,M,1,Model output omitted this blockId after catalog review. Mapped as Unmapped; re-run mapping or fix agent output.,https://www.abbvie.com/who-we-are/operating-with-integrity.html,content_intro,default,templateIds: tpl_55
Operating with Integrity | AbbVie,Highlighted Card Grid,Grid of cards highlighting key stories and metrics.,M,1,Model output omitted this blockId after catalog review. Mapped as Unmapped; re-run mapping or fix agent output.,https://www.abbvie.com/who-we-are/operating-with-integrity.html,card_grid_highlight,default,templateIds: tpl_55
Operating with Integrity | AbbVie,Back to Top Button,Button to quickly scroll back to the top of the page.,M,1,Model output omitted this blockId after catalog review. Mapped as Unmapped; re-run mapping or fix agent output.,https://www.abbvie.com/who-we-are/operating-with-integrity.html,back_to_top,default,templateIds: tpl_55
Site Map | AbbVie,Utility Bar,"Provides quick access to contact, subscription, and group site links.",S,1,Simple navigation bar with limited functionality.,https://www.abbvie.com/site-map.html,global_utility_strip,Utility strip,No matching catalog entry found.
Site Map | AbbVie,Main Navigation,"Main navigation for the website, including dropdown menus and links to major sections.",M,1,Complexity arises from dropdown menus and hierarchical links.,https://www.abbvie.com/site-map.html,primary_navigation,Main navigation,No matching catalog entry found.
Site Map | AbbVie,Site Map,Displays the hierarchical structure of the website with links to all sections.,M,1,Requires structured hierarchical data representation.,https://www.abbvie.com/site-map.html,site_map_listing,Site map listing,No matching catalog entry found.
Site Map | AbbVie,Footer Section,"Contains additional navigation, legal links, and contact information.",S,1,Standard footer implementation with basic styling.,https://www.abbvie.com/site-map.html,footer,Footer,Matched to catalog entry with styling and JavaScript assets.
Transparency in Payments | AbbVie,Global Utility Strip,"Provides quick access to contact, subscription, and group site links.",S,1,Simple utility navigation with minimal interactivity.,https://www.abbvie.com/who-we-are/operating-with-integrity/transparency-in-payment.html,global_utility_strip,Utility strip,No exact match found in AEM catalog.
Transparency in Payments | AbbVie,Primary Navigation,Main site navigation with dropdown menus for various sections.,M,1,Interactive dropdown menus requiring accessibility and responsive design.,https://www.abbvie.com/who-we-are/operating-with-integrity/transparency-in-payment.html,primary_navigation,Main navigation,No exact match found in AEM catalog.
Transparency in Payments | AbbVie,Content Columns,Structured columns presenting key information and links.,M,1,Requires responsive layout handling and potential dynamic content.,https://www.abbvie.com/who-we-are/operating-with-integrity/transparency-in-payment.html,content_columns,Content layout,Mapped to 'Columns' in AEM catalog.
Transparency in Payments | AbbVie,Footer,Footer section containing additional navigation and site information.,S,1,Static footer with basic styling and links.,https://www.abbvie.com/who-we-are/operating-with-integrity/transparency-in-payment.html,footer,Footer,Mapped to 'Footer' in AEM catalog.
Our Stories | AbbVie,Global Navigation,Primary navigation bar providing links to main site sections.,M,1,Includes accessibility considerations and potential multi-level navigation.,https://www.abbvie.com/who-we-are/our-stories.html,global_navigation,Main navigation,No matching catalog entry found.
Our Stories | AbbVie,Hero Section,Prominent section to showcase key messages or visuals.,M,1,Requires styling and scripting for visual impact and responsiveness.,https://www.abbvie.com/who-we-are/our-stories.html,hero_section,Hero banner,Mapped successfully to 'Hero' block.
Our Stories | AbbVie,Content Cards,Grid layout displaying stories or highlights in card format.,M,1,Involves responsive layout and interactive design.,https://www.abbvie.com/who-we-are/our-stories.html,main_content_cards,Grid of cards,Mapped successfully to 'Cards' block.
Policies &amp; Disclosures | AbbVie,Global Utility Strip,Provides quick access links for global utilities.,S,1,Straightforward implementation with minimal interactivity.,https://www.abbvie.com/who-we-are/policies-disclosures.html,global_utility_strip,Utility strip,No matching block found in the AEM catalog.
Policies &amp; Disclosures | AbbVie,Primary Navigation,Serves as the main navigation structure for the website.,M,1,Includes branding and potential mega-navigation functionality.,https://www.abbvie.com/who-we-are/policies-disclosures.html,primary_navigation,Main navigation,No matching block found in the AEM catalog.
Products | AbbVie,Global Utility Strip,"Provides quick access to contact, subscription, and group site links.",S,1,Limited interaction scope and basic functionality.,https://www.abbvie.com/patients/products.html,global_utility_strip,Utility strip,No matching block found in the AEM catalog.
Products | AbbVie,Primary Navigation,Main site navigation with dropdown menus for sections like 'Who We Are' and 'Science'.,M,1,Moderate complexity due to dropdown menus and hierarchical navigation.,https://www.abbvie.com/patients/products.html,primary_navigation,Main navigation,No matching block found in the AEM catalog.
Day in the Life: Meet an engineer fostering diversity and inclusion within manufacturing | AbbVie,Global Utility Strip,"Provides global-level links and utilities like contact, subscribe, and group sites.",S,1,Minimal interactivity and static links make this component straightforward.,https://www.abbvie.com/who-we-are/our-stories/day-in-life-meet-engineer-promoting-diversity-within-manufacturing.html,global_utility_strip,Utility Strip,The block was not matched to any specific catalog entry.
Day in the Life: Meet an engineer fostering diversity and inclusion within manufacturing | AbbVie,Primary Navigation,"Serves as the main site navigation, including dropdowns for key sections.",M,1,Dropdown menus and navigation hierarchy increase implementation complexity.,https://www.abbvie.com/who-we-are/our-stories/day-in-life-meet-engineer-promoting-diversity-within-manufacturing.html,primary_navigation,Main Navigation,The block was not matched to any specific catalog entry.
Stronger together: A convergence of minds and data | AbbVie,Global Navigation,Facilitates primary website navigation.,M,1,Includes accessibility considerations and multi-level navigation.,https://www.abbvie.com/who-we-are/our-stories/stronger-together-convergence-minds-and-data.html,global_navigation,Main navigation,Could benefit from alignment with catalog entries for navigation components.
Stronger together: A convergence of minds and data | AbbVie,Hero Section,Displays the main hero image and introductory text.,M,1,Requires responsive design and image optimization.,https://www.abbvie.com/who-we-are/our-stories/stronger-together-convergence-minds-and-data.html,hero_section,Hero layout,Mapped to the 'Hero' catalog entry.
Stronger together: A convergence of minds and data | AbbVie,Footer,Provides site-wide footer links and information.,M,1,Includes dynamic link management and styling.,https://www.abbvie.com/who-we-are/our-stories/stronger-together-convergence-minds-and-data.html,footer,Footer layout,Mapped to the 'Footer' catalog entry.
Day in the Life: Creating impact with nonprofit partners | AbbVie,Global Navigation,Provides the primary navigation bar including links and logo.,M,1,Includes accessibility considerations and multi-level navigation.,https://www.abbvie.com/who-we-are/our-stories/day-in-the-life-creating-impact-with-nonprofit-partners.html,global_navigation,Primary navigation,No exact match found in the AEM blocks catalog.
Day in the Life: Creating impact with nonprofit partners | AbbVie,Hero Section,Displays a prominent visual and headline to engage users.,S,1,Simple static content with image and text.,https://www.abbvie.com/who-we-are/our-stories/day-in-the-life-creating-impact-with-nonprofit-partners.html,hero_section,Prominent visual header,Matched to the 'Hero' block in the AEM catalog.
Day in the Life: Creating impact with nonprofit partners | AbbVie,Main Content,Contains the main informational content of the page.,M,1,Includes dynamic content and layout considerations.,https://www.abbvie.com/who-we-are/our-stories/day-in-the-life-creating-impact-with-nonprofit-partners.html,main_content,Content area,No exact match found in the AEM blocks catalog.
Magnified featuring Darin Messina | AbbVie,Global Utility Strip,"Provides quick access to contact information, subscription options, and links to group sites.",S,1,Simple toolbar with links and icons.,https://www.abbvie.com/who-we-are/our-stories/magnified-featuring-darin-messina.html,global_utility_strip,Utility strip,"No exact match in catalog, basic functionality."
Magnified featuring Darin Messina | AbbVie,Primary Navigation,Main navigation bar allowing users to explore site sections.,M,1,Includes hierarchical navigation and potential dropdowns.,https://www.abbvie.com/who-we-are/our-stories/magnified-featuring-darin-messina.html,primary_navigation,Main navigation,"No exact match in catalog, moderate complexity."
Magnified featuring Darin Messina | AbbVie,Footer Links,Provides additional navigation and resources at the bottom of the page.,M,1,Footer with potential dynamic content and styling.,https://www.abbvie.com/who-we-are/our-stories/magnified-featuring-darin-messina.html,footer_links,Footer links,"Mapped to catalog 'Footer' block, supports styling and script integration."
ChemBeads: improving artificial intelligence through human ingenuity | AbbVie,Global Utility Strip,"Provides quick access to contact, subscription, and group site links.",S,1,Simple utility strip with basic functionality.,https://www.abbvie.com/who-we-are/our-stories/chembeads-improving-artificial-intelligence-through-human-ingenuity.html,global_utility_strip,Utility strip,No exact match in AEM catalog.
ChemBeads: improving artificial intelligence through human ingenuity | AbbVie,Primary Navigation,Main navigation bar with links to primary site sections.,C,1,Primary navigation often involves deep links and accessibility considerations.,https://www.abbvie.com/who-we-are/our-stories/chembeads-improving-artificial-intelligence-through-human-ingenuity.html,primary_navigation,Main navigation,No exact match in AEM catalog.
ChemBeads: improving artificial intelligence through human ingenuity | AbbVie,Hero Section,Prominent section featuring a large image and heading to introduce the page content.,M,1,Hero sections often require responsive design and accessibility compliance.,https://www.abbvie.com/who-we-are/our-stories/chembeads-improving-artificial-intelligence-through-human-ingenuity.html,hero_section,Hero banner,Matched to the 'Hero' block in AEM catalog.
ChemBeads: improving artificial intelligence through human ingenuity | AbbVie,Content Teasers,Displays a grid of teaser cards for featured stories or articles.,M,1,Teasers involve multiple cards with links and images requiring responsive design.,https://www.abbvie.com/who-we-are/our-stories/chembeads-improving-artificial-intelligence-through-human-ingenuity.html,content_teasers,Teaser grid,No exact match in AEM catalog.
ChemBeads: improving artificial intelligence through human ingenuity | AbbVie,Dashboard Cards,Highlights key statistics or facts in a card layout.,M,1,Cards layouts often require dynamic data binding and styling.,https://www.abbvie.com/who-we-are/our-stories/chembeads-improving-artificial-intelligence-through-human-ingenuity.html,dashboard_cards,Card display,Matched to the 'Cards' block in AEM catalog.
A history of discovery: Why we focus on challenging eye care diseases | AbbVie,Global Utility Strip,"Provides quick access to contact, subscription, and group site links.",S,1,Simple navigation element with limited interactivity.,https://www.abbvie.com/who-we-are/our-stories/a-history-discovery-why-we-focus-on-eye-cares-toughest-diseases.html,global_utility_strip,Utility strip,No direct match found in the catalog.
A history of discovery: Why we focus on challenging eye care diseases | AbbVie,Primary Navigation,Main site navigation with dropdowns for different sections.,M,1,Includes dropdowns and potential deep navigation.,https://www.abbvie.com/who-we-are/our-stories/a-history-discovery-why-we-focus-on-eye-cares-toughest-diseases.html,primary_navigation,Main navigation,No direct match found in the catalog.
A history of discovery: Why we focus on challenging eye care diseases | AbbVie,Hero Section,Highlights the main story or focus of the page with a large image and heading.,M,1,Prominent visual element requiring responsive design.,https://www.abbvie.com/who-we-are/our-stories/a-history-discovery-why-we-focus-on-eye-cares-toughest-diseases.html,hero_section,Hero display,Matched to 'Hero' in the catalog.
A history of discovery: Why we focus on challenging eye care diseases | AbbVie,Main Content,"Contains the primary content of the page, including text, images, and links.",M,1,Primary content area with potential for varied layouts.,https://www.abbvie.com/who-we-are/our-stories/a-history-discovery-why-we-focus-on-eye-cares-toughest-diseases.html,main_content,Content display,No direct match found in the catalog.
Starting with a spark: An inside look at environmental sustainability | AbbVie,Global Header,Displays the primary navigation and branding elements of the site.,M,1,Incorporates branding and navigation components with accessibility considerations.,https://www.abbvie.com/who-we-are/our-stories/starting-with-a-spark-an-inside-look-at-environmental-sustainability.html,global_header,Main navigation,Requires integration with site-wide navigation structure.
Starting with a spark: An inside look at environmental sustainability | AbbVie,Hero Section,Highlights the main theme or story of the page with a large image and heading.,M,1,Includes visual emphasis and dynamic content adjustments.,https://www.abbvie.com/who-we-are/our-stories/starting-with-a-spark-an-inside-look-at-environmental-sustainability.html,hero_section,Hero banner,Ensures responsive design and visual hierarchy.
Starting with a spark: An inside look at environmental sustainability | AbbVie,Main Navigation,Provides access to primary site sections through a structured menu.,C,1,Deep navigation structure with accessibility and responsive design.,https://www.abbvie.com/who-we-are/our-stories/starting-with-a-spark-an-inside-look-at-environmental-sustainability.html,main_navigation,Primary navigation,May require complex menu interactions and state management.
Starting with a spark: An inside look at environmental sustainability | AbbVie,Story Highlight,"Showcases a specific story or article with an image, title, and brief description.",M,1,Card-based layout with dynamic content.,https://www.abbvie.com/who-we-are/our-stories/starting-with-a-spark-an-inside-look-at-environmental-sustainability.html,story_highlight,Featured story card,Ensures alignment and visual consistency across cards.
Starting with a spark: An inside look at environmental sustainability | AbbVie,Fact Highlight,Displays a key fact or statistic in a visually engaging format.,S,1,Simple card layout with static content.,https://www.abbvie.com/who-we-are/our-stories/starting-with-a-spark-an-inside-look-at-environmental-sustainability.html,fact_highlight,Fact card,Focus on visual emphasis and concise information delivery.
They won’t back down | AbbVie,Global Utility Strip,"Provides quick access to contact information, subscription options, and links to group sites.",M,1,Includes navigation and contact elements requiring accessibility compliance.,https://www.abbvie.com/who-we-are/our-stories/they-wont-back-down.html,global_utility_strip,Utility strip,No direct match in catalog.
They won’t back down | AbbVie,Primary Navigation,Main site navigation with dropdown menus for exploring sections.,C,1,Complex navigation structure with dropdowns and potential dynamic content.,https://www.abbvie.com/who-we-are/our-stories/they-wont-back-down.html,primary_navigation,Main navigation,No direct match in catalog.
They won’t back down | AbbVie,Hero Section,Highlights the main story with a large image and title.,M,1,Includes dynamic media and text overlay requiring responsive design.,https://www.abbvie.com/who-we-are/our-stories/they-wont-back-down.html,hero_section,Hero,No direct match in catalog.
They won’t back down | AbbVie,Story Cards,Displays featured stories in a card layout with images and descriptions.,M,1,Card layout with images and descriptions requiring responsive design.,https://www.abbvie.com/who-we-are/our-stories/they-wont-back-down.html,story_cards,Card layout,No direct match in catalog.
They won’t back down | AbbVie,Dashboard Facts,Showcases key statistics and achievements in a visually engaging format.,M,1,Visual representation of data requiring styling and dynamic updates.,https://www.abbvie.com/who-we-are/our-stories/they-wont-back-down.html,dashboard_facts,Statistics display,No direct match in catalog.
They won’t back down | AbbVie,Back to Top Button,Allows users to quickly navigate back to the top of the page.,S,1,Simple button functionality with minimal styling.,https://www.abbvie.com/who-we-are/our-stories/they-wont-back-down.html,back_to_top,Navigation utility,No direct match in catalog.
"Green chemistry: cleaner, faster chemical reactions | AbbVie",Utility Strip,"Provides quick access to contact, subscription, and group site links.",S,1,Simple hyperlink-based navigation with minimal interactivity.,https://www.abbvie.com/who-we-are/our-stories/green-chemistry-cleaner-faster-chemical-reactions.html,global_utility_strip,Utility strip,No direct match found in AEM catalog.
"Green chemistry: cleaner, faster chemical reactions | AbbVie",Primary Navigation,Main site navigation including mega-menu for exploring sections.,C,1,Complex navigation structure with potential deep menu hierarchy and accessibility considerations.,https://www.abbvie.com/who-we-are/our-stories/green-chemistry-cleaner-faster-chemical-reactions.html,primary_navigation,Main navigation,No direct match found in AEM catalog.
Make the complicated simple: Inside the world of Human Factors Engineers | AbbVie,Utility Links,"Provides quick access to contact, subscribe, and group site links.",S,1,Simple navigation links without nested interactions.,https://www.abbvie.com/who-we-are/our-stories/make-complicated-simple-inside-world-human-factors-engineers.html,global_utility_strip,Utility strip,No direct match from catalog; generic utility functionality.
Make the complicated simple: Inside the world of Human Factors Engineers | AbbVie,Site Navigation,Main navigation for site structure and branding.,M,1,Potential for mega-navigation requiring more complex accessibility and styling.,https://www.abbvie.com/who-we-are/our-stories/make-complicated-simple-inside-world-human-factors-engineers.html,primary_navigation,Main navigation,No direct match from catalog; navigation functionality inferred.
Make the complicated simple: Inside the world of Human Factors Engineers | AbbVie,Content Area,Displays primary content including the main story.,S,1,Static content presentation without interactive features.,https://www.abbvie.com/who-we-are/our-stories/make-complicated-simple-inside-world-human-factors-engineers.html,main_content,Main content,No direct match from catalog; static content inferred.
Make the complicated simple: Inside the world of Human Factors Engineers | AbbVie,Scroll Button,Facilitates quick navigation back to the top of the page.,S,1,Simple button functionality with minimal interaction.,https://www.abbvie.com/who-we-are/our-stories/make-complicated-simple-inside-world-human-factors-engineers.html,back_to_top,Navigation utility,No direct match from catalog; navigation utility inferred.
Real-world data rounds out value picture of drugs | AbbVie,Global Utility Strip,"Provides quick access to contact, subscription, and group site links.",S,1,Simple utility links without complex interactivity.,https://www.abbvie.com/who-we-are/our-stories/real-world-data-rounds-out-value-picture-drugs.html,global_utility_strip,Utility strip,Could benefit from accessibility review for keyboard navigation.
Real-world data rounds out value picture of drugs | AbbVie,Primary Navigation,Main navigation menu with dropdowns for site sections.,M,1,Includes dropdown functionality and potential deep links.,https://www.abbvie.com/who-we-are/our-stories/real-world-data-rounds-out-value-picture-drugs.html,primary_navigation,Main navigation,Ensure compatibility with assistive technologies.
Real-world data rounds out value picture of drugs | AbbVie,Hero Section,Prominent image and heading introducing the main topic of the page.,M,1,Requires styling and image optimization for responsiveness.,https://www.abbvie.com/who-we-are/our-stories/real-world-data-rounds-out-value-picture-drugs.html,hero_section,Hero section,Mapped to the Hero block in AEM.
Real-world data rounds out value picture of drugs | AbbVie,Main Content Area,"Contains the primary content of the page, including articles and stories.",S,1,Static content without dynamic interactivity.,https://www.abbvie.com/who-we-are/our-stories/real-world-data-rounds-out-value-picture-drugs.html,main_content,Content area,Consider modularizing for reuse across pages.
Living with the unknowns of Alzheimer’s disease | AbbVie,Global Navigation,"Provides access to the primary sections of the site, including dropdown menus for navigation.",M,1,Primary navigation with dropdown menus often involves significant accessibility and user experience considerations.,https://www.abbvie.com/who-we-are/our-stories/living-with-unknowns-alzheimers-disease.html,global_navigation,Main navigation,No direct match found in the AEM blocks catalog.
Living with the unknowns of Alzheimer’s disease | AbbVie,Primary Content,"Contains the main content of the page, including text and media.",S,1,Static content with text and media is generally straightforward to implement.,https://www.abbvie.com/who-we-are/our-stories/living-with-unknowns-alzheimers-disease.html,primary_content,Content area,No direct match found in the AEM blocks catalog.
The power of love in IBD | AbbVie,Global Utility Strip,"Provides quick access to contact, subscription, and group sites.",S,1,Simple utility strip with minimal interactive elements.,https://www.abbvie.com/who-we-are/our-stories/the-power-love-in-ibd.html,global_utility_strip,Utility strip,No direct match found in the AEM Blocks Catalog.
The power of love in IBD | AbbVie,Primary Navigation,Contains the main site navigation and branding.,M,1,Moderate complexity due to navigational depth and branding integration.,https://www.abbvie.com/who-we-are/our-stories/the-power-love-in-ibd.html,primary_navigation,Main navigation,No direct match found in the AEM Blocks Catalog.
The power of love in IBD | AbbVie,Back to Top Button,Allows users to quickly return to the top of the page.,S,1,Simple interactive button with single functionality.,https://www.abbvie.com/who-we-are/our-stories/the-power-love-in-ibd.html,back_to_top,Utility button,No direct match found in the AEM Blocks Catalog.
Everyone’s talking about data science and analytics. Here’s how AbbVie approaches it. | AbbVie,Global Utility Strip,"Provides utility links for contact, subscription, and group sites.",S,1,Simple navigation links with no advanced functionality.,https://www.abbvie.com/who-we-are/our-stories/everyones-talking-about-data-science.html,global_utility_strip,Utility strip,No matching block found in the AEM catalog.
Everyone’s talking about data science and analytics. Here’s how AbbVie approaches it. | AbbVie,Primary Navigation,Main navigation bar including branding and mega-navigation.,M,1,Moderate complexity due to potential mega-navigation and branding integration.,https://www.abbvie.com/who-we-are/our-stories/everyones-talking-about-data-science.html,primary_navigation,Main navigation,No matching block found in the AEM catalog.
Everyone’s talking about data science and analytics. Here’s how AbbVie approaches it. | AbbVie,Footer,"Displays footer content including navigation, legal links, and contact information.",S,1,Basic footer with predefined styling and content loading.,https://www.abbvie.com/who-we-are/our-stories/everyones-talking-about-data-science.html,footer,Footer,Mapped to the 'Footer' block from the AEM catalog.
The math of migraine | AbbVie,Utility Strip,Provides top-level utility links for global navigation.,S,1,Minimal scope with basic links and accessibility.,https://www.abbvie.com/who-we-are/our-stories/the-math-of-migraine.html,header_utility_strip,Utility strip,No direct match found in the AEM catalog.
The math of migraine | AbbVie,Primary Navigation,Facilitates main site navigation and branding.,C,1,Includes deep navigation and potential mega-menu implementation.,https://www.abbvie.com/who-we-are/our-stories/the-math-of-migraine.html,header_primary_navigation,Main navigation,No direct match found in the AEM catalog.
The math of migraine | AbbVie,Site Search,Implements a search feature for content discovery.,M,1,Involves search functionality with potential JavaScript and CSS integration.,https://www.abbvie.com/who-we-are/our-stories/the-math-of-migraine.html,site_search,Search bar,Matched to 'Search' in the AEM catalog.
The math of migraine | AbbVie,Cookie Preferences,Handles user consent for cookie usage.,M,1,Includes user interaction and potential integration with CMP systems.,https://www.abbvie.com/who-we-are/our-stories/the-math-of-migraine.html,cookie_preferences_entry,Cookie preferences,No direct match found in the AEM catalog.
"Striving for patient centricity, down to the packaging | AbbVie",Global Utility Strip,"Provides quick access to contact, subscription, and group site links.",S,1,Limited functionality focusing on user accessibility for essential links.,https://www.abbvie.com/who-we-are/our-stories/striving-for-patient-centricity-down-to-the-packaging.html,global_utility_strip,Utility strip,No matching block found in AEM catalog.
"Striving for patient centricity, down to the packaging | AbbVie",Primary Navigation,Main site navigation including dropdown menus for sections.,M,1,Moderate complexity due to dropdown menus and navigation depth.,https://www.abbvie.com/who-we-are/our-stories/striving-for-patient-centricity-down-to-the-packaging.html,primary_navigation,Main navigation,No matching block found in AEM catalog.
Unlocking the next level of protein degradation | AbbVie,Global Utility Strip,Provides utility links for user navigation and actions.,S,1,Simple layout with basic links and functionality.,https://www.abbvie.com/who-we-are/our-stories/unlocking-the-next-level-of-protein-degradation.html,global_utility_strip,Utility strip,No matching block in the AEM catalog.
Unlocking the next level of protein degradation | AbbVie,Primary Navigation,"Main navigation menu for the site, including dropdowns and links to sections.",M,1,Moderate complexity due to dropdown functionality and accessibility requirements.,https://www.abbvie.com/who-we-are/our-stories/unlocking-the-next-level-of-protein-degradation.html,primary_navigation,Main navigation,No matching block in the AEM catalog.
Day in the Life: Meet a Director Clearing the Path for Patient Access | AbbVie,Global Utility Strip,"Provides quick access to contact, subscription, and group site links.",S,1,Simple utility component with minimal interactivity.,https://www.abbvie.com/who-we-are/our-stories/day-in-life-meet-director-clearing-path-for-patient-access.html,global_utility_strip,Utility strip,No match found in the AEM catalog.
Day in the Life: Meet a Director Clearing the Path for Patient Access | AbbVie,Primary Navigation,Main navigation menu with links to site sections.,M,1,Navigation with potentially deeper hierarchical structure.,https://www.abbvie.com/who-we-are/our-stories/day-in-life-meet-director-clearing-path-for-patient-access.html,primary_navigation,Main navigation,No match found in the AEM catalog.
Day in the Life: Meet a Director Clearing the Path for Patient Access | AbbVie,Hero Section,Displays a prominent hero image and introductory content for the page.,M,1,Visual and interactive focus area requiring responsiveness and accessibility compliance.,https://www.abbvie.com/who-we-are/our-stories/day-in-life-meet-director-clearing-path-for-patient-access.html,hero_section,Hero image and content,Matched to the AEM catalog entry for Hero block.
The hardest-hit: How nonprofits rise to the challenge of COVID-19 | AbbVie,Utility Strip,"Provides quick access to contact, subscription, and other utility links.",S,1,Simple structure with links and minimal interactivity.,https://www.abbvie.com/who-we-are/our-stories/the-hardest-hit-how-nonprofits-rise-to-challenge-covid-19.html,global_utility_strip,Utility strip,No direct match found in AEM catalog.
The hardest-hit: How nonprofits rise to the challenge of COVID-19 | AbbVie,Primary Navigation,Main site navigation with dropdown menus for exploring sections.,C,1,Complex navigation structure with dropdown menus.,https://www.abbvie.com/who-we-are/our-stories/the-hardest-hit-how-nonprofits-rise-to-challenge-covid-19.html,primary_navigation,Main navigation,No direct match found in AEM catalog.
The hardest-hit: How nonprofits rise to the challenge of COVID-19 | AbbVie,Multi-Column CTAs,Displays call-to-action elements in a multi-column layout.,M,1,Moderate complexity due to layout responsiveness.,https://www.abbvie.com/who-we-are/our-stories/the-hardest-hit-how-nonprofits-rise-to-challenge-covid-19.html,multi_column_cta,Subscribe,No direct match found in AEM catalog.
The hardest-hit: How nonprofits rise to the challenge of COVID-19 | AbbVie,Card Grid,Grid of cards showcasing related articles or highlights.,M,1,Moderate complexity due to responsive grid layout.,https://www.abbvie.com/who-we-are/our-stories/the-hardest-hit-how-nonprofits-rise-to-challenge-covid-19.html,card_grid,Related articles,Matched to 'Cards' block in AEM catalog.
How uterine fibroids feel to a patient…who’s also a doctor | AbbVie,Global Utility Strip,"Provides quick access to contact, subscription, and group site links.",S,1,Simple utility navigation with minimal interactions.,https://www.abbvie.com/who-we-are/our-stories/how-uterine-fibroids-feel-to-patient-who-is-also-doctor.html,global_utility_strip,Utility strip,No exact match found in the AEM catalog.
How uterine fibroids feel to a patient…who’s also a doctor | AbbVie,Primary Navigation,Main navigation system with dropdown menus for exploring site sections.,M,1,Involves dropdown menus and hierarchical navigation.,https://www.abbvie.com/who-we-are/our-stories/how-uterine-fibroids-feel-to-patient-who-is-also-doctor.html,primary_navigation,Main navigation,No exact match found in the AEM catalog.
How uterine fibroids feel to a patient…who’s also a doctor | AbbVie,Hero Section,Prominent section featuring a large image and headline introducing the page.,S,1,Simple static content with styling.,https://www.abbvie.com/who-we-are/our-stories/how-uterine-fibroids-feel-to-patient-who-is-also-doctor.html,hero_section,Hero,Matched to catalog entry 'Hero'.
How uterine fibroids feel to a patient…who’s also a doctor | AbbVie,Content Grid,Displays key information and links in a structured grid format.,M,1,Requires layout adjustments and responsive design.,https://www.abbvie.com/who-we-are/our-stories/how-uterine-fibroids-feel-to-patient-who-is-also-doctor.html,content_grid,Grid layout,No exact match found in the AEM catalog.
Magnified featuring Linda Scarazzini | AbbVie,Global Header,Provides branding and navigation elements.,M,1,Navigation components often require accessibility and branding integration.,https://www.abbvie.com/who-we-are/our-stories/magnified-featuring-linda-scarazzini.html,global_header,Utility strip and branding,Ensure compliance with accessibility standards.
Magnified featuring Linda Scarazzini | AbbVie,Hero Section,Displays a prominent image and title to introduce the page.,M,1,Hero sections often involve responsive design and visual hierarchy.,https://www.abbvie.com/who-we-are/our-stories/magnified-featuring-linda-scarazzini.html,hero_section,Main hero,May include animation or dynamic content.
Magnified featuring Linda Scarazzini | AbbVie,Primary Navigation,Facilitates site-wide navigation.,C,1,Deep navigation structures require robust accessibility and usability considerations.,https://www.abbvie.com/who-we-are/our-stories/magnified-featuring-linda-scarazzini.html,primary_navigation,Main navigation,Test for usability across devices.
Magnified featuring Linda Scarazzini | AbbVie,Content Introduction,Provides introductory context for the page content.,S,1,Simple text and links implementation.,https://www.abbvie.com/who-we-are/our-stories/magnified-featuring-linda-scarazzini.html,content_intro,Text introduction,Ensure clarity and relevance of content.
Magnified featuring Linda Scarazzini | AbbVie,Call-to-Action Button,Encourages users to explore further content or actions.,S,1,Basic button functionality.,https://www.abbvie.com/who-we-are/our-stories/magnified-featuring-linda-scarazzini.html,cta_button,Explore more,Style and placement are crucial for effectiveness.
Magnified featuring Linda Scarazzini | AbbVie,Card Grid,Displays a grid of cards with images and text.,M,1,Grid layouts require responsive design and dynamic content handling.,https://www.abbvie.com/who-we-are/our-stories/magnified-featuring-linda-scarazzini.html,card_grid,Image-text grid,Optimize for mobile and desktop views.
Magnified featuring Linda Scarazzini | AbbVie,Back to Top Button,Allows users to quickly return to the top of the page.,S,1,Simple scroll functionality.,https://www.abbvie.com/who-we-are/our-stories/magnified-featuring-linda-scarazzini.html,back_to_top,Utility button,Ensure visibility and accessibility.
How AbbVie is bringing antiviral expertise to the COVID-19 battle | AbbVie,Global Utility Strip,"Contains contact, subscribe, and group site links for quick access.",M,1,Model output omitted this blockId after catalog review. Mapped as Unmapped; re-run mapping or fix agent output.,https://www.abbvie.com/who-we-are/our-stories/how-abbvie-is-bringing-antiviral-expertise-to-covid-19-battle.html,global_utility_strip,default,templateIds: tpl_82
How AbbVie is bringing antiviral expertise to the COVID-19 battle | AbbVie,Primary Navigation,The main navigation bar with dropdown menus for site sections.,M,1,Model output omitted this blockId after catalog review. Mapped as Unmapped; re-run mapping or fix agent output.,https://www.abbvie.com/who-we-are/our-stories/how-abbvie-is-bringing-antiviral-expertise-to-covid-19-battle.html,primary_navigation,default,templateIds: tpl_82
Precision Medicine – it’s not just for oncology anymore | AbbVie,Global Utility Strip,"Provides quick access to contact, subscription, and group site links.",M,1,Moderate complexity due to interactive elements and potential integrations.,https://www.abbvie.com/who-we-are/our-stories/precision-medicine-its-not-just-for-oncology-anymore.html,global_utility_strip,Utility strip,Could not find an exact match in the AEM catalog.
Precision Medicine – it’s not just for oncology anymore | AbbVie,Primary Navigation,Main navigation bar with branding and mega-menu.,C,1,High complexity due to the mega-menu and branding integration.,https://www.abbvie.com/who-we-are/our-stories/precision-medicine-its-not-just-for-oncology-anymore.html,primary_navigation,Main navigation,Could not find an exact match in the AEM catalog.
Precision Medicine – it’s not just for oncology anymore | AbbVie,Hero Section,Highlights the main story or focus of the page with a large image and heading.,M,1,Moderate complexity due to large visuals and dynamic content.,https://www.abbvie.com/who-we-are/our-stories/precision-medicine-its-not-just-for-oncology-anymore.html,hero_section,Hero banner,Mapped to 'Hero' in the AEM catalog.
Precision Medicine – it’s not just for oncology anymore | AbbVie,Call-to-Action Columns,Displays multiple call-to-action items in a column layout.,M,1,Moderate complexity due to potential dynamic content.,https://www.abbvie.com/who-we-are/our-stories/precision-medicine-its-not-just-for-oncology-anymore.html,cta_columns,Call-to-action layout,Could not find an exact match in the AEM catalog.
Precision Medicine – it’s not just for oncology anymore | AbbVie,Card Grid,"Presents content in a card format, such as news or highlights.",M,1,Moderate complexity due to grid layout and content formatting.,https://www.abbvie.com/who-we-are/our-stories/precision-medicine-its-not-just-for-oncology-anymore.html,card_grid,Card layout,Mapped to 'Cards' in the AEM catalog.
Chasing the value of a walk down the aisle | AbbVie,Primary Header,Displays the main navigation and branding elements.,M,1,Includes dynamic navigation and branding integration.,https://www.abbvie.com/who-we-are/our-stories/chasing-the-value-of-a-walk-down-the-aisle.html,primary_header,Main navigation,Mapped to Header block from catalog.
Chasing the value of a walk down the aisle | AbbVie,Main Navigation,Provides access to different sections of the site.,M,1,Complexity due to multi-level navigation and accessibility requirements.,https://www.abbvie.com/who-we-are/our-stories/chasing-the-value-of-a-walk-down-the-aisle.html,main_navigation,Site-wide navigation,No matching block found in catalog.
Chasing the value of a walk down the aisle | AbbVie,Content Cards,Displays featured stories or articles in a card format.,M,1,Requires grid layout and responsive design.,https://www.abbvie.com/who-we-are/our-stories/chasing-the-value-of-a-walk-down-the-aisle.html,content_cards,Article cards,Mapped to Cards block from catalog.
Chasing the value of a walk down the aisle | AbbVie,Data Highlights,Showcases key statistics or achievements.,M,1,Needs integration with data visualization tools.,https://www.abbvie.com/who-we-are/our-stories/chasing-the-value-of-a-walk-down-the-aisle.html,data_highlights,Dashboard highlights,No matching block found in catalog.
The blueprint of you: Unlocking the potential of whole genome sequencing | AbbVie,Global Utility Strip,"Provides quick access to contact, subscription, and group site links.",S,1,Simple navigation links without deep interactions.,https://www.abbvie.com/who-we-are/our-stories/the-blueprint-of-you-unlocking-potential-whole-genome-sequencing.html,global_utility_strip,Utility strip,No direct match in AEM catalog.
The blueprint of you: Unlocking the potential of whole genome sequencing | AbbVie,Primary Navigation,Main site navigation with branding and mega-navigation links.,M,1,Includes branding and potentially interactive mega-navigation.,https://www.abbvie.com/who-we-are/our-stories/the-blueprint-of-you-unlocking-potential-whole-genome-sequencing.html,primary_navigation,Main navigation,No direct match in AEM catalog.
Shining a light on glaucoma and eye health | AbbVie,Global Utility Strip,"Provides quick access to contact, subscription, and group sites links.",S,1,Basic header utility links with no dynamic elements.,https://www.abbvie.com/who-we-are/our-stories/shining-light-on-glaucoma-and-eye-health.html,global_utility_strip,Utility strip,Ensure accessibility compliance for all links.
Shining a light on glaucoma and eye health | AbbVie,Primary Navigation,Contains the main navigation menu for the site.,C,1,Deep navigation structure with potential dropdowns and accessibility requirements.,https://www.abbvie.com/who-we-are/our-stories/shining-light-on-glaucoma-and-eye-health.html,primary_navigation,Main navigation,Review for responsive behavior and keyboard navigation.
Shining a light on glaucoma and eye health | AbbVie,Back to Top Button,Provides a button to quickly navigate to the top of the page.,S,1,Simple button functionality with basic event handling.,https://www.abbvie.com/who-we-are/our-stories/shining-light-on-glaucoma-and-eye-health.html,back_to_top,Back to top,Verify smooth scrolling and visibility toggling.
"BTK protein: the good, the bad and the ugly | AbbVie",Global Utility Strip,"Provides quick access to contact, subscribe, and group site links.",S,1,Simple link aggregation with minimal styling.,https://www.abbvie.com/who-we-are/our-stories/btk-protein-good-bad-and-ugly.html,global_utility_strip,Utility strip,Not matched with a specific catalog entry.
"BTK protein: the good, the bad and the ugly | AbbVie",Primary Navigation,"Main navigation menu for the site, including dropdowns for sections.",M,1,Requires dropdown functionality and accessibility considerations.,https://www.abbvie.com/who-we-are/our-stories/btk-protein-good-bad-and-ugly.html,primary_navigation,Main navigation,Not matched with a specific catalog entry.
"BTK protein: the good, the bad and the ugly | AbbVie",Hero Section,Prominent section featuring a large image and main heading for the page.,M,1,Includes large visual elements and heading structure.,https://www.abbvie.com/who-we-are/our-stories/btk-protein-good-bad-and-ugly.html,hero_section,Hero image with text overlay,Matched with the 'Hero' block in the catalog.
"BTK protein: the good, the bad and the ugly | AbbVie",Footer,Footer section containing site links and additional navigation.,M,1,Involves styling and potential dynamic content loading.,https://www.abbvie.com/who-we-are/our-stories/btk-protein-good-bad-and-ugly.html,footer,Footer navigation,Matched with the 'Footer' block in the catalog.
Eye Care | AbbVie,Global Header,Implements the main navigation and branding elements at the top of the page.,M,1,"Includes navigation, branding, and potential dynamic fetching of content fragments.",https://www.abbvie.com/who-we-are/our-stories/eye-care-stories.html,global_header,Primary navigation,Ensure accessibility and responsiveness for navigation elements.
How medicinal chemists are creating new weapons against autoimmune diseases | AbbVie,Utility Strip,"Provides quick access to global utility links such as contact, subscribe, and language options.",S,1,Simple link-based navigation with minimal interactivity.,https://www.abbvie.com/who-we-are/our-stories/how-medicinal-chemists-are-creating-new-weapons-against-autoimmune-diseases.html,header_utility_strip,Utility strip,Could include additional accessibility features.
How medicinal chemists are creating new weapons against autoimmune diseases | AbbVie,Primary Navigation,Main site navigation including branding and primary IA.,M,1,Potential inclusion of mega-menu or responsive design considerations.,https://www.abbvie.com/who-we-are/our-stories/how-medicinal-chemists-are-creating-new-weapons-against-autoimmune-diseases.html,header_primary_navigation,Main navigation,Verify mobile compatibility and accessibility.
How medicinal chemists are creating new weapons against autoimmune diseases | AbbVie,Site Search,"Search functionality for the site, located in the header.",M,1,Search form with potential for advanced querying functionality.,https://www.abbvie.com/who-we-are/our-stories/how-medicinal-chemists-are-creating-new-weapons-against-autoimmune-diseases.html,site_search,Search form,Ensure search is accessible and supports various input methods.
How medicinal chemists are creating new weapons against autoimmune diseases | AbbVie,Cookie Preferences,Cookie banner or preference management entry point.,S,1,Basic functionality for compliance with cookie laws.,https://www.abbvie.com/who-we-are/our-stories/how-medicinal-chemists-are-creating-new-weapons-against-autoimmune-diseases.html,cookie_preferences_entry,Cookie preferences,May involve integration with third-party tools like OneTrust.
Then and now: A renaissance in blood cancer treatment | AbbVie,Global Utility Strip,"Provides quick access to contact information, subscription options, and links to group sites.",S,1,Simple utility strip with straightforward functionality.,https://www.abbvie.com/who-we-are/our-stories/then-and-now-renaissance-in-blood-cancer-treatment.html,global_utility_strip,Utility strip,No direct match found in catalog.
Then and now: A renaissance in blood cancer treatment | AbbVie,Primary Navigation,Main site navigation with dropdown menus for exploring sections.,M,1,Dropdown menus add moderate complexity.,https://www.abbvie.com/who-we-are/our-stories/then-and-now-renaissance-in-blood-cancer-treatment.html,primary_navigation,Main navigation,No direct match found in catalog.
Then and now: A renaissance in blood cancer treatment | AbbVie,Back to Top Button,Button allowing users to quickly return to the top of the page.,S,1,Single button functionality with minimal complexity.,https://www.abbvie.com/who-we-are/our-stories/then-and-now-renaissance-in-blood-cancer-treatment.html,back_to_top,Utility button,No direct match found in catalog.
The story behind our $50 billion R&amp;D investment | AbbVie,Global Header,Provides site-wide branding and primary navigation.,M,1,Includes interactive navigation elements and branding.,https://www.abbvie.com/who-we-are/our-stories/the-story-behind-our-50-billion-rd-investment.html,global_header,Main navigation,Important for site-wide accessibility and consistency.
The story behind our $50 billion R&amp;D investment | AbbVie,Hero Section,Highlights the main topic with visuals and key messaging.,M,1,Requires integration of images and text with responsive design.,https://www.abbvie.com/who-we-are/our-stories/the-story-behind-our-50-billion-rd-investment.html,hero_section,Hero banner,Prominent feature with high visual impact.
The story behind our $50 billion R&amp;D investment | AbbVie,Primary Navigation,Facilitates access to various site sections.,M,1,Complex dropdowns and navigation logic required.,https://www.abbvie.com/who-we-are/our-stories/the-story-behind-our-50-billion-rd-investment.html,primary_navigation,Dropdown navigation,Critical for user navigation and site structure.
The story behind our $50 billion R&amp;D investment | AbbVie,Content Introduction,Introduces the page content with text and links.,S,1,Simple text-based introduction with links.,https://www.abbvie.com/who-we-are/our-stories/the-story-behind-our-50-billion-rd-investment.html,content_intro,Text introduction,Provides context for the page content.
The story behind our $50 billion R&amp;D investment | AbbVie,Content Cards,Displays related content in a card format.,M,1,Requires grid layout and responsive design.,https://www.abbvie.com/who-we-are/our-stories/the-story-behind-our-50-billion-rd-investment.html,content_cards,Content grid,Enhances discoverability of related topics.
The story behind our $50 billion R&amp;D investment | AbbVie,Footer,Provides site-wide links and additional navigation options.,M,1,Includes multiple links and accessibility considerations.,https://www.abbvie.com/who-we-are/our-stories/the-story-behind-our-50-billion-rd-investment.html,footer,Site footer,Ensures comprehensive navigation and accessibility.
Can unlocking one million genomes help us discover medicines faster? | AbbVie,Global Utility Strip,"Provides links for global navigation, including contact and subscription options.",M,1,Requires integration of multiple navigation links and accessibility compliance.,https://www.abbvie.com/who-we-are/our-stories/can-unlocking-one-million-genomes.html,global_utility_strip,Utility strip,Ensure links are accessible and styled consistently with site standards.
Can unlocking one million genomes help us discover medicines faster? | AbbVie,Primary Header,Displays branding elements and primary navigation menu.,M,1,Involves branding integration and dynamic menu handling.,https://www.abbvie.com/who-we-are/our-stories/can-unlocking-one-million-genomes.html,primary_header,Main navigation,Focus on responsive design and cross-browser compatibility.
Can unlocking one million genomes help us discover medicines faster? | AbbVie,Hero Section,Highlights main content with a large image and title.,S,1,Static content with basic styling requirements.,https://www.abbvie.com/who-we-are/our-stories/can-unlocking-one-million-genomes.html,hero_section,Hero banner,Ensure high-resolution image compatibility and responsive layout.
Can unlocking one million genomes help us discover medicines faster? | AbbVie,Main Navigation,Provides access to primary sections of the site.,C,1,Complex dynamic navigation structure with deep linking.,https://www.abbvie.com/who-we-are/our-stories/can-unlocking-one-million-genomes.html,main_navigation,Primary navigation,Requires robust testing for usability and accessibility.
Can unlocking one million genomes help us discover medicines faster? | AbbVie,Card Grid,Displays featured content in a responsive grid format.,M,1,Requires grid layout and dynamic content handling.,https://www.abbvie.com/who-we-are/our-stories/can-unlocking-one-million-genomes.html,card_grid,Content cards,Focus on responsive design and consistent styling.
Hepatitis C: the mysterious virus that met its match | AbbVie,Primary Navigation,"Main site navigation including dropdown menus for sections like Who We Are, Science, and Patients.",C,1,Complexity due to multi-level navigation and accessibility requirements.,https://www.abbvie.com/who-we-are/our-stories/hepatitis-c-mysterious-virus-that-met-its-match.html,primary_navigation,Main navigation,No exact match found in catalog.
Hepatitis C: the mysterious virus that met its match | AbbVie,Hero Section,Prominent hero image and heading introducing the page topic.,M,1,Moderate complexity for styling and responsiveness.,https://www.abbvie.com/who-we-are/our-stories/hepatitis-c-mysterious-virus-that-met-its-match.html,hero_section,Hero banner,Mapped to Hero block in catalog.
Hepatitis C: the mysterious virus that met its match | AbbVie,Main Content,The main content area containing the article or story details.,C,1,High complexity due to the depth of content and potential for dynamic elements.,https://www.abbvie.com/who-we-are/our-stories/hepatitis-c-mysterious-virus-that-met-its-match.html,main_content,Content display,No exact match found in catalog.
Hepatitis C: the mysterious virus that met its match | AbbVie,Footer,Footer section with links and additional site navigation.,S,1,Relatively simple implementation with predefined styles.,https://www.abbvie.com/who-we-are/our-stories/hepatitis-c-mysterious-virus-that-met-its-match.html,footer,Footer navigation,Mapped to Footer block in catalog.
Trapped in your own skin | AbbVie,Global Navigation,Provides primary navigation for the site.,M,1,Includes multiple navigation levels and accessibility considerations.,https://www.abbvie.com/who-we-are/our-stories/trapped-in-your-own-skin.html,global_navigation,Primary navigation,No exact match found in the AEM catalog.
Trapped in your own skin | AbbVie,Hero Section,Displays a prominent hero section with an image and headline.,M,1,Requires CSS and JS for layout and interactivity.,https://www.abbvie.com/who-we-are/our-stories/trapped-in-your-own-skin.html,hero_section,Visual introduction,Mapped to 'Hero' from AEM catalog.
Trapped in your own skin | AbbVie,Main Content,Contains the primary content of the page.,M,1,Includes structured layout and styling.,https://www.abbvie.com/who-we-are/our-stories/trapped-in-your-own-skin.html,main_content,Story content,No exact match found in the AEM catalog.
Trapped in your own skin | AbbVie,Footer,Provides footer navigation and contact information.,M,1,Requires CSS and JS for layout and interactivity.,https://www.abbvie.com/who-we-are/our-stories/trapped-in-your-own-skin.html,footer,Footer navigation,Mapped to 'Footer' from AEM catalog.
Aesthetics Stories | AbbVie,Global Navigation,Primary navigation menu for accessing main site sections.,M,1,Includes accessibility features and deep navigation structure.,https://www.abbvie.com/who-we-are/our-stories/aesthetics-stories.html,global_navigation,Main navigation,No exact match found in the AEM catalog.
Aesthetics Stories | AbbVie,Hero Section,Main visual and textual introduction to the page content.,M,1,Includes large imagery and responsive textual elements.,https://www.abbvie.com/who-we-are/our-stories/aesthetics-stories.html,hero_section,Page hero,Matches the 'Hero' block in the AEM catalog.
Aesthetics Stories | AbbVie,Story Cards,Grid of cards showcasing featured stories or articles.,M,1,Uses a grid layout with responsive design and integrated content.,https://www.abbvie.com/who-we-are/our-stories/aesthetics-stories.html,story_cards,Content grid,Matches the 'Cards' block in the AEM catalog.
Patient Support | AbbVie,Global Utility Strip,Provides quick links for contact and subscriptions.,S,1,Simple utility links with minimal interactivity.,https://www.abbvie.com/who-we-are/our-stories/patient-support-stories.html,global_utility_strip,Utility strip,No matching catalog entry found.
Patient Support | AbbVie,Primary Navigation,Main site navigation with dropdown menus.,M,1,Dropdown functionality and potential accessibility considerations.,https://www.abbvie.com/who-we-are/our-stories/patient-support-stories.html,primary_navigation,Main navigation,No matching catalog entry found.
Patient Support | AbbVie,Footer Links,Footer navigation links for additional site sections.,S,1,Standard footer implementation.,https://www.abbvie.com/who-we-are/our-stories/patient-support-stories.html,footer_links,Footer navigation,Mapped to 'Footer' block in catalog.
Patient Support | AbbVie,Back to Top Button,Scroll-back functionality for user convenience.,S,1,Single button with basic JavaScript functionality.,https://www.abbvie.com/who-we-are/our-stories/patient-support-stories.html,back_to_top,Scroll-back button,No matching catalog entry found.
Partnerships Stories | AbbVie,Global Utility Strip,"Provides quick access to contact, subscription, and group sites.",M,1,Includes multiple quick-access features requiring integration.,https://www.abbvie.com/who-we-are/our-stories/partnerships-stories.html,global_utility_strip,Utility strip,No exact match found in the catalog.
Partnerships Stories | AbbVie,Primary Navigation,Main site navigation with dropdown menus for different sections.,C,1,Deep navigation structure with dropdowns and accessibility requirements.,https://www.abbvie.com/who-we-are/our-stories/partnerships-stories.html,primary_navigation,Main navigation,No exact match found in the catalog.
Partnerships Stories | AbbVie,Hero Section,Prominent section showcasing the main theme or story of the page.,M,1,Requires integration of hero image and responsive styling.,https://www.abbvie.com/who-we-are/our-stories/partnerships-stories.html,hero_section,Hero,Matched to catalog entry 'Hero'.
Partnerships Stories | AbbVie,Story Highlight,Highlights an individual story with an image and description.,M,1,Requires card layout and responsive design.,https://www.abbvie.com/who-we-are/our-stories/partnerships-stories.html,story_highlight,Card layout,Matched to catalog entry 'Cards'.
Partnerships Stories | AbbVie,Dashboard Cards,Displays a set of cards with key facts and highlights.,M,1,Requires a grid layout for multiple cards and responsive design.,https://www.abbvie.com/who-we-are/our-stories/partnerships-stories.html,dashboard_cards,Card grid,Matched to catalog entry 'Cards'.
Why isn’t medicine one size fits all? | AbbVie,Utility Navigation,"Provides links for contact, subscription, and group sites.",S,1,Simple links with limited interactivity.,https://www.abbvie.com/who-we-are/our-stories/why-isnt-medicine-one-size-fits-all.html,global_utility_strip,Utility strip,No matching catalog entry found.
Why isn’t medicine one size fits all? | AbbVie,Main Navigation,Facilitates exploration of site sections with dropdown menus.,M,1,Dropdown menus add moderate complexity.,https://www.abbvie.com/who-we-are/our-stories/why-isnt-medicine-one-size-fits-all.html,primary_navigation,Primary navigation,No matching catalog entry found.
"Rebuilding Puerto Rico, one community health center at a time | AbbVie",Utility Navigation,Provides links for contact and subscription.,S,1,Simple navigation links without deep interactivity.,https://www.abbvie.com/who-we-are/our-stories/rebuilding-puerto-rico-one-community-health-center-at-a-time.html,global_utility_strip,Utility strip,No matching catalog entry found.
"Rebuilding Puerto Rico, one community health center at a time | AbbVie",Main Navigation,Serves as the primary navigation menu.,M,1,Dropdown menus increase implementation complexity.,https://www.abbvie.com/who-we-are/our-stories/rebuilding-puerto-rico-one-community-health-center-at-a-time.html,primary_navigation,Main navigation,No matching catalog entry found.
"Rebuilding Puerto Rico, one community health center at a time | AbbVie",Content Lead,Introduces the main topic of the page.,S,1,Simple introductory content.,https://www.abbvie.com/who-we-are/our-stories/rebuilding-puerto-rico-one-community-health-center-at-a-time.html,main_content_lead,Content introduction,No matching catalog entry found.
"Rebuilding Puerto Rico, one community health center at a time | AbbVie",Text Columns,Displays textual content in a column layout.,S,1,Text layout without interactive elements.,https://www.abbvie.com/who-we-are/our-stories/rebuilding-puerto-rico-one-community-health-center-at-a-time.html,prose_columns,Columnar text,No matching catalog entry found.
"Rebuilding Puerto Rico, one community health center at a time | AbbVie",Back to Top,Provides a button to return to the top of the page.,S,1,Basic button functionality.,https://www.abbvie.com/who-we-are/our-stories/rebuilding-puerto-rico-one-community-health-center-at-a-time.html,back_to_top,Return to top,No matching catalog entry found.
Day in the Life: Government affairs director educates and empowers | AbbVie,Global Utility Strip,"Provides quick access to contact, subscribe, and group sites links.",S,1,Simple utility links for navigation.,https://www.abbvie.com/who-we-are/our-stories/day-in-life-government-affairs-director-educates-and-empowers.html,global_utility_strip,Utility strip,No exact match found in AEM catalog.
Day in the Life: Government affairs director educates and empowers | AbbVie,Primary Navigation,"Main navigation menu for the site, including dropdowns and links.",M,1,Moderate complexity due to dropdowns and hierarchical structure.,https://www.abbvie.com/who-we-are/our-stories/day-in-life-government-affairs-director-educates-and-empowers.html,primary_navigation,Main navigation,No exact match found in AEM catalog.
Day in the Life: Government affairs director educates and empowers | AbbVie,CTA Button,"Encourages users to take an action, such as navigating to another page.",S,1,Simple button implementation.,https://www.abbvie.com/who-we-are/our-stories/day-in-life-government-affairs-director-educates-and-empowers.html,cta_button,Call-to-action,No exact match found in AEM catalog.
Neuroscience Stories | AbbVie,Global Utility Strip,"Provides quick access links like contact, subscription, and group site links.",S,1,Simple link-based functionality with minimal interactivity.,https://www.abbvie.com/who-we-are/our-stories/neuroscience-stories.html,global_utility_strip,Utility strip,No direct match found in the catalog.
Neuroscience Stories | AbbVie,Primary Navigation,Main site navigation including dropdown menus for section exploration.,C,1,Deep navigation structure with dropdown menus and potential accessibility requirements.,https://www.abbvie.com/who-we-are/our-stories/neuroscience-stories.html,primary_navigation,Main navigation,No direct match found in the catalog.
Neuroscience Stories | AbbVie,Back to Top Button,Provides a button that allows users to return to the top of the page quickly.,S,1,Single button functionality with straightforward behavior.,https://www.abbvie.com/who-we-are/our-stories/neuroscience-stories.html,back_to_top,Back to top,No direct match found in the catalog.
EEDI Stories | AbbVie,Global Utility Strip,"Provides quick access to contact, subscribe, and group site links.",S,1,Simple utility strip with links.,https://www.abbvie.com/who-we-are/our-stories/eedi-stories.html,global_utility_strip,Utility strip,No direct match found in catalog.
EEDI Stories | AbbVie,Primary Navigation,Main site navigation with dropdown menus for exploring sections.,C,1,Complex navigation structure with dropdowns and accessibility considerations.,https://www.abbvie.com/who-we-are/our-stories/eedi-stories.html,primary_navigation,Main navigation,No direct match found in catalog.
EEDI Stories | AbbVie,Hero Section,Prominent section showcasing the main theme or story of the page.,M,1,Requires responsive design and prominent visual styling.,https://www.abbvie.com/who-we-are/our-stories/eedi-stories.html,hero_section,Hero,No direct match found in catalog.
EEDI Stories | AbbVie,Card Grid - Stories,Displays featured stories in a card format with images and descriptions.,M,1,Card layout requires responsive design and image handling.,https://www.abbvie.com/who-we-are/our-stories/eedi-stories.html,card_grid_stories,Story cards,Mapped to 'Cards' from catalog.
EEDI Stories | AbbVie,Dashboard Cards,Highlights key metrics or facts in a visually distinct format.,M,1,Visual distinction and metric presentation add complexity.,https://www.abbvie.com/who-we-are/our-stories/eedi-stories.html,dashboard_cards,Metrics display,No direct match found in catalog.
AbbVie volunteers return to serving global communities through Week of Possibilities | AbbVie,Global Utility Strip,"Provides quick access to contact, subscription, and group site links.",S,1,Simple utility navigation with links.,https://www.abbvie.com/who-we-are/our-stories/abbvie-volunteers-return-to-serving.html,global_utility_strip,Utility strip,No direct match found in AEM catalog.
AbbVie volunteers return to serving global communities through Week of Possibilities | AbbVie,Primary Navigation,Main navigation bar for site-wide navigation.,C,1,Complex hierarchical navigation structure.,https://www.abbvie.com/who-we-are/our-stories/abbvie-volunteers-return-to-serving.html,primary_navigation,Main navigation,No direct match found in AEM catalog.
AbbVie volunteers return to serving global communities through Week of Possibilities | AbbVie,Hero Section,Highlights the main story or feature with a large image and heading.,M,1,Includes large visual elements and dynamic text.,https://www.abbvie.com/who-we-are/our-stories/abbvie-volunteers-return-to-serving.html,hero_section,Hero,Matched with Hero block in AEM catalog.
AbbVie volunteers return to serving global communities through Week of Possibilities | AbbVie,Main Content,"Contains the primary content of the page, including stories and features.",M,1,Comprehensive content area with varied subcomponents.,https://www.abbvie.com/who-we-are/our-stories/abbvie-volunteers-return-to-serving.html,main_content,Content section,No direct match found in AEM catalog.
AbbVie volunteers return to serving global communities through Week of Possibilities | AbbVie,Card Grid,Displays a grid of cards with images and text for various stories or features.,M,1,Responsive layout with multiple cards.,https://www.abbvie.com/who-we-are/our-stories/abbvie-volunteers-return-to-serving.html,card_grid,Card grid,Matched with Cards block in AEM catalog.
Navigating ulcerative colitis as a child | AbbVie,Navigation Bar,Provides primary site navigation including logo and main menu.,M,1,Includes main navigation functionality and accessibility considerations.,https://www.abbvie.com/who-we-are/our-stories/navigating-ulcerative-colitis-as-a-child.html,global_navigation,Primary navigation,No exact match found in the AEM blocks catalog; custom implementation likely.
Advancing a public health approach to patient safety | AbbVie,Global Utility Strip,Provides quick access links for global site utilities like contact and subscription.,S,1,Limited functionality with simple links.,https://www.abbvie.com/who-we-are/our-stories/advancing-a-public-health-approach-to-patient-safety.html,global_utility_strip,Utility strip,Not found in the AEM catalog.
Advancing a public health approach to patient safety | AbbVie,Primary Navigation,Main navigation menu for site-wide section access.,M,1,Navigation menus typically require responsive and accessible design.,https://www.abbvie.com/who-we-are/our-stories/advancing-a-public-health-approach-to-patient-safety.html,primary_navigation,Main navigation,Not found in the AEM catalog.
Advancing a public health approach to patient safety | AbbVie,Hero Section,Displays a prominent image and headline to attract attention.,M,1,"Includes large media and typography, often styled prominently.",https://www.abbvie.com/who-we-are/our-stories/advancing-a-public-health-approach-to-patient-safety.html,hero_section,Hero image with headline,Mapped to 'Hero' in the AEM catalog.
Advancing a public health approach to patient safety | AbbVie,Call-to-Action Grid,Organizes call-to-action elements in a grid layout.,M,1,Requires grid layout and interactive elements.,https://www.abbvie.com/who-we-are/our-stories/advancing-a-public-health-approach-to-patient-safety.html,cta_grid,Grid of CTAs,Not found in the AEM catalog.
Advancing a public health approach to patient safety | AbbVie,Card Teasers,Showcases featured content in a card layout.,M,1,Interactive card elements with media and text.,https://www.abbvie.com/who-we-are/our-stories/advancing-a-public-health-approach-to-patient-safety.html,card_teasers,Content cards,Mapped to 'Cards' in the AEM catalog.
"Injecting hope, one vaccine at a time | AbbVie",Global Utility Strip,"Provides quick access to contact, subscription, and group site links.",S,1,Basic functionality with limited interactive elements.,https://www.abbvie.com/who-we-are/our-stories/injecting-hope-one-vaccine-at-a-time.html,global_utility_strip,Utility Strip,No direct match found in the catalog.
"Injecting hope, one vaccine at a time | AbbVie",Primary Navigation,Main site navigation with links to key sections and dropdown menus.,M,1,Dropdown menus and navigation depth increase implementation scope.,https://www.abbvie.com/who-we-are/our-stories/injecting-hope-one-vaccine-at-a-time.html,primary_navigation,Main Navigation,No direct match found in the catalog.
"Injecting hope, one vaccine at a time | AbbVie",Hero Section,Prominent section showcasing the main story or theme of the page.,M,1,Requires visual prominence and potential interaction for storytelling.,https://www.abbvie.com/who-we-are/our-stories/injecting-hope-one-vaccine-at-a-time.html,hero_section,Hero Banner,No direct match found in the catalog.
"Injecting hope, one vaccine at a time | AbbVie",Card Grid,Displays a grid of cards highlighting various stories or features.,M,1,Grid layout and card interactions increase complexity.,https://www.abbvie.com/who-we-are/our-stories/injecting-hope-one-vaccine-at-a-time.html,card_grid,Card Layout,No direct match found in the catalog.
A journey of sight: Progress toward treating neglected tropical diseases | AbbVie,Global Utility Strip,"Provides quick access to contact, subscription, and group sites links.",S,1,Basic functionality and accessibility considerations.,https://www.abbvie.com/who-we-are/our-stories/a-journey-of-sight-progress.html,global_utility_strip,Utility strip,No matching catalog entry found.
A journey of sight: Progress toward treating neglected tropical diseases | AbbVie,Primary Navigation,Main navigation menu for site sections and pages.,M,1,Includes hierarchical navigation structure and accessibility requirements.,https://www.abbvie.com/who-we-are/our-stories/a-journey-of-sight-progress.html,primary_navigation,Main navigation,No matching catalog entry found.
Oncology Stories | AbbVie,Global Utility Strip,Provides quick access links for utilities like contact and subscription.,S,1,Simple static links without dynamic or interactive elements.,https://www.abbvie.com/who-we-are/our-stories/oncology-stories.html,global_utility_strip,Utility strip,No direct match found in AEM catalog.
Oncology Stories | AbbVie,Primary Navigation,Main navigation with dropdown menus for site exploration.,M,1,Dropdown functionality requires JavaScript and accessibility considerations.,https://www.abbvie.com/who-we-are/our-stories/oncology-stories.html,primary_navigation,Main navigation,No direct match found in AEM catalog.
Immunology Stories | AbbVie,Global Utility Strip,"Provides quick access to contact, subscription, and group site links.",S,1,Simple utility links without interactive complexity.,https://www.abbvie.com/who-we-are/our-stories/immunology-stories.html,global_utility_strip,Utility strip,No exact match found in the AEM blocks catalog.
Immunology Stories | AbbVie,Primary Navigation,Main site navigation with dropdown menus for categories.,M,1,Dropdown functionality and potential accessibility considerations.,https://www.abbvie.com/who-we-are/our-stories/immunology-stories.html,primary_navigation,Main navigation,No exact match found in the AEM blocks catalog.
Connecting patients with care: 3 lessons learned during COVID-19 | AbbVie,Global Utility Strip,"Provides quick access to contact, subscription, and group site links.",S,1,Basic utility strip without complex features.,https://www.abbvie.com/who-we-are/our-stories/connecting-patients-with-care-3-lessons-learned-during-covid-19.html,global_utility_strip,Utility strip,No direct match in catalog.
Connecting patients with care: 3 lessons learned during COVID-19 | AbbVie,Primary Navigation,Main navigation menu with links to key sections of the site.,C,1,Deep navigation structure with potential accessibility requirements.,https://www.abbvie.com/who-we-are/our-stories/connecting-patients-with-care-3-lessons-learned-during-covid-19.html,primary_navigation,Main navigation,No direct match in catalog.
Connecting patients with care: 3 lessons learned during COVID-19 | AbbVie,Hero Section,Prominent visual and textual introduction to the page content.,M,1,"Hero section with image and heading, requiring CSS and JS integration.",https://www.abbvie.com/who-we-are/our-stories/connecting-patients-with-care-3-lessons-learned-during-covid-19.html,hero_section,Hero banner,Mapped to 'Hero' block in catalog.
Connecting patients with care: 3 lessons learned during COVID-19 | AbbVie,Content Columns,Main content area divided into columns for structured presentation.,M,1,Column layout with potential responsive design considerations.,https://www.abbvie.com/who-we-are/our-stories/connecting-patients-with-care-3-lessons-learned-during-covid-19.html,content_columns,Content layout,No direct match in catalog.
Connecting patients with care: 3 lessons learned during COVID-19 | AbbVie,Card Grid,Displays featured stories and highlights in a card format.,M,1,"Cards layout with images and text, requiring CSS and JS for responsiveness.",https://www.abbvie.com/who-we-are/our-stories/connecting-patients-with-care-3-lessons-learned-during-covid-19.html,card_grid,Card display,Mapped to 'Cards' block in catalog.
How patient voices are changing medicine | AbbVie,Global Utility Strip,"Provides quick access to contact, subscription, and group site links.",M,1,Includes user interaction for navigation and accessibility considerations.,https://www.abbvie.com/who-we-are/our-stories/how-patient-voices-are-changing-medicine.html,global_utility_strip,Utility strip,Ensure accessibility standards are met.
How patient voices are changing medicine | AbbVie,Primary Navigation,Main site navigation with dropdown menus for exploring site sections.,C,1,Complex navigation structure with dropdowns and multi-level menus.,https://www.abbvie.com/who-we-are/our-stories/how-patient-voices-are-changing-medicine.html,primary_navigation,Main navigation,Requires focus on responsive design and accessibility.
How patient voices are changing medicine | AbbVie,Hero Section,Highlights the main story or focus of the page with a large image and heading.,M,1,Includes large visuals and potential animations.,https://www.abbvie.com/who-we-are/our-stories/how-patient-voices-are-changing-medicine.html,hero_section,Hero banner,Ensure image optimization for performance.
How patient voices are changing medicine | AbbVie,Content Introduction,Introduces the page content with a brief overview or summary.,S,1,Simple text-based content block.,https://www.abbvie.com/who-we-are/our-stories/how-patient-voices-are-changing-medicine.html,content_intro,Content summary,Focus on concise and clear messaging.
How patient voices are changing medicine | AbbVie,Card Grid,Displays a grid of cards with images and descriptions for related stories or topics.,C,1,Dynamic content generation and layout responsiveness.,https://www.abbvie.com/who-we-are/our-stories/how-patient-voices-are-changing-medicine.html,card_grid,Grid of cards,Consider lazy loading for performance.
"AbbVie rebuilds North Chicago’s middle school, inspiring students to reach higher | AbbVie",Global Utility Strip,"Provides quick access to contact, subscription, and group site links.",S,1,Simple navigation links with minimal functionality.,https://www.abbvie.com/who-we-are/our-stories/abbvie-rebuilds-north-chicagos-middle-school-inspiring-students-to-reach-higher.html,global_utility_strip,Utility strip,No matching catalog entry found.
"AbbVie rebuilds North Chicago’s middle school, inspiring students to reach higher | AbbVie",Primary Navigation,Main site navigation including sections and subsections.,M,1,Includes hierarchical navigation structure.,https://www.abbvie.com/who-we-are/our-stories/abbvie-rebuilds-north-chicagos-middle-school-inspiring-students-to-reach-higher.html,primary_navigation,Main navigation,No matching catalog entry found.
"AbbVie rebuilds North Chicago’s middle school, inspiring students to reach higher | AbbVie",Hero Section,Prominent section with a large image and headline to capture user attention.,M,1,Requires dynamic styling and positioning for visual emphasis.,https://www.abbvie.com/who-we-are/our-stories/abbvie-rebuilds-north-chicagos-middle-school-inspiring-students-to-reach-higher.html,hero_section,Hero banner,Matched with Hero block in catalog.
"AbbVie rebuilds North Chicago’s middle school, inspiring students to reach higher | AbbVie",Content Grid,"Displays main content in a grid layout, including cards and text blocks.",M,1,Grid layout with dynamic content handling.,https://www.abbvie.com/who-we-are/our-stories/abbvie-rebuilds-north-chicagos-middle-school-inspiring-students-to-reach-higher.html,content_grid,Content grid layout,No matching catalog entry found.
"Three factors that drove the transformational integration of AbbVie, Allergan | AbbVie",Global Utility Strip,"Provides contact, subscription, and group site links.",S,1,Limited interactivity and links.,https://www.abbvie.com/who-we-are/our-stories/three-factors-that-drove-transformational-integration-abbvie-allergan.html,global_utility_strip,Utility strip,No exact catalog match found.
"Three factors that drove the transformational integration of AbbVie, Allergan | AbbVie",Primary Navigation,Main navigation menu with branding and links.,M,1,Main navigation typically includes dropdowns and responsive behavior.,https://www.abbvie.com/who-we-are/our-stories/three-factors-that-drove-transformational-integration-abbvie-allergan.html,primary_navigation,Main navigation,No exact catalog match found.
"Three factors that drove the transformational integration of AbbVie, Allergan | AbbVie",Main Content,Primary content area with articles and information.,S,1,Static content area without interactive elements.,https://www.abbvie.com/who-we-are/our-stories/three-factors-that-drove-transformational-integration-abbvie-allergan.html,main_content,Content area,No exact catalog match found.
Magnified featuring Shuhong Zhang | AbbVie,Global Header,Provides site-wide navigation and branding.,M,1,Includes accessibility considerations and possibly dynamic menu elements.,https://www.abbvie.com/who-we-are/our-stories/magnified-featuring-shuhong-zhang.html,global_header,Main navigation,Ensure compatibility with varied screen sizes and devices.
Magnified featuring Shuhong Zhang | AbbVie,Main Content,"Displays the primary content of the page, including text and media.",M,1,May involve complex layout and embedded media elements.,https://www.abbvie.com/who-we-are/our-stories/magnified-featuring-shuhong-zhang.html,main_content,Content display,Focus on responsive design and performance optimization.
More than Skin Deep: 3 Lessons for Expanding Equity in Dermatology | AbbVie,Global Utility Strip,"Provides quick access links for contact, subscription, and group sites.",S,1,Simple links with minimal interaction.,https://www.abbvie.com/who-we-are/our-stories/more-than-skin-deep-3-lessons-for-expanding-equity-in-dermatology.html,global_utility_strip,Utility Strip,No direct match found in the AEM catalog.
More than Skin Deep: 3 Lessons for Expanding Equity in Dermatology | AbbVie,Primary Navigation,Main navigation menu for the site.,C,1,Deep navigation structure with potential accessibility requirements.,https://www.abbvie.com/who-we-are/our-stories/more-than-skin-deep-3-lessons-for-expanding-equity-in-dermatology.html,primary_navigation,Main Navigation,No direct match found in the AEM catalog.
More than Skin Deep: 3 Lessons for Expanding Equity in Dermatology | AbbVie,Main Content,"Contains the primary content of the page, including articles and features.",M,1,Moderate complexity due to potential multimedia and interactive elements.,https://www.abbvie.com/who-we-are/our-stories/more-than-skin-deep-3-lessons-for-expanding-equity-in-dermatology.html,main_content,Content Area,No direct match found in the AEM catalog.
Making it migraine-friendly: Why we’re reimagining the workplace | AbbVie,Global Utility Strip,"Provides quick access links for contact, subscription, and group sites.",S,1,Basic navigation links with minimal interactivity.,https://www.abbvie.com/who-we-are/our-stories/making-it-migraine-friendly-why-were-reimagining-workplace.html,global_utility_strip,Utility strip,No matching block found in the AEM catalog.
Making it migraine-friendly: Why we’re reimagining the workplace | AbbVie,Primary Navigation,Facilitates main site navigation with dropdown menus.,M,1,Includes dropdown menus and potential for deep navigation.,https://www.abbvie.com/who-we-are/our-stories/making-it-migraine-friendly-why-were-reimagining-workplace.html,primary_navigation,Main navigation,No matching block found in the AEM catalog.
Making it migraine-friendly: Why we’re reimagining the workplace | AbbVie,Hero Section,Displays a hero image and headline for the page.,S,1,Static image and text with no dynamic behavior.,https://www.abbvie.com/who-we-are/our-stories/making-it-migraine-friendly-why-were-reimagining-workplace.html,hero_section,Hero section,Matched with the 'Hero' block in the AEM catalog.
Making it migraine-friendly: Why we’re reimagining the workplace | AbbVie,Main Content Area,"Holds the primary content of the page, including text and media.",M,1,Includes diverse content types and media integration.,https://www.abbvie.com/who-we-are/our-stories/making-it-migraine-friendly-why-were-reimagining-workplace.html,main_content,Main content,No matching block found in the AEM catalog.
Making it migraine-friendly: Why we’re reimagining the workplace | AbbVie,Call to Action Section,Features calls to action to guide user interaction.,S,1,Simple buttons and links for user interaction.,https://www.abbvie.com/who-we-are/our-stories/making-it-migraine-friendly-why-were-reimagining-workplace.html,cta_section,Call to action,No matching block found in the AEM catalog.
Making it migraine-friendly: Why we’re reimagining the workplace | AbbVie,Card Grid,Displays a grid of cards showcasing articles or features.,S,1,Responsive grid layout with static images and text.,https://www.abbvie.com/who-we-are/our-stories/making-it-migraine-friendly-why-were-reimagining-workplace.html,card_grid,Card grid,Matched with the 'Cards' block in the AEM catalog.
Putting our people first AbbVie’s family benefits | AbbVie,Global Utility Strip,Provides global navigation links and options.,M,1,Includes multiple navigation options and potential interactivity.,https://www.abbvie.com/who-we-are/our-stories/putting-our-people-first-abbvies-family-benefits.html,global_utility_strip,Utility strip,Not mapped to a specific AEM block catalog entry.
Putting our people first AbbVie’s family benefits | AbbVie,Primary Navigation,Main navigation menu for site sections.,C,1,Deep navigation structure with potential accessibility requirements.,https://www.abbvie.com/who-we-are/our-stories/putting-our-people-first-abbvies-family-benefits.html,primary_navigation,Main navigation,Not mapped to a specific AEM block catalog entry.
Putting our people first AbbVie’s family benefits | AbbVie,Hero Section,Prominent introductory section with a large visual and text.,M,1,Requires visual prominence and responsive design.,https://www.abbvie.com/who-we-are/our-stories/putting-our-people-first-abbvies-family-benefits.html,hero_section,Hero,Mapped to the 'Hero' block in the AEM catalog.
Putting our people first AbbVie’s family benefits | AbbVie,Story Highlight,Highlights a specific story with visual and textual content.,M,1,Card layout with image and text requires responsive design.,https://www.abbvie.com/who-we-are/our-stories/putting-our-people-first-abbvies-family-benefits.html,story_highlight,Highlight card,Mapped to the 'Cards' block in the AEM catalog.
Putting our people first AbbVie’s family benefits | AbbVie,Dashboard Cards,Displays statistics or highlights in card format.,M,1,Dynamic content with responsive grid layout.,https://www.abbvie.com/who-we-are/our-stories/putting-our-people-first-abbvies-family-benefits.html,dashboard_cards,Dashboard card,Mapped to the 'Cards' block in the AEM catalog.
Discovery Files: A Vision for Blood Cancer Patients | AbbVie,Global Utility Strip,"Provides quick access to contact, subscription, and group site links.",S,1,Simple navigation links with minimal interactivity.,https://www.abbvie.com/who-we-are/our-stories/discovery-files-vision-for-blood-cancer-patients.html,global_utility_strip,Utility strip,No direct match in AEM catalog.
Discovery Files: A Vision for Blood Cancer Patients | AbbVie,Primary Navigation,Main site navigation including mega menus and branding.,C,1,Deep navigation structure with potential accessibility requirements.,https://www.abbvie.com/who-we-are/our-stories/discovery-files-vision-for-blood-cancer-patients.html,primary_navigation,Main navigation,Mapped to 'Header' due to similar functionality.
Discovery Files: A Vision for Blood Cancer Patients | AbbVie,Story Highlight Cards,Displays featured stories in a card format with images and descriptions.,M,1,Dynamic content display and responsive design considerations.,https://www.abbvie.com/who-we-are/our-stories/discovery-files-vision-for-blood-cancer-patients.html,story_highlight_cards,Featured stories,Mapped to 'Cards' for its card-based content display.
Discovery Files: A Vision for Blood Cancer Patients | AbbVie,Call to Action Section,Encourages user interaction with buttons and links.,S,1,Simple call-to-action elements with straightforward functionality.,https://www.abbvie.com/who-we-are/our-stories/discovery-files-vision-for-blood-cancer-patients.html,cta_section,Interactive buttons,No direct match in AEM catalog.
Going inside prison walls to help eliminate hepatitis C | AbbVie,Global Utility Strip,"Provides quick access to contact, subscription, and group site links.",S,1,Simple functionality with minimal interactivity.,https://www.abbvie.com/who-we-are/our-stories/going-inside-prison-walls-to-help-eliminate-hepatitis-c.html,global_utility_strip,Utility strip,No direct match found in the AEM catalog.
Going inside prison walls to help eliminate hepatitis C | AbbVie,Primary Navigation,Main navigation menu for site sections and pages.,M,1,Moderate complexity due to potential depth and accessibility requirements.,https://www.abbvie.com/who-we-are/our-stories/going-inside-prison-walls-to-help-eliminate-hepatitis-c.html,primary_navigation,Main navigation,No direct match found in the AEM catalog.
Going inside prison walls to help eliminate hepatitis C | AbbVie,Content Introduction,Provides an introductory text and links related to the page topic.,S,1,Simple layout with text and links.,https://www.abbvie.com/who-we-are/our-stories/going-inside-prison-walls-to-help-eliminate-hepatitis-c.html,content_intro,Introductory content,No direct match found in the AEM catalog.
Going inside prison walls to help eliminate hepatitis C | AbbVie,Call-to-Action Buttons,Encourages users to take specific actions like exploring more content.,S,1,Simple button functionality.,https://www.abbvie.com/who-we-are/our-stories/going-inside-prison-walls-to-help-eliminate-hepatitis-c.html,cta_buttons,Action prompts,No direct match found in the AEM catalog.
Going inside prison walls to help eliminate hepatitis C | AbbVie,Card Grid,Displays a grid of cards with images and descriptions for related stories or features.,M,1,Moderate complexity due to layout and interactive elements.,https://www.abbvie.com/who-we-are/our-stories/going-inside-prison-walls-to-help-eliminate-hepatitis-c.html,card_grid,Grid of cards,No direct match found in the AEM catalog.
Going inside prison walls to help eliminate hepatitis C | AbbVie,Back to Top Button,Allows users to quickly return to the top of the page.,S,1,Simple functionality with minimal interaction.,https://www.abbvie.com/who-we-are/our-stories/going-inside-prison-walls-to-help-eliminate-hepatitis-c.html,back_to_top_button,Utility button,No direct match found in the AEM catalog.
Finding hope in a pandemic: A conversation with two hepatitis C experts | AbbVie,Global Utility Strip,"Provides quick access to contact, subscription, and group site links.",S,1,Simple navigation links without deep functionality.,https://www.abbvie.com/who-we-are/our-stories/finding-hope-in-a-pandemic--a-conversation-with-two-hepatitis-c-.html,global_utility_strip,Utility strip,No direct match found in the AEM catalog.
Finding hope in a pandemic: A conversation with two hepatitis C experts | AbbVie,Primary Navigation,Main site navigation with branding and mega-navigation.,M,1,Includes branding and potentially complex navigation structures.,https://www.abbvie.com/who-we-are/our-stories/finding-hope-in-a-pandemic--a-conversation-with-two-hepatitis-c-.html,primary_navigation,Main navigation,No direct match found in the AEM catalog.
Finding hope in a pandemic: A conversation with two hepatitis C experts | AbbVie,Main Content Area,Contains the primary content and stories of the page.,M,1,Primary content often includes structured layouts and dynamic elements.,https://www.abbvie.com/who-we-are/our-stories/finding-hope-in-a-pandemic--a-conversation-with-two-hepatitis-c-.html,main_content,Content area,No direct match found in the AEM catalog.
Why delivering science-based targets are key to sustainable growth | AbbVie,Global Utility Strip,"Provides quick access to contact, subscription, and group sites.",S,1,Single-level navigation with minimal interactivity.,https://www.abbvie.com/who-we-are/our-stories/why-delivering-science-based-targets-are-key-to-sustainable-grow.html,global_utility_strip,Utility strip,No exact match in catalog.
Why delivering science-based targets are key to sustainable growth | AbbVie,Primary Navigation,Main site navigation including logo and menu.,M,1,Complex navigation structure with potential dropdowns or multi-level menus.,https://www.abbvie.com/who-we-are/our-stories/why-delivering-science-based-targets-are-key-to-sustainable-grow.html,primary_navigation,Main navigation,No exact match in catalog.
Why delivering science-based targets are key to sustainable growth | AbbVie,Hero Section,Large visual and title introducing the page content.,M,1,Requires integration of large images and responsive design.,https://www.abbvie.com/who-we-are/our-stories/why-delivering-science-based-targets-are-key-to-sustainable-grow.html,hero_section,Hero banner,Matched to 'Hero' in catalog.
Why delivering science-based targets are key to sustainable growth | AbbVie,Main Content,Primary content area of the page with articles and links.,M,1,Content aggregation and layout complexity.,https://www.abbvie.com/who-we-are/our-stories/why-delivering-science-based-targets-are-key-to-sustainable-grow.html,main_content,Content area,No exact match in catalog.
Life after stroke: Living with and researching spasticity | AbbVie,Global Utility Strip,"Provides quick access to contact, subscription, and group site links.",S,1,Limited scope; simple navigation links.,https://www.abbvie.com/who-we-are/our-stories/life-after-stroke-living-with-and-researching-spasticity.html,global_utility_strip,Utility strip,No direct match in catalog; functionality straightforward.
Life after stroke: Living with and researching spasticity | AbbVie,Primary Navigation,Main site navigation with dropdown menus for exploring site sections.,M,1,Dropdown menus increase implementation complexity.,https://www.abbvie.com/who-we-are/our-stories/life-after-stroke-living-with-and-researching-spasticity.html,primary_navigation,Main navigation,No direct match in catalog; dropdown functionality adds complexity.
Lessons from a lifelong journey with psoriasis | AbbVie,Utility Navigation,"Provides quick access links for contact, subscription, and group sites.",S,1,Relatively simple navigation block with basic functionality.,https://www.abbvie.com/who-we-are/our-stories/lessons-from-a-lifelong-journey-with-psoriasis.html,global_utility_strip,Utility strip,No direct match found in the catalog.
Lessons from a lifelong journey with psoriasis | AbbVie,Primary Navigation,Main site navigation with branding and menu.,M,1,"Requires integration of branding and menu structure, moderate complexity.",https://www.abbvie.com/who-we-are/our-stories/lessons-from-a-lifelong-journey-with-psoriasis.html,primary_navigation,Main navigation,No direct match found in the catalog.
Lessons from a lifelong journey with psoriasis | AbbVie,Feature Cards,Displays key stories or features in a card layout.,M,1,Includes responsiveness and visual styling for cards.,https://www.abbvie.com/who-we-are/our-stories/lessons-from-a-lifelong-journey-with-psoriasis.html,feature_cards,Card layout,Mapped to 'Cards' from the catalog.
Lessons from a lifelong journey with psoriasis | AbbVie,Call-to-Action,Encourages user interaction with links and buttons.,S,1,Simple interactive elements without complex integrations.,https://www.abbvie.com/who-we-are/our-stories/lessons-from-a-lifelong-journey-with-psoriasis.html,cta_section,Subscribe,No direct match found in the catalog.
Lessons from a lifelong journey with psoriasis | AbbVie,Content Section,Main article or story content presented in paragraphs.,S,1,Straightforward text content with minimal styling.,https://www.abbvie.com/who-we-are/our-stories/lessons-from-a-lifelong-journey-with-psoriasis.html,prose_content,Content,No direct match found in the catalog.
Voices of AbbVie: Reflecting on a decade of impact | AbbVie,Global Utility Strip,"Provides quick access to contact, subscribe, and group site links.",S,1,"Limited functionality, primarily links.",https://www.abbvie.com/who-we-are/our-stories/voices-abbvie-reflecting-on-decade-impact.html,global_utility_strip,Utility strip,No direct match in catalog.
Voices of AbbVie: Reflecting on a decade of impact | AbbVie,Primary Navigation,Main navigation bar for accessing site sections.,M,1,Includes structured navigation and potential dropdowns.,https://www.abbvie.com/who-we-are/our-stories/voices-abbvie-reflecting-on-decade-impact.html,primary_navigation,Main navigation,No direct match in catalog.
Voices of AbbVie: Reflecting on a decade of impact | AbbVie,Content Introduction,Introduces the page content with a summary or key message.,S,1,Simple text and layout.,https://www.abbvie.com/who-we-are/our-stories/voices-abbvie-reflecting-on-decade-impact.html,content_intro,Introductory text,No direct match in catalog.
Voices of AbbVie: Reflecting on a decade of impact | AbbVie,Call-to-Action Button,Encourages user interaction with a prominent button.,S,1,Single interactive element with basic styling.,https://www.abbvie.com/who-we-are/our-stories/voices-abbvie-reflecting-on-decade-impact.html,cta_button,Button,No direct match in catalog.
Voices of AbbVie: Reflecting on a decade of impact | AbbVie,Card Grid,Displays a grid of cards with images and text for featured content.,M,1,Requires responsive grid layout and content management.,https://www.abbvie.com/who-we-are/our-stories/voices-abbvie-reflecting-on-decade-impact.html,card_grid,Grid of cards,Mapped to 'Cards' block in catalog.
Digital Science Lab | AbbVie,Utility Navigation,Provides top-level navigation links for contact and external resources.,S,1,Simple navigation with minimal interactivity.,https://www.abbvie.com/who-we-are/our-stories/digital-science-lab.html,global_utility_strip,Utility strip,Not matched to a specific AEM block catalog entry.
Digital Science Lab | AbbVie,Primary Navigation,Main navigation bar linking to primary site sections.,M,1,Includes deeper navigation hierarchy and potential responsiveness.,https://www.abbvie.com/who-we-are/our-stories/digital-science-lab.html,primary_navigation,Main navigation,Not matched to a specific AEM block catalog entry.
Digital Science Lab | AbbVie,Hero Section,Displays a prominent hero image and introductory text.,M,1,Requires integration of large media assets and prominent styling.,https://www.abbvie.com/who-we-are/our-stories/digital-science-lab.html,hero_section,Hero image with text,Mapped to 'Hero' block in AEM catalog.
Digital Science Lab | AbbVie,Card Grid,Presents a responsive grid of cards for showcasing content.,M,1,Utilizes grid layout and responsive design elements.,https://www.abbvie.com/who-we-are/our-stories/digital-science-lab.html,card_grid,Grid of cards,Mapped to 'Cards' block in AEM catalog.
Sharpening focus on eye diseases caused by diabetes | AbbVie,Global Navigation,Provides site-wide navigation options for users.,M,1,Includes accessibility considerations and potentially deep navigation structures.,https://www.abbvie.com/who-we-are/our-stories/sharpening-focus-on-eye-diseases-caused-by-diabetes.html,global_navigation,Main navigation,Could benefit from further catalog exploration for precise mapping.
Sharpening focus on eye diseases caused by diabetes | AbbVie,Hero Section,Highlights the main theme or focus of the page with a prominent image and heading.,M,1,Requires responsive design and image handling.,https://www.abbvie.com/who-we-are/our-stories/sharpening-focus-on-eye-diseases-caused-by-diabetes.html,hero_section,Prominent visual highlight,Mapped to the Hero block from the AEM catalog.
Sharpening focus on eye diseases caused by diabetes | AbbVie,Primary Content,Displays the main content and stories related to the page's topic.,M,1,Involves structured content presentation and potential dynamic elements.,https://www.abbvie.com/who-we-are/our-stories/sharpening-focus-on-eye-diseases-caused-by-diabetes.html,primary_content,Content display,Could benefit from further catalog exploration for precise mapping.
Three ways AI is changing drug discovery at AbbVie | AbbVie,Global Navigation,Facilitates site-wide navigation with dropdowns.,M,1,Includes dropdown menus and accessibility requirements.,https://www.abbvie.com/who-we-are/our-stories/three-ways-ai-is-changing-drug-discovery-at-abbvie.html,global_navigation,Primary navigation bar,May include integrations with site-wide search or user account features.
Three ways AI is changing drug discovery at AbbVie | AbbVie,Hero Section,Highlights the main page theme with visual and text emphasis.,M,1,Requires CSS styling and possible animations.,https://www.abbvie.com/who-we-are/our-stories/three-ways-ai-is-changing-drug-discovery-at-abbvie.html,hero_section,Hero image with headline,Optimized for visual impact and thematic alignment.
Three ways AI is changing drug discovery at AbbVie | AbbVie,Main Content,"Displays core page content, including text and media.",M,1,May include dynamic content and complex layouts.,https://www.abbvie.com/who-we-are/our-stories/three-ways-ai-is-changing-drug-discovery-at-abbvie.html,main_content,Article body,Supports multimedia and potentially interactive elements.
Life at AbbVie Stories | AbbVie,Global Utility Strip,"Provides quick access to contact, subscription, and group site links.",S,1,Basic navigation and utility links with minimal interactivity.,https://www.abbvie.com/who-we-are/our-stories/working-at-abbvie-stories.html,global_utility_strip,Utility strip,Requires integration with site-wide navigation structure.
Life at AbbVie Stories | AbbVie,Primary Navigation,Main site navigation with dropdown menus for exploring site sections.,C,1,Deep navigation structure with dynamic dropdown menus.,https://www.abbvie.com/who-we-are/our-stories/working-at-abbvie-stories.html,primary_navigation,Main navigation,Accessibility and responsive design considerations are critical.
Life at AbbVie Stories | AbbVie,Hero Section,Highlights the main theme or story of the page with a large visual and heading.,M,1,Includes large visuals and prominent text requiring responsive design.,https://www.abbvie.com/who-we-are/our-stories/working-at-abbvie-stories.html,hero_section,Hero,Should maintain visual prominence across devices.
Life at AbbVie Stories | AbbVie,Featured Story Card,"Displays a highlighted story with an image, title, and description.",M,1,Card-based layout with image and text integration.,https://www.abbvie.com/who-we-are/our-stories/working-at-abbvie-stories.html,featured_story_card,Featured story,Ensure proper alignment and responsive behavior.
Life at AbbVie Stories | AbbVie,Dashboard Facts,Presents key facts or statistics in a visually engaging format.,M,1,Statistical data presentation with visual emphasis.,https://www.abbvie.com/who-we-are/our-stories/working-at-abbvie-stories.html,dashboard_facts,Dashboard facts,Requires data-driven updates for statistics.
Sustainability Stories | AbbVie,Global Utility Strip,"Provides quick access to contact, subscription, and group site links.",M,1,Model output omitted this blockId after catalog review. Mapped as Unmapped; re-run mapping or fix agent output.,https://www.abbvie.com/who-we-are/our-stories/sustainability-stories.html,global_utility_strip,default,templateIds: tpl_129
Sustainability Stories | AbbVie,Primary Navigation,Main site navigation including logo and menu.,M,1,Model output omitted this blockId after catalog review. Mapped as Unmapped; re-run mapping or fix agent output.,https://www.abbvie.com/who-we-are/our-stories/sustainability-stories.html,primary_navigation,default,templateIds: tpl_129
Sustainability Stories | AbbVie,Hero Section,Highlights the main theme of the page with a large visual and text.,M,1,Model output omitted this blockId after catalog review. Mapped as Unmapped; re-run mapping or fix agent output.,https://www.abbvie.com/who-we-are/our-stories/sustainability-stories.html,hero_section,default,templateIds: tpl_129
Sustainability Stories | AbbVie,Call-to-Action Grid,Displays multiple CTAs for user engagement.,M,1,Model output omitted this blockId after catalog review. Mapped as Unmapped; re-run mapping or fix agent output.,https://www.abbvie.com/who-we-are/our-stories/sustainability-stories.html,cta_grid,default,templateIds: tpl_129
Sustainability Stories | AbbVie,Story Card,Showcases a featured story with an image and description.,M,1,Model output omitted this blockId after catalog review. Mapped as Unmapped; re-run mapping or fix agent output.,https://www.abbvie.com/who-we-are/our-stories/sustainability-stories.html,story_card,default,templateIds: tpl_129
Sustainability Stories | AbbVie,Dashboard Cards,Displays key statistics and highlights.,M,1,Model output omitted this blockId after catalog review. Mapped as Unmapped; re-run mapping or fix agent output.,https://www.abbvie.com/who-we-are/our-stories/sustainability-stories.html,dashboard_cards,default,templateIds: tpl_129
Growing sustainably through innovation: How AbbVie takes action | AbbVie,Global Navigation,Provides site-wide navigation including logo and menu items.,M,1,"Involves accessibility for navigation, responsive design, and potential integration with site-wide menus.",https://www.abbvie.com/who-we-are/our-stories/growing-sustainably-through-innovation-how-abbvie-takes-action.html,global_navigation,Primary navigation,No direct match in the AEM catalog for navigation blocks.
Growing sustainably through innovation: How AbbVie takes action | AbbVie,Hero Section,Displays a prominent hero image and introductory content for the page.,M,1,"Requires styling for large images, responsive design, and integration of introductory content.",https://www.abbvie.com/who-we-are/our-stories/growing-sustainably-through-innovation-how-abbvie-takes-action.html,hero_section,Hero layout with image and text,Matched to the 'Hero' block in the AEM catalog.
Growing sustainably through innovation: How AbbVie takes action | AbbVie,Main Content Area,Contains the primary story and related information for the page.,M,1,"Includes dynamic content rendering, responsive layout, and accessibility considerations.",https://www.abbvie.com/who-we-are/our-stories/growing-sustainably-through-innovation-how-abbvie-takes-action.html,main_content,Content container,No direct match in the AEM catalog for content blocks.
Ensuring patients around the world get medicines during COVID-19 | AbbVie,Global Utility Strip,"Provides quick access to contact, subscription, and group sites.",S,1,Simple navigation utility strip with basic links.,https://www.abbvie.com/who-we-are/our-stories/ensuring-patients-around-world-get-medicines-during-covid-19.html,global_utility_strip,Utility Strip,No direct match in the AEM catalog.
Ensuring patients around the world get medicines during COVID-19 | AbbVie,Primary Navigation,Main site navigation including logo and menu.,M,1,Primary navigation with potential dropdowns and branding.,https://www.abbvie.com/who-we-are/our-stories/ensuring-patients-around-world-get-medicines-during-covid-19.html,primary_navigation,Main Navigation,No direct match in the AEM catalog.
Ensuring patients around the world get medicines during COVID-19 | AbbVie,Hero Section,Highlights the main story with a large image and headline.,M,1,"Hero section with styled image and headline, requiring CSS and JS.",https://www.abbvie.com/who-we-are/our-stories/ensuring-patients-around-world-get-medicines-during-covid-19.html,hero_section,Hero,Matched to 'Hero' in the AEM catalog.
Ensuring patients around the world get medicines during COVID-19 | AbbVie,Main Content,"Contains the primary content of the page, including articles and supporting information.",M,1,Rich content area with potential dynamic elements.,https://www.abbvie.com/who-we-are/our-stories/ensuring-patients-around-world-get-medicines-during-covid-19.html,main_content,Content Area,No direct match in the AEM catalog.
Childhood cancer patients and their families find a home away from home | AbbVie,Global Header,Displays the main site header with navigation and branding.,M,1,Includes navigation and branding elements requiring CSS and JS.,https://www.abbvie.com/who-we-are/our-stories/childhood-cancer-patients-and-their-families-find-a-home-away-from-home.html,global_header,Main navigation,Critical for site navigation and branding.
Childhood cancer patients and their families find a home away from home | AbbVie,Hero Section,Showcases a prominent image and introductory content.,M,1,Involves image handling and responsive layout.,https://www.abbvie.com/who-we-are/our-stories/childhood-cancer-patients-and-their-families-find-a-home-away-from-home.html,hero_section,Hero banner,Essential for visual impact and first impressions.
Childhood cancer patients and their families find a home away from home | AbbVie,Primary Navigation,Provides main site section access.,C,1,Deep navigation structure and accessibility considerations.,https://www.abbvie.com/who-we-are/our-stories/childhood-cancer-patients-and-their-families-find-a-home-away-from-home.html,primary_navigation,Primary navigation,Requires integration with site-wide navigation logic.
Childhood cancer patients and their families find a home away from home | AbbVie,Main Content,Hosts the primary content of the page.,C,1,Dynamic content and potential for embedded features.,https://www.abbvie.com/who-we-are/our-stories/childhood-cancer-patients-and-their-families-find-a-home-away-from-home.html,main_content,Content grid,Central area for user interaction and information.
Childhood cancer patients and their families find a home away from home | AbbVie,Footer,Displays site-wide footer with additional navigation and information.,M,1,Includes navigation links and styling.,https://www.abbvie.com/who-we-are/our-stories/childhood-cancer-patients-and-their-families-find-a-home-away-from-home.html,footer,Footer navigation,Supports site navigation and compliance requirements.
Childhood cancer patients and their families find a home away from home | AbbVie,Back to Top Button,Allows users to return to the top of the page quickly.,S,1,Simple button with scroll functionality.,https://www.abbvie.com/who-we-are/our-stories/childhood-cancer-patients-and-their-families-find-a-home-away-from-home.html,back_to_top,Utility button,Enhances user experience for long pages.
Can we find cures faster? | AbbVie,Global Header,A header section providing site-wide navigation and branding.,M,1,Includes branding and primary navigation elements.,https://www.abbvie.com/who-we-are/our-stories/can-we-find-cures-faster.html,global_header,Utility strip,Requires responsive design and accessibility compliance.
Can we find cures faster? | AbbVie,Hero Section,Main hero section introducing the page with a visual and headline.,M,1,Includes large images and text requiring proper positioning.,https://www.abbvie.com/who-we-are/our-stories/can-we-find-cures-faster.html,hero_section,Hero banner,Requires aesthetic alignment with branding guidelines.
Can we find cures faster? | AbbVie,Primary Navigation,Primary navigation menu for site sections.,C,1,Includes dropdown menus and deep navigation structure.,https://www.abbvie.com/who-we-are/our-stories/can-we-find-cures-faster.html,primary_navigation,Main navigation,Needs dynamic interaction handling for dropdowns.
Can we find cures faster? | AbbVie,Content Introduction,Introductory text summarizing page content.,S,1,Text placement and simple styling.,https://www.abbvie.com/who-we-are/our-stories/can-we-find-cures-faster.html,content_intro,Content overview,Focuses on readability and concise presentation.
Can we find cures faster? | AbbVie,Featured Story Card,Highlights a featured story using a card layout.,M,1,Includes dynamic content and image handling.,https://www.abbvie.com/who-we-are/our-stories/can-we-find-cures-faster.html,featured_story_card,Story card,Requires responsive grid layout for various screen sizes.
Can we find cures faster? | AbbVie,Data Highlight,Showcases key data points or statistics.,M,1,Requires visual emphasis and data representation.,https://www.abbvie.com/who-we-are/our-stories/can-we-find-cures-faster.html,data_highlight,Statistics section,Needs design attention for impactful data visualization.
Can we find cures faster? | AbbVie,Back to Top Button,Provides functionality to scroll back to the top of the page.,S,1,Simple interactive button with scrolling functionality.,https://www.abbvie.com/who-we-are/our-stories/can-we-find-cures-faster.html,back_to_top_button,Utility button,Focus on accessibility and smooth scrolling behavior.
Navigating the hidden side of cancer | AbbVie,Utility Navigation,"Provides quick links for contact, subscription, and site navigation.",S,1,Simple navigation links without dynamic interactions.,https://www.abbvie.com/who-we-are/our-stories/navigating-the-hidden-side-of-cancer.html,global_utility_strip,Utility strip,Could be mapped to a similar utility navigation component if identified.
Navigating the hidden side of cancer | AbbVie,Primary Navigation,Main site navigation with branding and comprehensive menus.,M,1,Includes branding and potentially mega-navigation menus.,https://www.abbvie.com/who-we-are/our-stories/navigating-the-hidden-side-of-cancer.html,primary_navigation,Main navigation,Consider mega-menu or branding requirements for implementation.
Navigating the hidden side of cancer | AbbVie,Hero Section,Prominent section featuring a large image and heading for main content focus.,M,1,Requires styling and layout for large images and headings.,https://www.abbvie.com/who-we-are/our-stories/navigating-the-hidden-side-of-cancer.html,hero_section,Hero,Mapped directly to the Hero block from AEM catalog.
Navigating the hidden side of cancer | AbbVie,Card Grid,Displays a grid of cards with images and text for featured content.,M,1,Grid layout with responsive styling and card-specific interactions.,https://www.abbvie.com/who-we-are/our-stories/navigating-the-hidden-side-of-cancer.html,card_grid,Card grid,Mapped directly to the Cards block from AEM catalog.
Ambassadors in action | AbbVie,Global Utility Strip,"Provides quick access to contact, subscription, and group site links.",S,1,Simple utility navigation with minimal interactivity.,https://www.abbvie.com/who-we-are/our-stories/ambassadors-in-action.html,global_utility_strip,Utility strip,No direct match in AEM catalog.
Ambassadors in action | AbbVie,Primary Navigation,Main site navigation with dropdown menus for exploring sections.,C,1,Complex navigation structure with dropdowns and potential submenus.,https://www.abbvie.com/who-we-are/our-stories/ambassadors-in-action.html,primary_navigation,Main navigation,No direct match in AEM catalog.
Ambassadors in action | AbbVie,Card Grid,Displays a grid of cards with images and text for featured stories or topics.,M,1,Grid layout with responsive design and potential dynamic content.,https://www.abbvie.com/who-we-are/our-stories/ambassadors-in-action.html,card_grid,Content cards,Mapped to 'Cards' from AEM catalog.
Philanthropy Stories | AbbVie,Global Header,Provides the site's main navigation and branding elements.,M,1,"Includes navigation and branding, requiring integration across multiple site sections.",https://www.abbvie.com/who-we-are/our-stories/philanthropy-stories.html,global_header,Main navigation,No exact match found in the AEM catalog.
Philanthropy Stories | AbbVie,Hero Section,Highlights the primary theme or message of the page.,M,1,Prominent visual and heading integration.,https://www.abbvie.com/who-we-are/our-stories/philanthropy-stories.html,hero_section,Hero banner,No exact match found in the AEM catalog.
Philanthropy Stories | AbbVie,Primary Navigation,Offers access to the main website sections.,M,1,Requires hierarchical navigation setup and testing.,https://www.abbvie.com/who-we-are/our-stories/philanthropy-stories.html,primary_navigation,Main site navigation,No exact match found in the AEM catalog.
Philanthropy Stories | AbbVie,Content Introduction,Provides an overview or brief description of the page content.,S,1,Basic text and layout rendering.,https://www.abbvie.com/who-we-are/our-stories/philanthropy-stories.html,content_intro,Introductory text,No exact match found in the AEM catalog.
Philanthropy Stories | AbbVie,Featured Story Card,Displays a highlighted story with visual and textual elements.,M,1,Incorporates media and text with responsive design.,https://www.abbvie.com/who-we-are/our-stories/philanthropy-stories.html,featured_story_card,Story highlight,Mapped to 'Cards' block in the AEM catalog.
Philanthropy Stories | AbbVie,Dashboard Card,Presents key statistics or highlights in a visually engaging format.,M,1,Requires integration of dynamic data and responsive styling.,https://www.abbvie.com/who-we-are/our-stories/philanthropy-stories.html,dashboard_card,Statistics display,Mapped to 'Cards' block in the AEM catalog.
Philanthropy Stories | AbbVie,Footer,Displays secondary navigation and contact information.,M,1,Includes multiple links and legal information sections.,https://www.abbvie.com/who-we-are/our-stories/philanthropy-stories.html,footer,Footer,Mapped to 'Footer' block in the AEM catalog.
Magnified featuring Nicholas Donoghoe | AbbVie,Global Header,Displays the top navigation bar with logo and links.,S,1,Primarily a static navigation element with basic links.,https://www.abbvie.com/who-we-are/our-stories/magnified-featuring-nicholas-donoghoe.html,global_header,Utility strip,Potentially includes accessibility features for navigation.
Magnified featuring Nicholas Donoghoe | AbbVie,Primary Navigation,Serves as the main site navigation menu with dropdowns.,M,1,Dropdown functionality and multi-level navigation.,https://www.abbvie.com/who-we-are/our-stories/magnified-featuring-nicholas-donoghoe.html,primary_navigation,Main navigation,Requires testing for responsive behavior and accessibility.
Magnified featuring Nicholas Donoghoe | AbbVie,Card Grid,Organizes content into a grid layout for related articles or features.,M,1,Dynamic content arrangement and grid responsiveness.,https://www.abbvie.com/who-we-are/our-stories/magnified-featuring-nicholas-donoghoe.html,card_grid,Content grid,Ensure compatibility with various content types and screen sizes.
AbbVie Foundation Supports New Chicago Healthcare Clinic for Underserved Communities | AbbVie,Utility Strip,"Provides quick access to contact, subscription, and group site links.",S,1,Simple header component with links.,https://www.abbvie.com/who-we-are/our-stories/new-microsite-clinic-brings-healthcare-to-chicago-southwest-side.html,global_utility_strip,Utility strip,No matching block found in AEM catalog.
AbbVie Foundation Supports New Chicago Healthcare Clinic for Underserved Communities | AbbVie,Primary Navigation,Main site navigation with dropdown menus for exploring site sections.,M,1,Moderate complexity due to dropdown menus.,https://www.abbvie.com/who-we-are/our-stories/new-microsite-clinic-brings-healthcare-to-chicago-southwest-side.html,primary_navigation,Main navigation,No matching block found in AEM catalog.
AbbVie Foundation Supports New Chicago Healthcare Clinic for Underserved Communities | AbbVie,Main Content,"Displays the primary content of the page, including articles and features.",M,1,Moderate complexity due to dynamic content handling.,https://www.abbvie.com/who-we-are/our-stories/new-microsite-clinic-brings-healthcare-to-chicago-southwest-side.html,main_content,Main content,No matching block found in AEM catalog.
AbbVie Foundation Supports New Chicago Healthcare Clinic for Underserved Communities | AbbVie,Card Grid,Displays a grid of cards with images and descriptions for featured content.,M,1,Moderate complexity due to responsive grid layout.,https://www.abbvie.com/who-we-are/our-stories/new-microsite-clinic-brings-healthcare-to-chicago-southwest-side.html,card_grid,Card grid,Matched to 'Cards' block in AEM catalog.
Magnified featuring Edrice Simmons | AbbVie,Global Utility Strip,"Provides quick access to contact, subscription, and group site links.",S,1,"This block is simple, providing links for utility purposes.",https://www.abbvie.com/who-we-are/our-stories/magnified-featuring-edrice-simmons.html,global_utility_strip,Utility strip,No direct match found in the AEM catalog.
Magnified featuring Edrice Simmons | AbbVie,Primary Navigation,"Main navigation menu for the site, including dropdowns and links.",M,1,"This block involves dropdowns and links, requiring moderate effort.",https://www.abbvie.com/who-we-are/our-stories/magnified-featuring-edrice-simmons.html,primary_navigation,Main navigation,No direct match found in the AEM catalog.
"Meet the ARCH, a time-saving tool for researchers focused on finding cures | AbbVie",Global Utility Strip,"Provides quick access to contact, subscription, and group site links.",M,1,Includes accessibility and navigation links.,https://www.abbvie.com/who-we-are/our-stories/meet-the-arch-a-time-saving-tool-for-researchers-focused-on-finding-cures.html,global_utility_strip,Utility strip,No exact match found in the catalog.
"Meet the ARCH, a time-saving tool for researchers focused on finding cures | AbbVie",Primary Navigation,Main site navigation with dropdown menus for exploring site sections.,C,1,Deep navigation structure with dropdowns.,https://www.abbvie.com/who-we-are/our-stories/meet-the-arch-a-time-saving-tool-for-researchers-focused-on-finding-cures.html,primary_navigation,Main navigation,No exact match found in the catalog.
"Meet the ARCH, a time-saving tool for researchers focused on finding cures | AbbVie",Card Grid,Displays a grid of cards showcasing featured stories and content.,M,1,Involves layout and accessibility for multiple cards.,https://www.abbvie.com/who-we-are/our-stories/meet-the-arch-a-time-saving-tool-for-researchers-focused-on-finding-cures.html,card_grid,Content grid,No exact match found in the catalog.
Synthetic control arm: the end of placebos? | AbbVie,Global Utility Strip,"Provides quick access to contact, subscription, and group site links.",S,1,Simple navigation links without dynamic elements.,https://www.abbvie.com/who-we-are/our-stories/synthetic-control-arm-end-placebos.html,global_utility_strip,Utility strip,No exact match found in the AEM catalog.
Synthetic control arm: the end of placebos? | AbbVie,Primary Navigation,Contains the main navigation menu and branding elements.,M,1,Primary navigation often includes dropdowns and multi-level menus.,https://www.abbvie.com/who-we-are/our-stories/synthetic-control-arm-end-placebos.html,primary_navigation,Main navigation,No exact match found in the AEM catalog.
Synthetic control arm: the end of placebos? | AbbVie,Hero Section,Highlights the main topic or focus of the page with a prominent image and heading.,S,1,Simple hero block with static content and styling.,https://www.abbvie.com/who-we-are/our-stories/synthetic-control-arm-end-placebos.html,hero_section,Hero,Matched to AEM catalog entry 'Hero'.
Synthetic control arm: the end of placebos? | AbbVie,Main Content,"Displays the primary content of the page, including articles and details.",M,1,General content area with potential for dynamic elements.,https://www.abbvie.com/who-we-are/our-stories/synthetic-control-arm-end-placebos.html,main_content,Content area,No exact match found in the AEM catalog.
Immunology’s Next Frontier | AbbVie,Global Header,Provides site-wide navigation and branding.,M,1,Includes accessibility and branding elements.,https://www.abbvie.com/who-we-are/our-stories/immunologys-next-frontier.html,global_header,Site-wide navigation,Potentially integrates with branding guidelines.
Immunology’s Next Frontier | AbbVie,Primary Navigation,Enables main site navigation.,C,1,Deep navigation structure with accessibility requirements.,https://www.abbvie.com/who-we-are/our-stories/immunologys-next-frontier.html,primary_navigation,Main navigation menu,Requires responsive design and accessibility compliance.
Immunology’s Next Frontier | AbbVie,Hero Section,Displays prominent visual and introductory content.,M,1,Includes large image and heading with styling.,https://www.abbvie.com/who-we-are/our-stories/immunologys-next-frontier.html,hero_section,Introductory visual content,Styling and positioning are critical for impact.
Immunology’s Next Frontier | AbbVie,Content Introduction,Introduces page content with title and description.,S,1,Simple text and layout.,https://www.abbvie.com/who-we-are/our-stories/immunologys-next-frontier.html,content_intro,Introductory text,Straightforward implementation.
Immunology’s Next Frontier | AbbVie,Card Grid,Displays content in a card layout.,C,1,Responsive grid layout with interactive elements.,https://www.abbvie.com/who-we-are/our-stories/immunologys-next-frontier.html,card_grid,Featured content grid,Requires responsive design and interactivity.
Real-World Evidence in IBD: Driving Innovative Approaches to Care | AbbVie,Global Utility Strip,"Provides quick access to contact, subscription, and group site links.",S,1,Basic utility navigation with minimal complexity.,https://www.abbvie.com/who-we-are/our-stories/real-world-evidence-uncovers-gaps-in-IBD-care.html,global_utility_strip,Utility strip,No matching block found in AEM catalog.
Real-World Evidence in IBD: Driving Innovative Approaches to Care | AbbVie,Primary Navigation,Contains the main site navigation and branding.,M,1,Primary navigation with branding and potential dropdown menus.,https://www.abbvie.com/who-we-are/our-stories/real-world-evidence-uncovers-gaps-in-IBD-care.html,primary_navigation,Main navigation,No matching block found in AEM catalog.
Advice from a scientist turned physician turned robot builder -- be curious | AbbVie,Global Utility Strip,"Provides quick access to contact, subscription, and group site links.",S,1,Minimal functionality and interaction scope.,https://www.abbvie.com/who-we-are/our-stories/advice-from-scientist-turned-physician-turned-robot-builder-be-curious.html,global_utility_strip,Utility strip,This block could be a custom implementation not matching any catalog entry.
Advice from a scientist turned physician turned robot builder -- be curious | AbbVie,Primary Navigation,Main navigation menu for site sections and pages.,M,1,Includes hierarchical navigation and potential accessibility features.,https://www.abbvie.com/who-we-are/our-stories/advice-from-scientist-turned-physician-turned-robot-builder-be-curious.html,primary_navigation,Main navigation,No catalog match; might require custom handling for deep navigation.
Advice from a scientist turned physician turned robot builder -- be curious | AbbVie,Main Content,The primary content area of the page.,S,1,Simple block focusing on static content display.,https://www.abbvie.com/who-we-are/our-stories/advice-from-scientist-turned-physician-turned-robot-builder-be-curious.html,main_content,Content display,"General content block, potentially custom."
Advice from a scientist turned physician turned robot builder -- be curious | AbbVie,Card Grid,Displays a grid of cards with images and text for navigation or information.,M,1,Responsive grid layout with image and text rendering.,https://www.abbvie.com/who-we-are/our-stories/advice-from-scientist-turned-physician-turned-robot-builder-be-curious.html,card_grid,Card layout,Matched to catalog entry 'Cards' with JS and CSS files available.
How AbbVie Supports Employees Touched by Cancer | AbbVie,Utility Navigation,"Provides quick access to contact, subscription, and group site links.",S,1,Simple navigation with no advanced functionality.,https://www.abbvie.com/who-we-are/our-stories/transforming-cancer-care-from-the-inside-out.html,global_utility_strip,Utility strip,Not matched to a specific AEM block type.
How AbbVie Supports Employees Touched by Cancer | AbbVie,Primary Navigation,Main navigation menu for site sections and pages.,M,1,Hierarchical navigation structure with dropdowns.,https://www.abbvie.com/who-we-are/our-stories/transforming-cancer-care-from-the-inside-out.html,primary_navigation,Main navigation,Not matched to a specific AEM block type.
How AbbVie Supports Employees Touched by Cancer | AbbVie,Hero Section,Prominent section with a large image and introductory content.,S,1,Basic layout functionality with CSS and JS integration.,https://www.abbvie.com/who-we-are/our-stories/transforming-cancer-care-from-the-inside-out.html,hero_section,Hero section,Matched to the 'Hero' block in the AEM catalog.
Time is Hours | AbbVie,Global Utility Strip,"Provides quick access to contact, subscription, and group site links.",S,1,Simple navigation links without additional functionality.,https://www.abbvie.com/who-we-are/our-stories/time-is-hours.html,global_utility_strip,Utility strip,No direct mapping found in the AEM catalog.
Time is Hours | AbbVie,Primary Navigation,Main navigation bar with links to major site sections.,M,1,Main navigation with potential submenus or dropdowns.,https://www.abbvie.com/who-we-are/our-stories/time-is-hours.html,primary_navigation,Main navigation,No direct mapping found in the AEM catalog.
Time is Hours | AbbVie,Hero Section,Prominent section featuring a large image and introductory content.,M,1,Includes styling for large images and text positioning.,https://www.abbvie.com/who-we-are/our-stories/time-is-hours.html,hero_section,Hero,Mapped to the 'Hero' block in the AEM catalog.
Time is Hours | AbbVie,Latest Stories,Displays recent stories or articles in a card format.,M,1,Requires dynamic data handling for story updates.,https://www.abbvie.com/who-we-are/our-stories/time-is-hours.html,latest_stories,Stories display,No direct mapping found in the AEM catalog.
Time is Hours | AbbVie,Call-to-Action Grid,Grid layout encouraging user actions like exploring content or learning more.,M,1,Grid layout with interactive elements.,https://www.abbvie.com/who-we-are/our-stories/time-is-hours.html,cta_grid,Call-to-action grid,No direct mapping found in the AEM catalog.
Working Parents 2023: Finding comfort in community | AbbVie,Global Utility Strip,"Provides quick access to contact, subscription, and group site links.",S,1,Basic navigation links without advanced interaction.,https://www.abbvie.com/who-we-are/our-stories/working-parents-2023-finding-comfort-in-community.html,global_utility_strip,Utility strip,No catalog match found.
Working Parents 2023: Finding comfort in community | AbbVie,Primary Navigation,Main site navigation including mega menus and links.,M,1,Involves hierarchical navigation structure.,https://www.abbvie.com/who-we-are/our-stories/working-parents-2023-finding-comfort-in-community.html,primary_navigation,Main navigation,No catalog match found.
Working Parents 2023: Finding comfort in community | AbbVie,Hero Section,Highlights the main story or focus of the page with a large image and heading.,M,1,Includes visual styling and potential dynamic elements.,https://www.abbvie.com/who-we-are/our-stories/working-parents-2023-finding-comfort-in-community.html,hero_section,Hero,Matched to catalog entry 'Hero'.
Working Parents 2023: Finding comfort in community | AbbVie,Latest Stories,Displays a grid of recent stories or articles.,S,1,Static grid layout with basic styling.,https://www.abbvie.com/who-we-are/our-stories/working-parents-2023-finding-comfort-in-community.html,latest_stories,Stories grid,No catalog match found.
Working Parents 2023: Finding comfort in community | AbbVie,Key Facts Section,Presents important statistics or achievements.,S,1,Simple data presentation without interactivity.,https://www.abbvie.com/who-we-are/our-stories/working-parents-2023-finding-comfort-in-community.html,key_facts,Facts display,No catalog match found.
Brand Partnerships | AbbVie,Global Utility Strip,Provides global navigation and accessibility links.,S,1,Minimal functionality with simple links.,https://www.abbvie.com/who-we-are/brand-partnerships.html,global_utility_strip,Utility strip,Could benefit from a11y audit.
Brand Partnerships | AbbVie,Primary Navigation,Main navigation bar with dropdowns for site navigation.,M,1,Dropdown functionality and multi-level navigation.,https://www.abbvie.com/who-we-are/brand-partnerships.html,primary_navigation,Main navigation,Ensure responsive design compatibility.
Brand Partnerships | AbbVie,Hero Section,Prominent visual section with an image and introductory text.,M,1,High-impact visual design and potential interactivity.,https://www.abbvie.com/who-we-are/brand-partnerships.html,hero_section,Hero banner,Focus on optimizing load times for large images.
Brand Partnerships | AbbVie,Main Content,Central content area displaying primary page information.,S,1,Static content with limited interactivity.,https://www.abbvie.com/who-we-are/brand-partnerships.html,main_content,Content body,Verify content alignment and spacing.
Change from within: Kenyan mom groups help families and communities thrive | AbbVie,Utility Strip,Provides quick access links and subscription options.,S,1,Simple links and contact information.,https://www.abbvie.com/who-we-are/our-stories/change-from-within.html,global_utility_strip,Utility strip,No matching catalog entry found.
Change from within: Kenyan mom groups help families and communities thrive | AbbVie,Primary Navigation,Main navigation for site sections.,M,1,Dropdown menus and navigation hierarchy.,https://www.abbvie.com/who-we-are/our-stories/change-from-within.html,primary_navigation,Main navigation,No matching catalog entry found.
Change from within: Kenyan mom groups help families and communities thrive | AbbVie,Footer,Site-wide footer with navigation and copyright.,S,1,Basic styling and content display.,https://www.abbvie.com/who-we-are/our-stories/change-from-within.html,footer,Footer,Catalog entry matched successfully.
AbbVie Research Collaborative | AbbVie,Global Utility Navigation,"Provides quick access links for contact, subscription, and site navigation.",S,1,Simple layout with links and accessibility features.,https://www.abbvie.com/who-we-are/our-stories/abbvie-research-collaborative.html,global_utility_strip,Utility strip,No direct match found in the AEM catalog.
AbbVie Research Collaborative | AbbVie,Main Navigation,Primary navigation bar with dropdown menus for site sections.,M,1,Dropdown menus require additional accessibility and interaction handling.,https://www.abbvie.com/who-we-are/our-stories/abbvie-research-collaborative.html,primary_navigation,Main navigation,Catalog query did not return a matching block.
AbbVie Research Collaborative | AbbVie,Content Introduction,Introductory section with text and links to key site areas.,S,1,Static content with basic styling and links.,https://www.abbvie.com/who-we-are/our-stories/abbvie-research-collaborative.html,content_intro,Introduction,No corresponding block found in the catalog.
AbbVie Research Collaborative | AbbVie,Card Grid,Displays a grid of cards for highlighting stories and features.,C,1,Responsive grid layout with interactive elements and styling.,https://www.abbvie.com/who-we-are/our-stories/abbvie-research-collaborative.html,card_grid,Card grid,Matched to 'Cards' block in the AEM catalog.
Why you can’t wait with rheumatoid arthritis | AbbVie,Utility Strip,"Provides quick access to contact, subscription, and group site links.",S,1,Simple functionality with limited interactive elements.,https://www.abbvie.com/who-we-are/our-stories/why-you-cant-wait-with-rheumatoid-arthritis.html,global_utility_strip,Utility strip,No matching block found in the catalog.
Why you can’t wait with rheumatoid arthritis | AbbVie,Primary Navigation,Main site navigation with dropdown menus for exploring site sections.,M,1,Moderate complexity due to dropdown menus and accessibility requirements.,https://www.abbvie.com/who-we-are/our-stories/why-you-cant-wait-with-rheumatoid-arthritis.html,primary_navigation,Main navigation,No matching block found in the catalog.
Why you can’t wait with rheumatoid arthritis | AbbVie,Back to Top Button,Provides a button to quickly scroll back to the top of the page.,S,1,Simple functionality with limited interactive elements.,https://www.abbvie.com/who-we-are/our-stories/why-you-cant-wait-with-rheumatoid-arthritis.html,back_to_top,Scroll utility,No matching block found in the catalog.
Empowering Innovation Through the AbbVie Foundation Health Equity Accelerator | AbbVie,Global Utility Strip,Provides quick access to links and site navigation.,S,1,Simple navigation links without complex interaction.,https://www.abbvie.com/who-we-are/our-stories/empowering-innovation-through-the-abbvie-foundation-health-equit.html,global_utility_strip,Utility strip,No exact match found in AEM catalog.
Empowering Innovation Through the AbbVie Foundation Health Equity Accelerator | AbbVie,Primary Navigation,Main site navigation including logo and menu.,M,1,Includes primary navigation and logo integration.,https://www.abbvie.com/who-we-are/our-stories/empowering-innovation-through-the-abbvie-foundation-health-equit.html,primary_navigation,Main navigation,No exact match found in AEM catalog.
Empowering Innovation Through the AbbVie Foundation Health Equity Accelerator | AbbVie,Hero Section,Prominent introductory section with a large image and title.,M,1,Includes hero image and text alignment.,https://www.abbvie.com/who-we-are/our-stories/empowering-innovation-through-the-abbvie-foundation-health-equit.html,hero_section,Hero banner,Matched to 'Hero' in AEM catalog.
Empowering Innovation Through the AbbVie Foundation Health Equity Accelerator | AbbVie,Card Grid,Displays a grid of cards with images and descriptions.,M,1,Grid layout with responsive design.,https://www.abbvie.com/who-we-are/our-stories/empowering-innovation-through-the-abbvie-foundation-health-equit.html,card_grid,Card layout,Matched to 'Cards' in AEM catalog.
Virology Stories | AbbVie,Global Utility Strip,"Provides links for contact, subscription, and access to group sites.",S,1,Simple utility strip with static links.,https://www.abbvie.com/who-we-are/our-stories/virology-stories.html,global_utility_strip,Utility strip,No direct match found in AEM catalog.
Virology Stories | AbbVie,Primary Navigation,Main navigation menu supporting dropdowns for site sections.,M,1,Includes dropdown functionality requiring additional implementation.,https://www.abbvie.com/who-we-are/our-stories/virology-stories.html,primary_navigation,Main navigation,No direct match found in AEM catalog.
Two Lives Converge in the Fight Against Parkinson’s | AbbVie,Global Navigation,Provides primary navigation functionality for the website.,M,1,Requires accessibility compliance and integration with site-wide navigation systems.,https://www.abbvie.com/who-we-are/our-stories/two-lives-converging-in-the-fight-against-parkinsons.html,global_navigation,Primary navigation,May include dropdowns and multi-level menus.
Two Lives Converge in the Fight Against Parkinson’s | AbbVie,Hero Section,Showcases the main theme or focus of the page with a large visual and headline.,M,1,Includes prominent media elements and dynamic content.,https://www.abbvie.com/who-we-are/our-stories/two-lives-converging-in-the-fight-against-parkinsons.html,hero_section,Hero banner,Could involve animations or transitions.
Two Lives Converge in the Fight Against Parkinson’s | AbbVie,Main Content Area,"Displays the core content of the page, such as articles or features.",M,1,Handles diverse content types and layouts.,https://www.abbvie.com/who-we-are/our-stories/two-lives-converging-in-the-fight-against-parkinsons.html,main_content,Primary content display,"May include text, images, and embedded media."
How AbbVie is working to push boundaries in mental health research | AbbVie,Global Utility Strip,"Provides quick links for contact, subscription, and access to group sites.",S,1,Simple utility strip without complex interactivity.,https://www.abbvie.com/who-we-are/our-stories/a-legacy-of-leadership-in-mental-health.html,global_utility_strip,Utility strip,Could be mapped to a catalog block if identified in future updates.
How AbbVie is working to push boundaries in mental health research | AbbVie,Primary Navigation,Main navigation menu for site sections and subcategories.,M,1,Navigation menus often involve hierarchical structures and accessibility considerations.,https://www.abbvie.com/who-we-are/our-stories/a-legacy-of-leadership-in-mental-health.html,primary_navigation,Main navigation,Requires further investigation for catalog mapping.
How AbbVie is working to push boundaries in mental health research | AbbVie,Card Grid,Displays a grid of cards featuring additional articles or resources.,M,1,Card grids involve responsive design and dynamic content loading.,https://www.abbvie.com/who-we-are/our-stories/a-legacy-of-leadership-in-mental-health.html,card_grid,Grid layout,Mapped to 'Cards' block from AEM catalog.
How AbbVie is working to push boundaries in mental health research | AbbVie,Back to Top Button,Allows users to quickly navigate back to the top of the page.,S,1,Simple button functionality with potential accessibility features.,https://www.abbvie.com/who-we-are/our-stories/a-legacy-of-leadership-in-mental-health.html,back_to_top_button,Navigation aid,Could be mapped to a catalog block if identified in future updates.
An Innovative Approach to Improve Maternal Health | AbbVie,Global Utility Strip,"Provides quick access to contact, subscription, and other utility links.",S,1,Simple utility links with minimal interactivity.,https://www.abbvie.com/who-we-are/our-stories/an-innovative-approach-to-improve-maternal-health.html,global_utility_strip,Utility strip,No exact match found in the AEM catalog.
An Innovative Approach to Improve Maternal Health | AbbVie,Primary Navigation,Main navigation bar for site sections and pages.,C,1,Deep navigation structure may involve complex accessibility and design considerations.,https://www.abbvie.com/who-we-are/our-stories/an-innovative-approach-to-improve-maternal-health.html,primary_navigation,Main navigation,No exact match found in the AEM catalog.
An Innovative Approach to Improve Maternal Health | AbbVie,Hero Section,Prominent visual and textual introduction to the page's main topic.,M,1,Involves visual design and potential multimedia elements.,https://www.abbvie.com/who-we-are/our-stories/an-innovative-approach-to-improve-maternal-health.html,hero_section,Hero,No exact match found in the AEM catalog.
An Innovative Approach to Improve Maternal Health | AbbVie,Main Content,"Contains the primary content of the page, including articles and multimedia.",M,1,Includes diverse content types requiring detailed migration planning.,https://www.abbvie.com/who-we-are/our-stories/an-innovative-approach-to-improve-maternal-health.html,main_content,Content,No exact match found in the AEM catalog.
An Innovative Approach to Improve Maternal Health | AbbVie,Back to Top,Allows users to quickly return to the top of the page.,S,1,Minimal functionality with straightforward implementation.,https://www.abbvie.com/who-we-are/our-stories/an-innovative-approach-to-improve-maternal-health.html,back_to_top,Utility,No exact match found in the AEM catalog.
Podcasts | AbbVie,Global Utility Strip,Provides quick access to contact information and related links.,S,1,Simple layout with links and minimal interactivity.,https://www.abbvie.com/who-we-are/our-stories/the-persistence-lab-podcasts.html,global_utility_strip,Utility strip,No direct match in the AEM catalog.
Podcasts | AbbVie,Primary Navigation,Main navigation menu with dropdowns for subcategories.,M,1,Includes dropdowns and hierarchical structure.,https://www.abbvie.com/who-we-are/our-stories/the-persistence-lab-podcasts.html,primary_navigation,Main navigation,No direct match in the AEM catalog.
Podcasts | AbbVie,Main Content Intro,Introductory section providing page context.,S,1,Static content with minimal complexity.,https://www.abbvie.com/who-we-are/our-stories/the-persistence-lab-podcasts.html,main_content_intro,Introductory content,No direct match in the AEM catalog.
Podcasts | AbbVie,Related Articles,Displays related articles relevant to the page content.,M,1,Includes dynamic content rendering and card layout.,https://www.abbvie.com/who-we-are/our-stories/the-persistence-lab-podcasts.html,related_articles,Related content cards,No direct match in the AEM catalog.
Podcasts | AbbVie,Footer Links,Provides footer navigation and additional resources.,S,1,Basic footer with links and styling.,https://www.abbvie.com/who-we-are/our-stories/the-persistence-lab-podcasts.html,footer_links,Footer navigation,Matched to 'Footer' in AEM catalog.
Not good enough: behind the drive to give cancer patients more time | AbbVie,Global Utility Strip,"Provides quick access to contact, subscription, and group site links.",S,1,Limited functionality and simple accessibility requirements.,https://www.abbvie.com/who-we-are/our-stories/not-good-enough-behind-the-drive-to-give-cancer-patients-more-time.html,global_utility_strip,Utility strip,No matching block in the AEM catalog.
Not good enough: behind the drive to give cancer patients more time | AbbVie,Primary Navigation,"Main navigation menu for the site, including dropdowns and links.",C,1,Deep navigation structure and extensive accessibility requirements.,https://www.abbvie.com/who-we-are/our-stories/not-good-enough-behind-the-drive-to-give-cancer-patients-more-time.html,primary_navigation,Main navigation,No matching block in the AEM catalog.
Not good enough: behind the drive to give cancer patients more time | AbbVie,Card Grid,Displays a grid of content cards with images and text.,M,1,Moderate complexity due to responsive layout and styling requirements.,https://www.abbvie.com/who-we-are/our-stories/not-good-enough-behind-the-drive-to-give-cancer-patients-more-time.html,card_grid,Content cards,Matched to the 'Cards' block in the AEM catalog.
Not good enough: behind the drive to give cancer patients more time | AbbVie,Call-to-Action Section,Encourages users to take specific actions like exploring more content.,S,1,Simple functionality with minimal interactivity.,https://www.abbvie.com/who-we-are/our-stories/not-good-enough-behind-the-drive-to-give-cancer-patients-more-time.html,cta_section,Call-to-action,No matching block in the AEM catalog.
Science Stories | AbbVie,Utility Navigation,"Provides quick access to contact, subscription, and group site links.",S,1,Simple navigation links without deep interactivity.,https://www.abbvie.com/who-we-are/our-stories/science-stories.html,global_utility_strip,Utility strip,Could be mapped to a similar block if found in catalog.
Science Stories | AbbVie,Primary Navigation,"Main navigation menu for the site, including dropdowns for primary categories.",M,1,Navigation requires dropdown functionality and accessibility considerations.,https://www.abbvie.com/who-we-are/our-stories/science-stories.html,primary_navigation,Main navigation,Ensure dropdown accessibility compliance.
Science Stories | AbbVie,Hero Section,Prominent section at the top of the page showcasing the main theme or message.,M,1,"Hero section with large image and text, styling and positioning involved.",https://www.abbvie.com/who-we-are/our-stories/science-stories.html,hero_section,Hero,Match found in catalog with CSS and JavaScript assets.
Science Stories | AbbVie,Story Card Grid,Grid displaying featured stories with images and descriptions.,M,1,Responsive grid layout with card-like design for stories.,https://www.abbvie.com/who-we-are/our-stories/science-stories.html,story_card_grid,Card grid,Mapped to 'Cards' block in catalog.
Science Stories | AbbVie,Dashboard Statistics,Displays key statistics and recognitions in a dashboard format.,M,1,Dashboard format with potential interactivity and thematic styling.,https://www.abbvie.com/who-we-are/our-stories/science-stories.html,dashboard_statistics,Statistics dashboard,No direct match found in catalog; custom implementation may be needed.
Pre-Approval Access to Investigational Drugs Policy | AbbVie,Global Utility Strip,"Provides quick access to contact, subscription, and group site links.",S,1,Basic utility strip with no interactive or dynamic elements.,https://www.abbvie.com/who-we-are/access-to-investigational-drugs-policy.html,global_utility_strip,Utility strip,No matching AEM block found in catalog.
Pre-Approval Access to Investigational Drugs Policy | AbbVie,Primary Navigation,Main site navigation with dropdown menus for exploring site sections.,M,1,Includes dropdown menus and potential accessibility requirements.,https://www.abbvie.com/who-we-are/access-to-investigational-drugs-policy.html,primary_navigation,Main navigation,No matching AEM block found in catalog.
Pre-Approval Access to Investigational Drugs Policy | AbbVie,Hero Section,Highlights the main theme or message of the page with a prominent visual and text.,M,1,Requires integration of visuals and CSS/JS for styling and functionality.,https://www.abbvie.com/who-we-are/access-to-investigational-drugs-policy.html,hero_section,Hero,Mapped to Hero block in AEM catalog.
Pre-Approval Access to Investigational Drugs Policy | AbbVie,Content Columns,Displays content in a multi-column layout for structured information presentation.,M,1,Requires layout management for responsive designs.,https://www.abbvie.com/who-we-are/access-to-investigational-drugs-policy.html,content_columns,Content columns,No matching AEM block found in catalog.
Pre-Approval Access to Investigational Drugs Policy | AbbVie,Card Grid,Showcases key stories or features in a card-based layout.,M,1,Dynamic card layout with images and text requires styling and scripting.,https://www.abbvie.com/who-we-are/access-to-investigational-drugs-policy.html,card_grid,Card grid,Mapped to Cards block in AEM catalog.
Magnified featuring Johanna Corbin | AbbVie,Global Utility Strip,"Provides quick access to contact, subscription, and group site links.",S,1,Basic navigation accessibility and functionality.,https://www.abbvie.com/who-we-are/our-stories/magnified-featuring-johanna-corbin.html,global_utility_strip,Utility strip,No exact match found in AEM catalog.
Magnified featuring Johanna Corbin | AbbVie,Primary Navigation,Main navigation bar with links to key site sections.,M,1,Primary navigation requires thorough accessibility and hierarchical structuring.,https://www.abbvie.com/who-we-are/our-stories/magnified-featuring-johanna-corbin.html,primary_navigation,Main navigation,No exact match found in AEM catalog.
Magnified featuring Johanna Corbin | AbbVie,Content Teasers,Teaser cards for related articles or features.,M,1,Dynamic content display and interactivity.,https://www.abbvie.com/who-we-are/our-stories/magnified-featuring-johanna-corbin.html,content_teasers,Teaser cards,No exact match found in AEM catalog.
Magnified featuring Johanna Corbin | AbbVie,CTA Buttons,Buttons prompting user actions like 'Learn More' or 'Go to Page'.,S,1,Simple button functionality.,https://www.abbvie.com/who-we-are/our-stories/magnified-featuring-johanna-corbin.html,cta_buttons,Call-to-action,No exact match found in AEM catalog.
Magnified featuring Johanna Corbin | AbbVie,Back to Top Button,Button to quickly scroll back to the top of the page.,S,1,Basic scrolling functionality.,https://www.abbvie.com/who-we-are/our-stories/magnified-featuring-johanna-corbin.html,back_to_top,Scroll utility,No exact match found in AEM catalog.
Serving Communities Stories | AbbVie,Global Utility Strip,"Provides quick access to contact, subscription, and group site links.",S,1,Limited functionality with basic navigation links.,https://www.abbvie.com/who-we-are/our-stories/serving-communities-stories.html,global_utility_strip,Utility strip,No direct mapping found in AEM catalog.
Serving Communities Stories | AbbVie,Primary Navigation,Main navigation menu for site sections and subcategories.,M,1,Includes hierarchical navigation and potential dropdowns.,https://www.abbvie.com/who-we-are/our-stories/serving-communities-stories.html,primary_navigation,Main navigation,No direct mapping found in AEM catalog.
Serving Communities Stories | AbbVie,Hero Section,Highlights the main theme or topic of the page with a large image and heading.,M,1,Includes visual and textual elements requiring responsive design.,https://www.abbvie.com/who-we-are/our-stories/serving-communities-stories.html,hero_section,Hero banner,No direct mapping found in AEM catalog.
Serving Communities Stories | AbbVie,Card Grid - Stories,Displays a grid of story cards with images and descriptions.,C,1,"Requires dynamic loading, responsive design, and interaction handling.",https://www.abbvie.com/who-we-are/our-stories/serving-communities-stories.html,card_grid_stories,Story cards,Mapped to 'Cards' block in AEM catalog.
Serving Communities Stories | AbbVie,Dashboard Cards,Shows key statistics or highlights in a compact card format.,M,1,Compact design with data visualization or summary elements.,https://www.abbvie.com/who-we-are/our-stories/serving-communities-stories.html,dashboard_cards,Dashboard highlights,No direct mapping found in AEM catalog.
"Real People, Real Inspiration: Joe’s Story | AbbVie",Global Utility Strip,"Provides quick access to contact information, subscription options, and links to group sites.",S,1,Straightforward utility navigation functionality.,https://www.abbvie.com/who-we-are/our-stories/real-people-real-inspiration-joes-story.html,global_utility_strip,Utility strip,No exact match in the AEM catalog.
"Real People, Real Inspiration: Joe’s Story | AbbVie",Primary Navigation,"Main navigation menu for the site, including dropdowns for major sections.",M,1,Includes dropdown menus and potential accessibility features.,https://www.abbvie.com/who-we-are/our-stories/real-people-real-inspiration-joes-story.html,primary_navigation,Main navigation,No exact match in the AEM catalog.
"Real People, Real Inspiration: Joe’s Story | AbbVie",Story Highlights Grid,Displays a grid of cards showcasing key stories or features.,M,1,Requires layout and responsive design considerations.,https://www.abbvie.com/who-we-are/our-stories/real-people-real-inspiration-joes-story.html,card_grid_story_highlights,Card grid,No exact match in the AEM catalog.
Shedding light upon a misunderstood skin condition: Hidradenitis Suppurativa | AbbVie,Utility Navigation,"Provides quick access to contact, subscription, and group sites.",S,1,Limited functionality focusing on navigation links.,https://www.abbvie.com/who-we-are/our-stories/shedding-light-upon-a-misunderstood-skin-condition-hidradenitis.html,global_utility_strip,Utility strip,No direct match found in AEM catalog.
Shedding light upon a misunderstood skin condition: Hidradenitis Suppurativa | AbbVie,Main Navigation,Main site navigation with dropdown menus for sections.,M,1,Dropdown menus add moderate complexity.,https://www.abbvie.com/who-we-are/our-stories/shedding-light-upon-a-misunderstood-skin-condition-hidradenitis.html,primary_navigation,Primary navigation,No direct match found in AEM catalog.
Shedding light upon a misunderstood skin condition: Hidradenitis Suppurativa | AbbVie,Content Area,The primary content area of the page.,S,1,Static content with straightforward rendering.,https://www.abbvie.com/who-we-are/our-stories/shedding-light-upon-a-misunderstood-skin-condition-hidradenitis.html,main_content,Main content,No direct match found in AEM catalog.
A molecular behavior chart: speeding up research with predictive analytics | AbbVie,Global Navigation,Provides primary navigation for accessing main site sections.,S,1,Limited functionality focusing on navigation links.,https://www.abbvie.com/who-we-are/our-stories/a-molecular-behavior-chart-speeding-up-research-with-predictive-analytics.html,global_navigation,Primary navigation,Could benefit from accessibility enhancements.
A molecular behavior chart: speeding up research with predictive analytics | AbbVie,Hero Section,Displays the main visual and textual introduction.,M,1,Includes visual and textual elements requiring responsive design.,https://www.abbvie.com/who-we-are/our-stories/a-molecular-behavior-chart-speeding-up-research-with-predictive-analytics.html,hero_section,Large image with heading,Ensure proper styling and responsive behavior.
A molecular behavior chart: speeding up research with predictive analytics | AbbVie,Main Content Area,Houses the primary content of the page.,S,1,Primarily static content with potential for dynamic updates.,https://www.abbvie.com/who-we-are/our-stories/a-molecular-behavior-chart-speeding-up-research-with-predictive-analytics.html,main_content,Article or story content,Verify content rendering and formatting.
Profile Stories | AbbVie,Utility Strip,"Provides links for contact, subscription, and group sites.",S,1,Basic navigation elements with links.,https://www.abbvie.com/who-we-are/our-stories/profile-stories.html,global_utility_strip,Utility strip,No direct match in AEM catalog.
Profile Stories | AbbVie,Primary Navigation,"Contains the main site navigation menu, including dropdowns for sections.",C,1,Complex dropdown navigation structure.,https://www.abbvie.com/who-we-are/our-stories/profile-stories.html,primary_navigation,Main navigation,No direct match in AEM catalog.
Profile Stories | AbbVie,Content Card Grid,Displays a grid of cards with images and text for various stories or topics.,M,1,Grid layout with responsive design and styling.,https://www.abbvie.com/who-we-are/our-stories/profile-stories.html,content_card_grid,Card grid,Mapped to 'Cards' in AEM catalog.
Profile Stories | AbbVie,Back to Top Button,Provides a button to quickly navigate to the top of the page.,S,1,Simple button functionality.,https://www.abbvie.com/who-we-are/our-stories/profile-stories.html,back_to_top_button,Navigation utility,No direct match in AEM catalog.
Resilient Reality: The Emotional Toll of Ovarian Cancer | AbbVie,Global Utility Strip,"Provides quick access to contact, subscription, and group sites.",S,1,Simple utility bar with links.,https://www.abbvie.com/who-we-are/our-stories/resilient-reality-the-emotional-toll-of-ovarian-cancer.html,global_utility_strip,Utility strip,No matching catalog entry found.
Resilient Reality: The Emotional Toll of Ovarian Cancer | AbbVie,Primary Navigation,Main navigation menu for accessing site sections.,M,1,Navigation menus often involve hierarchical structures and accessibility considerations.,https://www.abbvie.com/who-we-are/our-stories/resilient-reality-the-emotional-toll-of-ovarian-cancer.html,primary_navigation,Main navigation,No matching catalog entry found.
Chicago Cubs | AbbVie,Global Utility Strip,"Provides quick access to contact, subscription, and group site links.",S,1,Simple navigation links without advanced features.,https://www.abbvie.com/who-we-are/brand-partnerships/cubs.html,global_utility_strip,Utility strip,No similar block found in catalog.
Chicago Cubs | AbbVie,Primary Navigation,"Main navigation bar for the site, including logo and menu.",M,1,Main navigation typically includes multiple features like dropdowns.,https://www.abbvie.com/who-we-are/brand-partnerships/cubs.html,primary_navigation,Main navigation,No similar block found in catalog.
Chicago Cubs | AbbVie,Hero Section,Prominent section with a large image and heading to capture attention.,M,1,Requires styling and scripting for hero display.,https://www.abbvie.com/who-we-are/brand-partnerships/cubs.html,hero_section,Hero section,Mapped to Hero block from catalog.
Chicago Cubs | AbbVie,Call-to-Action Grid,"Grid layout for multiple CTAs, encouraging user interaction.",M,1,Interactive grid layout with multiple elements.,https://www.abbvie.com/who-we-are/brand-partnerships/cubs.html,cta_grid,CTA grid,No similar block found in catalog.
How the Parkinson’s Disease Community and AbbVie are Shaping the Future of Care | AbbVie,Global Utility Strip,"Provides quick access to contact information, subscription options, and links to group sites.",S,1,Simple utility strip with minimal functionality.,https://www.abbvie.com/who-we-are/our-stories/how-the-parkinsons-disease-community-is-shaping-the-future.html,global_utility_strip,Utility strip,No direct match found in the AEM blocks catalog.
How the Parkinson’s Disease Community and AbbVie are Shaping the Future of Care | AbbVie,Primary Navigation,"Main navigation menu for the website, including dropdowns and links to major sections.",M,1,Primary navigation with dropdowns and structured links.,https://www.abbvie.com/who-we-are/our-stories/how-the-parkinsons-disease-community-is-shaping-the-future.html,primary_navigation,Main navigation,No direct match found in the AEM blocks catalog.
Recognizing the mental health impact of chronic skin disease | AbbVie,Utility Navigation,Provides global links for contact and subscriptions.,S,1,Simple navigation links without complex interactions.,https://www.abbvie.com/who-we-are/our-stories/recognizing-the-mental-health-impact-of-chronic-skin-disease.html,global_utility_strip,Utility Strip,No complex features detected.
Recognizing the mental health impact of chronic skin disease | AbbVie,Main Navigation,Main site navigation for accessing different sections.,M,1,Requires responsive design and potential dropdown menus.,https://www.abbvie.com/who-we-are/our-stories/recognizing-the-mental-health-impact-of-chronic-skin-disease.html,primary_navigation,Primary Navigation,Includes hierarchical navigation.
Recognizing the mental health impact of chronic skin disease | AbbVie,Content Introduction,Introduces page content with a title and description.,S,1,Static content with minimal interactivity.,https://www.abbvie.com/who-we-are/our-stories/recognizing-the-mental-health-impact-of-chronic-skin-disease.html,main_content_intro,Hero Introduction,Focuses on visual and textual introduction.
Recognizing the mental health impact of chronic skin disease | AbbVie,Call-to-Action Buttons,Interactive buttons for user actions or navigation.,S,1,Simple button functionality without complex interactions.,https://www.abbvie.com/who-we-are/our-stories/recognizing-the-mental-health-impact-of-chronic-skin-disease.html,cta_buttons,Interactive Buttons,Directs users to related pages.
Recognizing the mental health impact of chronic skin disease | AbbVie,Related Links,Displays a list of links for navigation.,S,1,Static list layout without dynamic features.,https://www.abbvie.com/who-we-are/our-stories/recognizing-the-mental-health-impact-of-chronic-skin-disease.html,link_list,Link Collection,Organized navigation links.
Recognizing the mental health impact of chronic skin disease | AbbVie,Highlighted Story,Showcases featured content with an image and description.,M,1,Involves styling and responsive design for content presentation.,https://www.abbvie.com/who-we-are/our-stories/recognizing-the-mental-health-impact-of-chronic-skin-disease.html,featured_card,Featured Content,Highlights specific stories or profiles.
Recognizing the mental health impact of chronic skin disease | AbbVie,Summary Card,Displays summarized information in a card format.,M,1,Requires dynamic content loading and responsive design.,https://www.abbvie.com/who-we-are/our-stories/recognizing-the-mental-health-impact-of-chronic-skin-disease.html,dashboard_card,Information Summary,Used for showcasing quick facts or statistics.
The value of education: From a dim reality to a bright future | AbbVie,Utility Strip,"Provides quick access to contact, subscription, and group site links.",S,1,Simple utility strip with limited functionality.,https://www.abbvie.com/who-we-are/our-stories/the-value-of-education-from-a-dim-reality-to-a-bright-future.html,global_utility_strip,Utility strip,No corresponding block found in AEM catalog.
The value of education: From a dim reality to a bright future | AbbVie,Primary Navigation,Main site navigation with dropdown menus for site sections.,M,1,Navigation complexity with dropdown menus.,https://www.abbvie.com/who-we-are/our-stories/the-value-of-education-from-a-dim-reality-to-a-bright-future.html,primary_navigation,Main navigation,No corresponding block found in AEM catalog.
The value of education: From a dim reality to a bright future | AbbVie,Footer Links,Footer section with additional navigation and legal links.,M,1,Footer includes multiple links and styling requirements.,https://www.abbvie.com/who-we-are/our-stories/the-value-of-education-from-a-dim-reality-to-a-bright-future.html,footer_links,Footer navigation,Mapped to AEM catalog block 'Footer'.
"Little patients, big impact: Our approach to pediatric oncology | AbbVie",Utility Navigation,"Provides access to global links for contact, subscription, and groups.",S,1,Simple navigation without nested structures or complex interactions.,https://www.abbvie.com/who-we-are/our-stories/little-patients-big-impact.html,global_utility_strip,Utility strip,May require minor styling adjustments for a consistent look.
"Little patients, big impact: Our approach to pediatric oncology | AbbVie",Primary Navigation,Main navigation bar with dropdown support for site exploration.,M,1,Dropdown menus and potential accessibility optimizations.,https://www.abbvie.com/who-we-are/our-stories/little-patients-big-impact.html,primary_navigation,Main navigation,Ensure accessibility compliance and responsive design.
"Little patients, big impact: Our approach to pediatric oncology | AbbVie",Hero Section,Highlights the page's main theme with a large visual and headline.,M,1,Large image and heading require responsive design and optimized loading.,https://www.abbvie.com/who-we-are/our-stories/little-patients-big-impact.html,hero_section,Hero banner,Check for image optimization and text alignment.
"Little patients, big impact: Our approach to pediatric oncology | AbbVie",Call-to-Action Grid,Displays multiple action buttons or links in a grid layout.,M,1,Grid layout with multiple links/buttons might require responsive adjustments.,https://www.abbvie.com/who-we-are/our-stories/little-patients-big-impact.html,cta_grid,Subscribe,Ensure that CTAs are visually distinct and accessible.
"Little patients, big impact: Our approach to pediatric oncology | AbbVie",Card Grid,Showcases articles or stories in a card layout for easy browsing.,C,1,Requires responsive grid layout and integration of dynamic content.,https://www.abbvie.com/who-we-are/our-stories/little-patients-big-impact.html,card_grid,Card layout,Focus on accessibility and dynamic content loading.
Company Stories | AbbVie,Utility Links,Provides quick access to global resources such as contact and subscribe links.,S,1,Simple structure with limited functionality.,https://www.abbvie.com/who-we-are/our-stories/company-stories.html,global_utility_strip,Utility strip,No matching catalog block found.
Company Stories | AbbVie,Main Navigation,Facilitates site navigation with branding and mega-navigation capabilities.,C,1,Complex navigation with branding and potentially deep hierarchy.,https://www.abbvie.com/who-we-are/our-stories/company-stories.html,primary_navigation,Main navigation,No matching catalog block found.
Company Stories | AbbVie,Back to Top Button,Enables users to quickly scroll back to the top of the page.,S,1,Simple functionality with minimal user interaction.,https://www.abbvie.com/who-we-are/our-stories/company-stories.html,back_to_top,Scroll utility,No matching catalog block found.
More than itchy skin | AbbVie,Global Utility Strip,"Provides quick access to contact, subscription, and group site links.",M,1,Model output omitted this blockId after catalog review. Mapped as Unmapped; re-run mapping or fix agent output.,https://www.abbvie.com/who-we-are/our-stories/much-more-than-itchy-skin-breaking-down-complexities-atopic-dermatitis.html,global_utility_strip,default,templateIds: tpl_174
More than itchy skin | AbbVie,Primary Navigation,Main site navigation for accessing different sections.,M,1,Model output omitted this blockId after catalog review. Mapped as Unmapped; re-run mapping or fix agent output.,https://www.abbvie.com/who-we-are/our-stories/much-more-than-itchy-skin-breaking-down-complexities-atopic-dermatitis.html,primary_navigation,default,templateIds: tpl_174
More than itchy skin | AbbVie,Content Introduction,Introduces the primary content with a brief description.,M,1,Model output omitted this blockId after catalog review. Mapped as Unmapped; re-run mapping or fix agent output.,https://www.abbvie.com/who-we-are/our-stories/much-more-than-itchy-skin-breaking-down-complexities-atopic-dermatitis.html,content_intro,default,templateIds: tpl_174
Decoding the immune system’s secrets: inside the discovery of a new medicine | AbbVie,Global Navigation,Provides site-wide navigation links and branding.,M,1,"Global navigation typically involves accessibility considerations, dropdown menus, and dynamic links.",https://www.abbvie.com/who-we-are/our-stories/decoding-immune-systems-secrets-inside-the-discovery-of-a-new-medicine.html,global_navigation,Site-wide navigation,No matching block found in catalog.
Decoding the immune system’s secrets: inside the discovery of a new medicine | AbbVie,Hero Section,Highlights the main topic of the page with a large image and title.,M,1,"Hero sections often include dynamic headers, images, and responsive design requirements.",https://www.abbvie.com/who-we-are/our-stories/decoding-immune-systems-secrets-inside-the-discovery-of-a-new-medicine.html,hero_section,Main page header,No matching block found in catalog.
Decoding the immune system’s secrets: inside the discovery of a new medicine | AbbVie,Main Content,"Contains the primary content of the page, including text and images.",M,1,"Main content areas involve text formatting, image embedding, and potential interactivity.",https://www.abbvie.com/who-we-are/our-stories/decoding-immune-systems-secrets-inside-the-discovery-of-a-new-medicine.html,main_content,Primary content area,No matching block found in catalog.
Decoding the immune system’s secrets: inside the discovery of a new medicine | AbbVie,Footer Navigation,Provides additional navigation links and site information.,M,1,Footer navigation includes accessibility requirements and may involve dynamic content.,https://www.abbvie.com/who-we-are/our-stories/decoding-immune-systems-secrets-inside-the-discovery-of-a-new-medicine.html,footer_navigation,Footer links and info,No matching block found in catalog.
Celebrating AbbVies Working Parents Caregivers | AbbVie,Utility Bar,Provides top-level navigation links such as contact and language options.,S,1,Limited functionality focused on static links.,https://www.abbvie.com/who-we-are/our-stories/celebrating-abbvies-2025-working-parents-caregivers.html,header_utility_strip,Utility strip,No exact match found in AEM catalog.
Celebrating AbbVies Working Parents Caregivers | AbbVie,Primary Navigation,"Facilitates main site navigation, including branding and potential mega-menu.",M,1,Includes interactive navigation elements and potential mobile adaptations.,https://www.abbvie.com/who-we-are/our-stories/celebrating-abbvies-2025-working-parents-caregivers.html,header_primary_navigation,Main navigation,No exact match found in AEM catalog.
Celebrating AbbVies Working Parents Caregivers | AbbVie,Search Functionality,Allows users to search content across the site.,M,1,Requires integration with search backend and accessibility considerations.,https://www.abbvie.com/who-we-are/our-stories/celebrating-abbvies-2025-working-parents-caregivers.html,site_search,Site search,No exact match found in AEM catalog.
Celebrating AbbVies Working Parents Caregivers | AbbVie,Cookie Preferences,Manages user consent for cookies and data tracking.,M,1,Includes compliance requirements and dynamic interaction.,https://www.abbvie.com/who-we-are/our-stories/celebrating-abbvies-2025-working-parents-caregivers.html,cookie_preferences_entry,Cookie preferences,No exact match found in AEM catalog.
One Veteran&#39;s Journey with Depression and AbbVie&#39;s Commitment to Mental Health Research | AbbVie,Global Utility Strip,"Provides links for global navigation, including contact and subscription options.",S,1,Basic navigation links with limited interactivity.,https://www.abbvie.com/who-we-are/our-stories/one-veterans-journey-and-abbvies-commitment-to-mental-health-research.html,global_utility_strip,Utility strip,No matching catalog entry found.
One Veteran&#39;s Journey with Depression and AbbVie&#39;s Commitment to Mental Health Research | AbbVie,Primary Navigation,Main site navigation with branding and mega-navigation options.,M,1,Includes branding and potential mega-navigation structure.,https://www.abbvie.com/who-we-are/our-stories/one-veterans-journey-and-abbvies-commitment-to-mental-health-research.html,primary_navigation,Main navigation,No matching catalog entry found.
One Veteran&#39;s Journey with Depression and AbbVie&#39;s Commitment to Mental Health Research | AbbVie,Back to Top Button,Allows users to quickly return to the top of the page.,S,1,Single button functionality with straightforward implementation.,https://www.abbvie.com/who-we-are/our-stories/one-veterans-journey-and-abbvies-commitment-to-mental-health-research.html,back_to_top_button,Button,No matching catalog entry found.
Elevating health care for all | AbbVie,Global Utility Strip,"Provides quick access to contact, subscription, and group site links.",S,1,Limited functionality with minimal interaction.,https://www.abbvie.com/who-we-are/our-stories/elevating-health-care-for-all.html,global_utility_strip,Utility strip,No matching catalog entry found for this block.
Elevating health care for all | AbbVie,Primary Navigation,"Main navigation menu for the site, allowing users to explore different sections.",M,1,Moderate complexity due to hierarchical navigation and potential accessibility considerations.,https://www.abbvie.com/who-we-are/our-stories/elevating-health-care-for-all.html,primary_navigation,Main navigation,No matching catalog entry found for this block.
5 ways AbbVie is working to deliver medicines in half the time | AbbVie,Utility Strip,"Provides quick access to contact, subscription, and other links.",S,1,Simple navigation links without complex interactions.,https://www.abbvie.com/who-we-are/our-stories/5-ways-abbvie-work-to-deliver-medicines-in-half-the-time.html,global_utility_strip,Utility strip,Could be used for global accessibility enhancements.
5 ways AbbVie is working to deliver medicines in half the time | AbbVie,Primary Navigation,Main navigation menu for site sections.,M,1,Includes dropdowns and multi-level navigation.,https://www.abbvie.com/who-we-are/our-stories/5-ways-abbvie-work-to-deliver-medicines-in-half-the-time.html,primary_navigation,Main navigation,May require accessibility and responsiveness adjustments.
5 ways AbbVie is working to deliver medicines in half the time | AbbVie,Hero Section,Displays a prominent hero image and headline.,M,1,Includes visual styling and potential dynamic content.,https://www.abbvie.com/who-we-are/our-stories/5-ways-abbvie-work-to-deliver-medicines-in-half-the-time.html,hero_section,Hero banner,Mapped to the catalog entry for 'Hero'.
5 ways AbbVie is working to deliver medicines in half the time | AbbVie,Main Content,Primary page content area.,M,1,"Includes articles and features, requiring structured layout.",https://www.abbvie.com/who-we-are/our-stories/5-ways-abbvie-work-to-deliver-medicines-in-half-the-time.html,main_content,Content area,Could include rich text and embedded media.
Five reasons why small cell lung cancer is tough to treat | AbbVie,Global Utility Strip,Provides quick access links for contact and subscription.,S,1,Simple navigation links without advanced interactivity.,https://www.abbvie.com/who-we-are/our-stories/five-reasons-why-small-cell-lung-cancer-is-tough-to-treat.html,global_utility_strip,Utility strip,No matching catalog block found.
Five reasons why small cell lung cancer is tough to treat | AbbVie,Primary Navigation,Main navigation bar with branding and menu options.,M,1,Includes branding and multi-level navigation.,https://www.abbvie.com/who-we-are/our-stories/five-reasons-why-small-cell-lung-cancer-is-tough-to-treat.html,primary_navigation,Main navigation,No matching catalog block found.
Five reasons why small cell lung cancer is tough to treat | AbbVie,Hero Section,Prominent section with a large image and page title.,M,1,Requires responsive design and visual prominence.,https://www.abbvie.com/who-we-are/our-stories/five-reasons-why-small-cell-lung-cancer-is-tough-to-treat.html,hero_section,Hero,Mapped to Hero block from catalog.
Five reasons why small cell lung cancer is tough to treat | AbbVie,Card Grid,Displays related articles in a grid layout.,M,1,Responsive grid layout with card styling.,https://www.abbvie.com/who-we-are/our-stories/five-reasons-why-small-cell-lung-cancer-is-tough-to-treat.html,card_grid,Card grid,Mapped to Cards block from catalog.
Specialized Research in Chaotic Systems (SPaRCS) | AbbVie,Global Utility Strip,"Provides links for contact, subscription, and group sites.",S,1,Minimal functionality and no dynamic components.,https://www.abbvie.com/who-we-are/our-stories/specialized-research-in-chaotic-systems-sparcs.html,global_utility_strip,Utility strip,No matching catalog entry found.
Specialized Research in Chaotic Systems (SPaRCS) | AbbVie,Primary Navigation,"Main navigation for the site, including dropdown menus.",C,1,Deep navigation structure with dropdowns.,https://www.abbvie.com/who-we-are/our-stories/specialized-research-in-chaotic-systems-sparcs.html,primary_navigation,Main navigation,No matching catalog entry found.
Specialized Research in Chaotic Systems (SPaRCS) | AbbVie,Card Grid,Displays a grid of cards with images and text for stories.,M,1,Requires layout responsiveness and visual design consistency.,https://www.abbvie.com/who-we-are/our-stories/specialized-research-in-chaotic-systems-sparcs.html,card_grid_stories,Grid layout,Mapped to 'Cards' catalog entry.
Specialized Research in Chaotic Systems (SPaRCS) | AbbVie,Call-to-Action Buttons,Encourages user actions through interactive buttons.,S,1,Simple interactive elements.,https://www.abbvie.com/who-we-are/our-stories/specialized-research-in-chaotic-systems-sparcs.html,cta_buttons,Interactive buttons,No matching catalog entry found.
AbbVie’s Resilient Global Distribution Network Helps Prevent Drug Shortages | AbbVie,Global Utility Strip,"Provides quick links for contact, subscription, and group sites.",M,1,Requires integration with multiple external links and accessibility considerations.,https://www.abbvie.com/who-we-are/our-stories/how-abbvies-integrated-operations-help-prevent-drug-shortages.html,global_utility_strip,Utility strip,Ensure links are accessible and functional.
AbbVie’s Resilient Global Distribution Network Helps Prevent Drug Shortages | AbbVie,Primary Navigation,Main site navigation including logo and menu.,C,1,Deep navigation structure and multi-level menu integration.,https://www.abbvie.com/who-we-are/our-stories/how-abbvies-integrated-operations-help-prevent-drug-shortages.html,primary_navigation,Main navigation,Verify responsive behavior across devices.
AbbVie’s Resilient Global Distribution Network Helps Prevent Drug Shortages | AbbVie,Hero Section,Highlights the main story or feature of the page.,M,1,Requires integration of large images and prominent headings.,https://www.abbvie.com/who-we-are/our-stories/how-abbvies-integrated-operations-help-prevent-drug-shortages.html,hero_section,Hero banner,Consider visual impact and accessibility.
AbbVie’s Resilient Global Distribution Network Helps Prevent Drug Shortages | AbbVie,Main Content Area,Contains the primary content of the page.,M,1,Handles diverse content types and formatting.,https://www.abbvie.com/who-we-are/our-stories/how-abbvies-integrated-operations-help-prevent-drug-shortages.html,main_content,Text content,Ensure proper styling and readability.
AbbVie’s Resilient Global Distribution Network Helps Prevent Drug Shortages | AbbVie,Content Cards,Displays key stories or highlights in card format.,M,1,Requires dynamic rendering and interactivity.,https://www.abbvie.com/who-we-are/our-stories/how-abbvies-integrated-operations-help-prevent-drug-shortages.html,content_cards,Card layout,Ensure responsiveness and accessibility.
"Ready, set, launch: AbbVie opens new facility in the Bay Area | AbbVie",Global Utility Strip,"Provides quick access to contact, subscription, and group site links.",S,1,Simple utility navigation bar with links.,https://www.abbvie.com/who-we-are/our-stories/ready-set-launch-abbvie-opens-new-facility-in-the-bay-area.html,global_utility_strip,Utility strip,No matching AEM catalog entry found.
"Ready, set, launch: AbbVie opens new facility in the Bay Area | AbbVie",Primary Navigation,Main site navigation with dropdown menus and links to key sections.,M,1,Dropdown menus and dynamic navigation elements increase complexity.,https://www.abbvie.com/who-we-are/our-stories/ready-set-launch-abbvie-opens-new-facility-in-the-bay-area.html,primary_navigation,Main navigation,No matching AEM catalog entry found.
"Ready, set, launch: AbbVie opens new facility in the Bay Area | AbbVie",Hero Section,Prominent visual and textual introduction to the page's main topic.,M,1,High visual impact and dynamic content presentation.,https://www.abbvie.com/who-we-are/our-stories/ready-set-launch-abbvie-opens-new-facility-in-the-bay-area.html,hero_section,Hero banner,No matching AEM catalog entry found.
"Ready, set, launch: AbbVie opens new facility in the Bay Area | AbbVie",Main Content Area,"Contains the primary content of the page, including articles and features.",C,1,Depth of content and potential for embedded media or interactive elements.,https://www.abbvie.com/who-we-are/our-stories/ready-set-launch-abbvie-opens-new-facility-in-the-bay-area.html,main_content,Content block,No matching AEM catalog entry found.
More than a stiff neck: the impact of living with cervical dystonia | AbbVie,Global Navigation,Provides top-level navigation and access to main site sections.,M,1,Navigation systems require accessibility compliance and integration with site-wide navigation schemas.,https://www.abbvie.com/who-we-are/our-stories/more-than-a-stiff-neck-the-impact-of-living-with-cervical-dyston.html,global_navigation,Main navigation,No exact match found in the AEM catalog.
More than a stiff neck: the impact of living with cervical dystonia | AbbVie,Hero Section,Highlights the main theme or story of the page with a prominent visual and text.,S,1,Hero sections typically involve straightforward implementation with predefined assets.,https://www.abbvie.com/who-we-are/our-stories/more-than-a-stiff-neck-the-impact-of-living-with-cervical-dyston.html,hero_section,Hero image with heading,Mapped to 'Hero' in AEM catalog.
More than a stiff neck: the impact of living with cervical dystonia | AbbVie,Primary Content,"Displays the main content of the page, including articles and details.",M,1,Primary content requires structured data handling and responsive design considerations.,https://www.abbvie.com/who-we-are/our-stories/more-than-a-stiff-neck-the-impact-of-living-with-cervical-dyston.html,primary_content,Article content,No exact match found in the AEM catalog.
Employee Resource Groups Drive Inclusion and Change at AbbVie | AbbVie,Global Navigation,"Provides the primary navigation menu for the site, including links to major sections and subsections.",M,1,Scope includes accessibility considerations and hierarchical navigation structure.,https://www.abbvie.com/who-we-are/our-stories/how-employee-resource-groups-create-meaningful-impact-at-abbvie.html,global_navigation,Main navigation,No exact match in catalog; consider custom implementation or review.
Employee Resource Groups Drive Inclusion and Change at AbbVie | AbbVie,Hero Section,"Displays the main visual and title for the page, setting the tone and context for the content.",M,1,Scope includes responsive design and visual hierarchy.,https://www.abbvie.com/who-we-are/our-stories/how-employee-resource-groups-create-meaningful-impact-at-abbvie.html,hero_section,Hero banner,No exact match in catalog; consider custom implementation or review.
Employee Resource Groups Drive Inclusion and Change at AbbVie | AbbVie,Main Content Area,"Contains the primary content of the page, including text, images, and links.",M,1,Scope includes dynamic content integration and layout flexibility.,https://www.abbvie.com/who-we-are/our-stories/how-employee-resource-groups-create-meaningful-impact-at-abbvie.html,main_content,Content grid,No exact match in catalog; consider custom implementation or review.
Genetic Medicine and AbbVie’s Role in Research | AbbVie,Utility Strip,"Provides quick access to contact, subscription, and group site links.",S,1,Simple utility navigation with limited links.,https://www.abbvie.com/who-we-are/our-stories/expert-insights-the-promise-of-genetic-medicine-and-abbvies-role-in-research.html,global_utility_strip,Utility strip,No match found in AEM catalog.
Genetic Medicine and AbbVie’s Role in Research | AbbVie,Primary Navigation,Main site navigation with links to key sections.,M,1,Comprehensive navigation structure reflecting site hierarchy.,https://www.abbvie.com/who-we-are/our-stories/expert-insights-the-promise-of-genetic-medicine-and-abbvies-role-in-research.html,primary_navigation,Main navigation,No match found in AEM catalog.
AbbVies 2024 Working Parents Finding Purpose in Adversity | AbbVie,Global Utility Strip,Provides quick access to global utilities like contact and subscription.,S,1,Simple navigation links without deep interactivity.,https://www.abbvie.com/who-we-are/our-stories/abbvies-2024-working-parents-finding-purpose-in-adversity.html,global_utility_strip,Utility strip,Mapped to 'Header' due to similar functionality.
AbbVies 2024 Working Parents Finding Purpose in Adversity | AbbVie,Primary Navigation,Main navigation menu for site sections and pages.,M,1,Includes hierarchical navigation and potential dropdowns.,https://www.abbvie.com/who-we-are/our-stories/abbvies-2024-working-parents-finding-purpose-in-adversity.html,primary_navigation,Main navigation,Mapped to 'Header' as it serves as part of the header navigation.
AbbVies 2024 Working Parents Finding Purpose in Adversity | AbbVie,Hero Section,Highlights the main story with an image and title.,S,1,Static display with minimal interactivity.,https://www.abbvie.com/who-we-are/our-stories/abbvies-2024-working-parents-finding-purpose-in-adversity.html,hero_section,Hero banner,Mapped to 'Hero' for its prominent visual storytelling.
AbbVies 2024 Working Parents Finding Purpose in Adversity | AbbVie,Story Highlight,Displays a featured story with details and link.,M,1,Supports dynamic content with links and media.,https://www.abbvie.com/who-we-are/our-stories/abbvies-2024-working-parents-finding-purpose-in-adversity.html,story_highlight,Featured card,Mapped to 'Cards' due to its card-like display format.
AbbVies 2024 Working Parents Finding Purpose in Adversity | AbbVie,Dashboard Cards,Presents key metrics or highlights in a card format.,M,1,Dynamic cards with potential interactivity for metrics.,https://www.abbvie.com/who-we-are/our-stories/abbvies-2024-working-parents-finding-purpose-in-adversity.html,dashboard_cards,Dashboard metrics,Mapped to 'Cards' for its grid-based card presentation.
Five Technologies Supporting Progress in Challenging Diseases | AbbVie,Global Utility Strip,"Provides quick access to contact, subscription, and group site links.",S,1,Simple utility strip with basic navigation links.,https://www.abbvie.com/who-we-are/our-stories/five-technologies-supporting-progress-in-challenging-diseases.html,global_utility_strip,Utility strip,"Could be mapped to a similar block, if available in the catalog."
Five Technologies Supporting Progress in Challenging Diseases | AbbVie,Primary Navigation,Main site navigation with dropdown menus for exploring site sections.,C,1,Complex navigation structure with dropdowns and potential deep links.,https://www.abbvie.com/who-we-are/our-stories/five-technologies-supporting-progress-in-challenging-diseases.html,primary_navigation,Main navigation,Requires accessibility considerations due to dropdown menus.
Five Technologies Supporting Progress in Challenging Diseases | AbbVie,Hero Section,Large introductory section with a prominent image and heading.,M,1,Moderate complexity due to large image and heading styling.,https://www.abbvie.com/who-we-are/our-stories/five-technologies-supporting-progress-in-challenging-diseases.html,hero_section,Hero section,Mapped to Hero block from catalog.
Five Technologies Supporting Progress in Challenging Diseases | AbbVie,Content Cards,Displays key stories and highlights in a card format.,M,1,Moderate complexity due to grid layout and responsive design.,https://www.abbvie.com/who-we-are/our-stories/five-technologies-supporting-progress-in-challenging-diseases.html,content_cards,Content cards,Mapped to Cards block from catalog.
Five Technologies Supporting Progress in Challenging Diseases | AbbVie,Statistics Section,Shows key statistics and recognitions in a visually engaging format.,M,1,Requires styling for visual engagement and potential dynamic content.,https://www.abbvie.com/who-we-are/our-stories/five-technologies-supporting-progress-in-challenging-diseases.html,statistics_section,Statistics display,"Could be mapped to a similar block, if available in the catalog."
Five Technologies Supporting Progress in Challenging Diseases | AbbVie,Back to Top Button,Allows users to quickly return to the top of the page.,S,1,Simple functionality with basic styling.,https://www.abbvie.com/who-we-are/our-stories/five-technologies-supporting-progress-in-challenging-diseases.html,back_to_top_button,Utility button,"Could be mapped to a similar block, if available in the catalog."
Independent Educational Grants | AbbVie,Utility Strip,Provides quick links and access options for users.,S,1,Simple navigation and link functionality.,https://www.abbvie.com/science/independent-educational-grants.html,global_utility_strip,Utility strip,Could be optimized for accessibility and responsiveness.
Independent Educational Grants | AbbVie,Primary Navigation,Main navigation for accessing different site sections.,M,1,Dropdown menus and section links increase complexity.,https://www.abbvie.com/science/independent-educational-grants.html,primary_navigation,Main navigation,Ensure compatibility with assistive technologies.
Independent Educational Grants | AbbVie,Hero Section,Displays a prominent image and headline to capture user attention.,M,1,Requires responsive design and visual impact.,https://www.abbvie.com/science/independent-educational-grants.html,hero_section,Hero section,Ensure image optimization and proper heading hierarchy.
Independent Educational Grants | AbbVie,Multi-Column CTA,Provides call-to-action buttons in a multi-column layout.,M,1,"Requires alignment, spacing, and button functionality.",https://www.abbvie.com/science/independent-educational-grants.html,multi_column_cta,Call-to-action,Consider button accessibility and layout responsiveness.
Independent Educational Grants | AbbVie,Card Grid,Displays information in a card format with images and text.,M,1,Grid layout and responsive design increase complexity.,https://www.abbvie.com/science/independent-educational-grants.html,card_grid,Card grid,Ensure cards are accessible and visually appealing.
"Andrew L. Campbell, M.D. | AbbVie",Global Navigation,Provides access to key sections of the website.,M,1,Navigation structure and accessibility.,https://www.abbvie.com/science/our-people/our-rd-leaders/andrew-campbell.html,global_navigation,Main navigation,No direct catalog match found.
"Andrew L. Campbell, M.D. | AbbVie",Hero Section,Displays a key image and title for the page.,S,1,Styling and layout considerations.,https://www.abbvie.com/science/our-people/our-rd-leaders/andrew-campbell.html,hero_section,Hero image and title,Matched to 'Hero' block.
"Andrew L. Campbell, M.D. | AbbVie",Profile Overview,Summarizes Andrew L. Campbell's role and contributions.,M,1,Text formatting and content rendering.,https://www.abbvie.com/science/our-people/our-rd-leaders/andrew-campbell.html,profile_overview,Text overview,No direct catalog match found.
"Andrew L. Campbell, M.D. | AbbVie",Call-to-Action Button,Encourages users to explore more about the topic.,S,1,Interactive button functionality.,https://www.abbvie.com/science/our-people/our-rd-leaders/andrew-campbell.html,cta_button,Button,No direct catalog match found.
"Andrew L. Campbell, M.D. | AbbVie",Related Links,Lists links to related content and resources.,M,1,Link management and navigation.,https://www.abbvie.com/science/our-people/our-rd-leaders/andrew-campbell.html,related_links,Link list,No direct catalog match found.
"Andrew L. Campbell, M.D. | AbbVie",Profile Card,Showcases a featured story or profile related to the page.,M,1,Card layout and responsiveness.,https://www.abbvie.com/science/our-people/our-rd-leaders/andrew-campbell.html,profile_card,Profile card,Matched to 'Cards' block.
"Andrew L. Campbell, M.D. | AbbVie",Footer,Provides additional navigation and site information.,S,1,Footer styling and links.,https://www.abbvie.com/science/our-people/our-rd-leaders/andrew-campbell.html,footer,Footer navigation,Matched to 'Footer' block.
Areas of Innovation | AbbVie,Global Header,Displays branding and navigation elements.,M,1,"Includes navigation and branding, requiring responsive design and accessibility.",https://www.abbvie.com/science/areas-of-innovation.html,global_header,Main navigation,Mapped based on header functionality.
Areas of Innovation | AbbVie,Hero Section,Highlights the page's primary focus with an image and heading.,M,1,Involves large visuals and text alignment for emphasis.,https://www.abbvie.com/science/areas-of-innovation.html,hero_section,Hero banner,Mapped based on hero functionality.
Areas of Innovation | AbbVie,Primary Navigation,Provides links to key sections of the website.,M,1,Navigation requires accessibility and responsive design.,https://www.abbvie.com/science/areas-of-innovation.html,primary_navigation,Primary navigation,No exact match in catalog.
Areas of Innovation | AbbVie,Innovation Highlights,Showcases innovation areas using card layouts.,M,1,Card layout involves responsive design and dynamic content handling.,https://www.abbvie.com/science/areas-of-innovation.html,innovation_highlights,Cards grid,Mapped based on card functionality.
Lab to Life | AbbVie,Utility Strip,"Provides quick links for contact, subscription, and group site navigation.",S,1,Simple layout without interactive elements.,https://www.abbvie.com/science/our-people/lab-to-life.html,global_utility_strip,Utility strip,No direct match in the AEM catalog.
Lab to Life | AbbVie,Main Navigation,Facilitates navigation across primary sections of the site.,M,1,Includes dropdown menus for navigation.,https://www.abbvie.com/science/our-people/lab-to-life.html,primary_navigation,Main navigation,No direct match in the AEM catalog.
Lab to Life | AbbVie,Content Area,Displays the primary content of the page.,M,1,Central content area with potential dynamic elements.,https://www.abbvie.com/science/our-people/lab-to-life.html,main_content,Content display,No direct match in the AEM catalog.
Areas of Focus | AbbVie,Utility Links,"Provides quick access links for contact, subscription, and group sites.",S,1,Minimal functionality and scope.,https://www.abbvie.com/science/areas-of-focus.html,global_utility_strip,Utility strip,No direct catalog match found.
Areas of Focus | AbbVie,Main Navigation,Enables navigation across main site sections with dropdown menus.,M,1,Dropdown menus require additional accessibility considerations.,https://www.abbvie.com/science/areas-of-focus.html,primary_navigation,Primary navigation,No direct catalog match found.
Areas of Focus | AbbVie,Footer Navigation,Provides site-wide links for navigation and additional resources.,S,1,Static links with minimal interactive elements.,https://www.abbvie.com/science/areas-of-focus.html,footer_links,Footer links,No direct catalog match found.
Partnering Days | AbbVie,Global Header,"Contains the primary navigation, logo, and utility links for the site.",M,1,Includes multiple navigation layers and accessibility considerations.,https://www.abbvie.com/science/partner-with-us/partnering-days.html,global_header,Utility strip and primary navigation,No direct catalog match found.
Partnering Days | AbbVie,Hero Section,Prominent hero section with a large image and introductory text.,S,1,Simple layout with image and text.,https://www.abbvie.com/science/partner-with-us/partnering-days.html,hero_section,Prominent hero,Matched to catalog entry 'Hero'.
Partnering Days | AbbVie,Primary Navigation,Main navigation menu with dropdowns for site sections.,C,1,Deep navigation structure with dropdowns and accessibility features.,https://www.abbvie.com/science/partner-with-us/partnering-days.html,primary_navigation,Primary navigation,No direct catalog match found.
Partnering Days | AbbVie,Content Introduction,Introductory text and links related to the page topic.,S,1,Simple text and link display.,https://www.abbvie.com/science/partner-with-us/partnering-days.html,content_intro,Introductory content,No direct catalog match found.
Partnering Days | AbbVie,Card Grid,Grid of cards showcasing articles or features.,M,1,Responsive grid layout with images and text.,https://www.abbvie.com/science/partner-with-us/partnering-days.html,card_grid,Card grid,Matched to catalog entry 'Cards'.
Raymond C. Votzmeyer | AbbVie,Site Header,Renders the main header with navigation and branding.,M,1,"Includes navigation, branding, and potential accessibility requirements.",https://www.abbvie.com/science/our-people/our-rd-leaders/raymond-votzmeyer.html,global_header,Main navigation,Ensure accessibility compliance and responsive design.
"Shaping the future of science, together | AbbVie",Utility Navigation,"Provides quick access to contact, subscription, and related site links.",S,1,Simple navigation links with minimal interactivity.,https://www.abbvie.com/science/our-people.html,global_utility_strip,Utility strip,No matching catalog entry found.
"Shaping the future of science, together | AbbVie",Main Navigation,"Main navigation menu for the site, including dropdowns for major sections.",M,1,Dropdown menus and multi-level navigation.,https://www.abbvie.com/science/our-people.html,primary_navigation,Primary navigation,No matching catalog entry found.
"Shaping the future of science, together | AbbVie",Hero Section,Highlights the main theme or focus of the page with a large image and headline.,S,1,Static content with styled image and headline.,https://www.abbvie.com/science/our-people.html,hero_section,Hero,Mapped to catalog entry 'Hero'.
"Shaping the future of science, together | AbbVie",Call-to-Action Buttons,Prominent buttons encouraging user interaction or navigation.,S,1,Interactive buttons with basic styling.,https://www.abbvie.com/science/our-people.html,cta_buttons,Button group,No matching catalog entry found.
Grants and Contribution Disclosures | AbbVie,Global Utility Strip,"Provides quick access to contact, subscription, and group site links.",S,1,Simple utility functionality without advanced interactivity.,https://www.abbvie.com/science/independent-educational-grants/grants-and-contribution-disclosures.html,global_utility_strip,Utility strip,No matching catalog entry for this block.
Grants and Contribution Disclosures | AbbVie,Primary Navigation,"Main navigation menu for the site, including dropdowns for sections.",M,1,Includes dropdown functionality and hierarchical navigation.,https://www.abbvie.com/science/independent-educational-grants/grants-and-contribution-disclosures.html,primary_navigation,Main navigation,No matching catalog entry for this block.
Eye Care | AbbVie,Global Utility Strip,"Provides access to global utilities such as contact, subscribe, and group sites.",S,1,Simple utility strip with basic links.,https://www.abbvie.com/science/areas-of-focus/eye-care.html,global_utility_strip,Utility strip,No matching block found in the AEM catalog.
Eye Care | AbbVie,Primary Navigation,Main navigation menu for accessing different sections of the website.,M,1,Primary navigation with potential dropdowns and multiple links.,https://www.abbvie.com/science/areas-of-focus/eye-care.html,primary_navigation,Main navigation,No matching block found in the AEM catalog.
Eye Care | AbbVie,Footer Navigation,Navigation links located in the footer for additional site sections.,S,1,Footer navigation with minimal complexity.,https://www.abbvie.com/science/areas-of-focus/eye-care.html,footer_navigation,Footer navigation,No matching block found in the AEM catalog.
"Eleni Lagkadinou, M.D. | AbbVie",Utility Navigation Strip,Provides quick access to utility links such as contact and subscription.,S,1,Limited functionality focused on navigation links.,https://www.abbvie.com/science/our-people/our-rd-leaders/eleni-lagkadinou.html,global_utility_strip,Utility strip,No matching catalog entry found for this utility strip.
"Eleni Lagkadinou, M.D. | AbbVie",Primary Navigation,Main site navigation with dropdown menus for different sections.,M,1,Includes dropdown menus and hierarchical navigation.,https://www.abbvie.com/science/our-people/our-rd-leaders/eleni-lagkadinou.html,primary_navigation,Main navigation,No matching catalog entry found for this navigation block.
"Linda Scarazzini, M.D. | AbbVie",Global Navigation,"Provides primary navigation for the website, including links to major sections.",M,1,"This block involves navigation functionalities, which may include dropdowns, accessibility considerations, and responsive behavior.",https://www.abbvie.com/science/our-people/our-rd-leaders/linda-scarazzini.html,global_navigation,Primary navigation,No exact match found in the AEM catalog; further review may be required.
"Wolfram Nothaft, M.D. | AbbVie",Global Utility Strip,"Provides quick access to contact, subscription, and group site links.",S,1,Simple navigation links without dynamic behavior.,https://www.abbvie.com/science/our-people/our-rd-leaders/wolfram-nothaft.html,global_utility_strip,Utility strip,No matching block found in the catalog.
"Wolfram Nothaft, M.D. | AbbVie",Primary Navigation,Main site navigation with dropdown menus for exploring sections.,M,1,Dropdown menus and section exploration require moderate implementation effort.,https://www.abbvie.com/science/our-people/our-rd-leaders/wolfram-nothaft.html,primary_navigation,Main navigation,No matching block found in the catalog.
"Darin J. Messina, Ph.D. | AbbVie",Global Utility Bar,"Provides quick access to contact, subscription, and group site links.",S,1,Simple functionality with static links.,https://www.abbvie.com/science/our-people/our-rd-leaders/darin-messina.html,global_utility_strip,Utility strip,No direct match in catalog.
"Darin J. Messina, Ph.D. | AbbVie",Main Navigation,Provides dropdown menus for exploring site sections.,C,1,Complex navigation structure with dropdown menus.,https://www.abbvie.com/science/our-people/our-rd-leaders/darin-messina.html,primary_navigation,Primary navigation,No direct match in catalog.
"Darin J. Messina, Ph.D. | AbbVie",Hero Section,Highlights the key message or image for the page.,M,1,Requires CSS for positioning and styling.,https://www.abbvie.com/science/our-people/our-rd-leaders/darin-messina.html,hero_section,Hero image and text,Matched to catalog entry 'Hero'.
"Darin J. Messina, Ph.D. | AbbVie",Content Introduction,Provides introductory text and links related to the page topic.,S,1,Static text and links.,https://www.abbvie.com/science/our-people/our-rd-leaders/darin-messina.html,content_section_intro,Introductory content,No direct match in catalog.
"Darin J. Messina, Ph.D. | AbbVie",Card Grid,"Displays a grid of cards with images, titles, and links.",M,1,Requires a grid layout for responsiveness.,https://www.abbvie.com/science/our-people/our-rd-leaders/darin-messina.html,card_grid,Card layout,Matched to catalog entry 'Cards'.
"Darin J. Messina, Ph.D. | AbbVie",Dashboard Cards,Shows key metrics or highlights in a card format.,M,1,Requires data-driven card rendering.,https://www.abbvie.com/science/our-people/our-rd-leaders/darin-messina.html,dashboard_cards,Metric cards,No direct match in catalog.
One Minute Thesis | AbbVie,Global Navigation,"Provides primary navigation for the site, including links to major sections.",M,1,Involves structured navigation with potential for deep links and accessibility compliance.,https://www.abbvie.com/science/our-people/science-in-60-seconds.html,global_navigation,Main navigation,Ensure multi-level navigation and accessibility standards are met.
One Minute Thesis | AbbVie,Hero Section,Highlights the main theme or message of the page with a large image and heading.,M,1,Includes visual elements and dynamic content integration.,https://www.abbvie.com/science/our-people/science-in-60-seconds.html,hero_section,Hero banner,Consider responsive design for various screen sizes.
One Minute Thesis | AbbVie,Main Content,"Displays the primary content of the page, including articles and features.",C,1,Encompasses dynamic content rendering and potential integration with CMS.,https://www.abbvie.com/science/our-people/science-in-60-seconds.html,main_content,Content grid,Ensure flexibility for various content types and layouts.
Genomics | AbbVie,Site Header,Displays the site's logo and primary navigation menu.,M,1,"Includes navigation and logo display, requiring responsive design and accessibility.",https://www.abbvie.com/science/areas-of-innovation/genomics.html,global_header,Global header with logo and navigation.,Header block identified and mapped successfully.
Genomics | AbbVie,Page Hero,Highlights the main theme of the page with a prominent image and text.,M,1,Involves large image and heading rendering with responsive styling.,https://www.abbvie.com/science/areas-of-innovation/genomics.html,hero_section,Hero section with image and heading.,Hero block identified and mapped successfully.
Genomics | AbbVie,Main Navigation,Provides access to the main sections of the site.,C,1,Complex navigation structure requiring depth and accessibility.,https://www.abbvie.com/science/areas-of-innovation/genomics.html,primary_navigation,Primary site navigation.,No direct match found in catalog for primary navigation.
Genomics | AbbVie,Intro Content,Introduces the page content with a title and description.,S,1,Simple text and title display.,https://www.abbvie.com/science/areas-of-innovation/genomics.html,content_intro,Page introduction.,No direct match found in catalog for content introduction.
Genomics | AbbVie,Feature Cards,Displays key features or highlights in a card layout.,M,1,Grid layout with responsive design and card styling.,https://www.abbvie.com/science/areas-of-innovation/genomics.html,feature_cards,Feature highlights in card format.,Cards block identified and mapped successfully.
Research Publications | AbbVie,Global Utility Strip,"Provides quick access to contact, subscription, and group site links.",S,1,Simple navigation links without complex interactivity.,https://www.abbvie.com/science/publications.html,global_utility_strip,Utility strip,No direct match found in the AEM catalog.
Research Publications | AbbVie,Primary Navigation,Main site navigation with links to major sections.,M,1,Includes hierarchical navigation structure.,https://www.abbvie.com/science/publications.html,primary_navigation,Main navigation,No direct match found in the AEM catalog.
Research Publications | AbbVie,Hero Section,Highlights the main focus or message of the page.,M,1,Includes large image and heading with specific positioning and styling.,https://www.abbvie.com/science/publications.html,hero_section,Hero image and headline,Matched to 'Hero' in the AEM catalog.
Research Publications | AbbVie,Card Grid,Displays a grid of cards with various content and links.,M,1,Uses a grid layout for responsive design and styling.,https://www.abbvie.com/science/publications.html,card_grid,Card layout,Matched to 'Cards' in the AEM catalog.
"Shuhong Zhang, Ph.D. | AbbVie",Global Navigation,Provides site-wide navigation links and branding.,M,1,Includes accessibility requirements and deep navigation structure.,https://www.abbvie.com/science/our-people/our-rd-leaders/shuhong-zhang.html,global_navigation,Main navigation,No direct match found in AEM catalog.
"Shuhong Zhang, Ph.D. | AbbVie",Hero Section,Highlights the main profile image and title for the page.,S,1,Simple hero block with image and title.,https://www.abbvie.com/science/our-people/our-rd-leaders/shuhong-zhang.html,hero_section,Hero banner,Matched AEM block: Hero.
"Shuhong Zhang, Ph.D. | AbbVie",Main Content,Contains the detailed information and sections about Shuhong Zhang.,M,1,Includes structured content and potential fragment integration.,https://www.abbvie.com/science/our-people/our-rd-leaders/shuhong-zhang.html,main_content,Content section,No direct match found in AEM catalog.
Our R&amp;D Leaders | AbbVie,Global Header,Displays header content including navigation and branding.,M,1,"Includes navigation and branding elements, requiring responsive design and accessibility considerations.",https://www.abbvie.com/science/our-people/our-rd-leaders.html,global_header,Utility strip,Implementation should ensure compatibility with dynamic content updates.
Our R&amp;D Leaders | AbbVie,Hero Section,Prominent section for introductory content with visual emphasis.,M,1,Requires careful layout for responsiveness and visual impact.,https://www.abbvie.com/science/our-people/our-rd-leaders.html,hero_section,Prominent visual,Should support dynamic updates for content and images.
Our R&amp;D Leaders | AbbVie,Main Navigation,Primary navigation menu for user accessibility.,C,1,Deep navigation structure with potential for multilevel menus.,https://www.abbvie.com/science/our-people/our-rd-leaders.html,main_navigation,Main navigation,Ensure accessibility compliance and responsive behavior.
Our R&amp;D Leaders | AbbVie,Content Cards,Displays content in card format for easy browsing.,M,1,Requires grid layout and responsive design.,https://www.abbvie.com/science/our-people/our-rd-leaders.html,content_cards,Content presentation,Support for dynamic content and images is needed.
Therapeutic Modalities &amp; Platforms | AbbVie,Global Utility Strip,"Provides quick access to contact information, subscription options, and links to group sites.",S,1,Simple accessibility and functional requirements.,https://www.abbvie.com/science/areas-of-innovation/therapeutic-modalities-and-platforms.html,global_utility_strip,Utility strip,No direct match found in catalog.
Therapeutic Modalities &amp; Platforms | AbbVie,Primary Navigation,"Contains the main navigation menu for the site, including dropdowns for various sections.",M,1,Medium complexity due to dropdowns and navigation hierarchy.,https://www.abbvie.com/science/areas-of-innovation/therapeutic-modalities-and-platforms.html,primary_navigation,Main navigation,No direct match found in catalog.
Therapeutic Modalities &amp; Platforms | AbbVie,Content Grid,Organizes content into a grid layout for better readability and structure.,S,1,Simple grid layout with minimal interactivity.,https://www.abbvie.com/science/areas-of-innovation/therapeutic-modalities-and-platforms.html,content_grid,Content grid,No direct match found in catalog.
Therapeutic Modalities &amp; Platforms | AbbVie,Card Grid,"Displays a set of cards with images, titles, and descriptions to highlight key topics or articles.",M,1,Medium complexity due to card interactions and layout.,https://www.abbvie.com/science/areas-of-innovation/therapeutic-modalities-and-platforms.html,card_grid,Card grid,No direct match found in catalog.
Neuroscience | AbbVie,Global Utility Strip,"Provides quick access to contact, subscription, and group sites links.",S,1,Minimal complexity due to static links and accessibility considerations.,https://www.abbvie.com/science/areas-of-focus/neuroscience.html,global_utility_strip,Utility strip,No direct match in the AEM catalog.
Neuroscience | AbbVie,Primary Navigation,Main site navigation with dropdown menus for sections.,M,1,Moderate complexity due to dynamic dropdown menus and potential accessibility requirements.,https://www.abbvie.com/science/areas-of-focus/neuroscience.html,primary_navigation,Main navigation,No direct match in the AEM catalog.
Michael Foley | AbbVie,Utility Strip,Provides quick access links and utilities like contact or subscribe.,S,1,Minimal functionality and accessibility requirements.,https://www.abbvie.com/science/our-people/our-rd-leaders/michael-foley.html,global_utility_strip,Utility strip,No matching catalog entry found; custom implementation may be required.
Michael Foley | AbbVie,Primary Navigation,Main navigation bar for site-wide links and logo display.,M,1,Moderate complexity due to potential deep navigation hierarchy.,https://www.abbvie.com/science/our-people/our-rd-leaders/michael-foley.html,primary_navigation,Main navigation,No matching catalog entry found; custom implementation may be required.
"Primal Kaur, M.D. | AbbVie",Utility Navigation Strip,"Provides quick access links to contact, subscription, and group site sections.",M,1,Requires integration with global navigation systems and accessibility compliance.,https://www.abbvie.com/science/our-people/our-rd-leaders/primal-kaur.html,global_utility_strip,Utility Strip,Ensure alignment with branding guidelines.
"Primal Kaur, M.D. | AbbVie",Primary Navigation,Main site navigation including mega-menu and dropdowns.,C,1,Includes deep navigation structures and responsive design considerations.,https://www.abbvie.com/science/our-people/our-rd-leaders/primal-kaur.html,primary_navigation,Main Navigation,Test for mobile responsiveness and keyboard navigation.
"Primal Kaur, M.D. | AbbVie",Hero Section,Highlights the main focus of the page with a large image and heading.,M,1,Requires responsive design and optimization for various screen sizes.,https://www.abbvie.com/science/our-people/our-rd-leaders/primal-kaur.html,hero_section,Hero Banner,Ensure image and text are accessible and scalable.
"Primal Kaur, M.D. | AbbVie",Content Section,"Displays detailed content about Primal Kaur, M.D. and related information.",M,1,Content layout requires adaptability for various content types and screen sizes.,https://www.abbvie.com/science/our-people/our-rd-leaders/primal-kaur.html,content_section,Text Columns,Focus on readability and visual hierarchy.
"Primal Kaur, M.D. | AbbVie",Card Grid,Showcases related articles or profiles in a card format.,M,1,Requires dynamic content loading and responsive grid layout.,https://www.abbvie.com/science/our-people/our-rd-leaders/primal-kaur.html,card_grid,Related Profiles,Ensure consistency in card styling and interactivity.
Oncology Research &amp; Treatment | AbbVie,Global Utility Strip,"Provides quick access to contact, subscription, and site navigation options.",S,1,Simple structure with basic links and utilities.,https://www.abbvie.com/science/areas-of-focus/oncology.html,global_utility_strip,Utility strip,No exact match in the catalog.
Oncology Research &amp; Treatment | AbbVie,Primary Header and Navigation,Main site navigation with branding and menu options.,M,1,Includes branding and menu options with potential dropdowns.,https://www.abbvie.com/science/areas-of-focus/oncology.html,primary_navigation,Main navigation,No exact match in the catalog.
Oncology Research &amp; Treatment | AbbVie,Content Cards,Displays featured content in a card format for quick access.,M,1,Requires responsive grid layout and card stylings.,https://www.abbvie.com/science/areas-of-focus/oncology.html,content_cards,Content cards,Matched to the 'Cards' block in the catalog.
"Jonathon Sedgwick, Ph.D. | AbbVie",Global Utility Strip,"Provides quick access to contact, subscription, and group site links.",S,1,Simple layout and functionality with minimal interactivity.,https://www.abbvie.com/science/our-people/our-rd-leaders/jonathon-sedgwick.html,global_utility_strip,Utility strip,No matching catalog entry found; consider custom implementation.
"Jonathon Sedgwick, Ph.D. | AbbVie",Primary Navigation,Main site navigation with dropdown menus for sections.,M,1,Moderate complexity due to dropdown menu functionality and potential accessibility considerations.,https://www.abbvie.com/science/our-people/our-rd-leaders/jonathon-sedgwick.html,primary_navigation,Main navigation,No matching catalog entry found; consider custom implementation.
Lab of the Future | Transforming How We Discover | AbbVie,Global Utility Strip,"Provides quick access to contact, subscription, and group site links.",S,1,Simple utility links without advanced interactions.,https://www.abbvie.com/science/our-people/lab-of-the-future.html,global_utility_strip,Utility strip,No direct match found in AEM catalog.
Lab of the Future | Transforming How We Discover | AbbVie,Primary Navigation,Main site navigation with dropdown menus for exploring site sections.,C,1,Complex navigation structure with dropdowns and dynamic elements.,https://www.abbvie.com/science/our-people/lab-of-the-future.html,primary_navigation,Main navigation,No direct match found in AEM catalog.
Lab of the Future | Transforming How We Discover | AbbVie,Hero Section,Prominent section with a large image and heading to introduce the page.,M,1,"Hero section with image and heading, moderate styling and scripting.",https://www.abbvie.com/science/our-people/lab-of-the-future.html,hero_section,Hero banner,Matched with 'Hero' block in AEM catalog.
Lab of the Future | Transforming How We Discover | AbbVie,CTA Grid,Grid layout displaying call-to-action cards for key site areas.,M,1,"Grid layout with interactive cards, moderate complexity.",https://www.abbvie.com/science/our-people/lab-of-the-future.html,cta_grid,Call-to-action grid,No direct match found in AEM catalog.
Lab of the Future | Transforming How We Discover | AbbVie,Back to Top Button,Button allowing users to quickly return to the top of the page.,S,1,Simple button functionality with smooth scrolling.,https://www.abbvie.com/science/our-people/lab-of-the-future.html,back_to_top,Utility button,No direct match found in AEM catalog.
Major League Baseball | AbbVie,Global Utility Strip,"Provides quick access to contact, subscription, and other utility links.",S,1,Limited scope with basic links and accessibility requirements.,https://www.abbvie.com/who-we-are/brand-partnerships/major-league-baseball.html,global_utility_strip,Utility strip,No exact match found in AEM catalog.
Major League Baseball | AbbVie,Primary Navigation,Main site navigation with links to major sections.,C,1,Deep navigation structure with potential accessibility and dynamic content challenges.,https://www.abbvie.com/who-we-are/brand-partnerships/major-league-baseball.html,primary_navigation,Main navigation,No exact match found in AEM catalog.
Major League Baseball | AbbVie,Main Content Section,"Contains the primary content of the page, including text and images.",M,1,Moderate complexity due to content diversity and layout considerations.,https://www.abbvie.com/who-we-are/brand-partnerships/major-league-baseball.html,main_content_section,Content area,No exact match found in AEM catalog.
Major League Baseball | AbbVie,Footer Section,"Footer with additional navigation, contact information, and legal links.",M,1,Moderate complexity due to inclusion of navigation and legal information.,https://www.abbvie.com/who-we-are/brand-partnerships/major-league-baseball.html,footer_section,Footer,No exact match found in AEM catalog.
Discovery Files | AbbVie,Global Utility Strip,"This block provides utility links for contact, subscription, and group site navigation.",S,1,Simple navigation utility links.,https://www.abbvie.com/science/our-people/discovery-files.html,global_utility_strip,Utility strip,No matching block found in the AEM catalog.
Discovery Files | AbbVie,Primary Navigation,Main navigation bar for primary site sections.,M,1,Moderate complexity due to navigation depth.,https://www.abbvie.com/science/our-people/discovery-files.html,primary_navigation,Main navigation,No matching block found in the AEM catalog.
Discovery Files | AbbVie,Back to Top,Provides a button for quick scrolling to the top of the page.,S,1,Simple functionality with limited scope.,https://www.abbvie.com/science/our-people/discovery-files.html,back_to_top,Scroll utility,No matching block found in the AEM catalog.
Precision Medicine | AbbVie,Global Navigation,Provides site-wide navigation and branding.,M,1,Requires integration with site-wide navigation and branding elements.,https://www.abbvie.com/science/areas-of-innovation/precision-medicine.html,global_navigation,Main Navigation,No matching AEM catalog entry found.
Precision Medicine | AbbVie,Hero Section,Highlights the main theme of the page with a large image and introductory text.,M,1,Involves visual and interactive elements for page emphasis.,https://www.abbvie.com/science/areas-of-innovation/precision-medicine.html,hero_section,Hero Banner,Mapped to 'Hero' from AEM catalog.
Precision Medicine | AbbVie,Primary CTA Grid,Displays call-to-action links and brief descriptions for key site sections.,S,1,Simple grid layout for primary CTAs.,https://www.abbvie.com/science/areas-of-innovation/precision-medicine.html,primary_cta_grid,CTA Grid,No matching AEM catalog entry found.
Precision Medicine | AbbVie,Secondary CTA Grid,Provides additional call-to-action links and descriptions for secondary site sections.,S,1,Simple grid layout for secondary CTAs.,https://www.abbvie.com/science/areas-of-innovation/precision-medicine.html,secondary_cta_grid,CTA Grid,No matching AEM catalog entry found.
Scientist Spotlights | The People Powering AbbVie R&amp;D | AbbVie,Utility Strip,Provides quick access to various links and contact information.,S,1,Simple functionality with limited scope.,https://www.abbvie.com/science/our-people/behind-the-science.html,global_utility_strip,Utility strip,No direct mapping found in the AEM catalog.
Scientist Spotlights | The People Powering AbbVie R&amp;D | AbbVie,Primary Navigation,Main navigation menu for the website.,M,1,Moderate scope due to navigation depth and potential accessibility concerns.,https://www.abbvie.com/science/our-people/behind-the-science.html,primary_navigation,Main navigation,No direct mapping found in the AEM catalog.
"Philip Hajduk, Ph.D. | AbbVie",Global Utility Strip,"Provides quick access to contact, subscription, and group site links.",S,1,Simple utility strip with minimal interactivity.,https://www.abbvie.com/science/our-people/our-rd-leaders/philip-hajduk.html,global_utility_strip,Utility strip,No matching block found in AEM catalog.
"Philip Hajduk, Ph.D. | AbbVie",Primary Navigation,"Main navigation menu for the site, including dropdowns for sections.",M,1,Moderate complexity due to dropdowns and potential accessibility concerns.,https://www.abbvie.com/science/our-people/our-rd-leaders/philip-hajduk.html,primary_navigation,Main navigation,No matching block found in AEM catalog.
Medical Aesthetics &amp; Treatment | AbbVie,Global Utility Strip,"Provides quick access to contact, subscription, and group site links.",S,1,"Minimal functionality, no complex interactions.",https://www.abbvie.com/science/areas-of-focus/aesthetics.html,global_utility_strip,Utility strip,No exact match found in AEM catalog.
Medical Aesthetics &amp; Treatment | AbbVie,Primary Navigation,Main site navigation with hierarchical menu structure.,M,1,Hierarchical menu structure adds moderate complexity.,https://www.abbvie.com/science/areas-of-focus/aesthetics.html,primary_navigation,Main navigation,No exact match found in AEM catalog.
Requestor Training Guide | AbbVie,Global Header,Provides the main header with logo and navigation.,S,1,Basic header functionality with navigation links.,https://www.abbvie.com/science/independent-educational-grants/requestor-training-guide.html,global_header,Utility strip,Includes site branding and navigation.
Requestor Training Guide | AbbVie,Primary Navigation,Main navigation menu with dropdowns for site sections.,M,1,Dropdown functionality and navigation depth.,https://www.abbvie.com/science/independent-educational-grants/requestor-training-guide.html,primary_navigation,Main navigation,Requires dynamic dropdown behavior.
Requestor Training Guide | AbbVie,Hero Section,Highlights main content or message of the page.,M,1,Large image and heading layout.,https://www.abbvie.com/science/independent-educational-grants/requestor-training-guide.html,hero_section,Hero banner,Focus on visual impact.
Requestor Training Guide | AbbVie,Content Introduction,Provides introductory content for context.,S,1,Static text layout.,https://www.abbvie.com/science/independent-educational-grants/requestor-training-guide.html,content_intro,Introduction text,Simple content block.
Requestor Training Guide | AbbVie,Call to Action Button,Encourages users to take specific actions.,S,1,Single button element.,https://www.abbvie.com/science/independent-educational-grants/requestor-training-guide.html,cta_button,Action trigger,Focuses on user interaction.
Requestor Training Guide | AbbVie,Card Grid,Displays content previews in a grid layout.,M,1,Grid layout and responsive design.,https://www.abbvie.com/science/independent-educational-grants/requestor-training-guide.html,card_grid,Content cards,Includes images and text.
Patient-Focused Drug Development | AbbVie,Global Utility Strip,"Provides quick access to contact, subscription, and group site links.",S,1,Simple navigation links without advanced interactivity.,https://www.abbvie.com/science/areas-of-innovation/patient-focused-drug-development.html,global_utility_strip,Utility strip,Could be mapped if a similar block exists in the catalog.
Patient-Focused Drug Development | AbbVie,Primary Navigation,Contains the main navigation menu for the website.,M,1,Main navigation typically involves hierarchical menus and accessibility considerations.,https://www.abbvie.com/science/areas-of-innovation/patient-focused-drug-development.html,primary_navigation,Main navigation,Requires deeper catalog investigation for possible mapping.
Patient-Focused Drug Development | AbbVie,Hero Section,Displays the main hero image and introductory content for the page.,M,1,Hero sections involve dynamic styling and responsive design.,https://www.abbvie.com/science/areas-of-innovation/patient-focused-drug-development.html,hero_section,Hero image and content,Mapped to 'Hero' from the catalog with matching description.
Patient-Focused Drug Development | AbbVie,Content Teasers,Showcases key content areas with links to detailed pages.,M,1,Content teasers involve layout and linking considerations.,https://www.abbvie.com/science/areas-of-innovation/patient-focused-drug-development.html,content_teasers,Content teasers,No direct match found in the catalog; further analysis required.
"Daejin Abidoye, M.D. | AbbVie",Site Navigation,Provides primary navigation for the website.,C,1,Includes dropdown menus and accessibility considerations.,https://www.abbvie.com/science/our-people/our-rd-leaders/daejin-abidoye.html,global_navigation,Main navigation,Could involve a11y testing and menu functionality.
"Daejin Abidoye, M.D. | AbbVie",Hero Banner,Displays a prominent section with a title and overview.,M,1,Requires styling and potential dynamic content.,https://www.abbvie.com/science/our-people/our-rd-leaders/daejin-abidoye.html,hero_section,Hero content,Mapped to 'Hero' block in AEM catalog.
"Daejin Abidoye, M.D. | AbbVie",Content Layout,Organizes content into a grid layout.,M,1,Dynamic grid handling and responsive design.,https://www.abbvie.com/science/our-people/our-rd-leaders/daejin-abidoye.html,content_grid,Grid layout,Grid structure not mapped directly to known AEM block.
"Daejin Abidoye, M.D. | AbbVie",Footer,Displays footer content with site links.,M,1,Includes links and accessibility features.,https://www.abbvie.com/science/our-people/our-rd-leaders/daejin-abidoye.html,footer_section,Footer navigation,Mapped to 'Footer' block in AEM catalog.
R&amp;D Sites | AbbVie,Global Navigation,Provides primary navigation for site sections.,M,1,Includes accessibility considerations for deep navigation.,https://www.abbvie.com/science/rd-sites.html,global_navigation,Main navigation,No direct match found in AEM catalog.
R&amp;D Sites | AbbVie,Hero Banner,Highlights core page focus with an image and text.,M,1,Requires responsive design and accessibility compliance.,https://www.abbvie.com/science/rd-sites.html,hero_section,Hero banner,Matched to Hero block in AEM catalog.
R&amp;D Sites | AbbVie,Who We Are,Introduces 'Who We Are' content with text and CTA.,M,1,Includes interactive elements and content layout.,https://www.abbvie.com/science/rd-sites.html,who_we_are_section,Content section,No direct match found in AEM catalog.
R&amp;D Sites | AbbVie,Science Section,Presents science-related content with links.,M,1,Interactive links and structured text layout.,https://www.abbvie.com/science/rd-sites.html,science_section,Content section,No direct match found in AEM catalog.
R&amp;D Sites | AbbVie,Card Grid,Displays a grid of cards with images and text.,M,1,Responsive design and structured card layout.,https://www.abbvie.com/science/rd-sites.html,card_grid,Card grid,Matched to Cards block in AEM catalog.
R&amp;D Sites | AbbVie,Site Footer,Provides footer navigation and additional links.,M,1,Includes responsive design and accessibility compliance.,https://www.abbvie.com/science/rd-sites.html,footer,Footer,Matched to Footer block in AEM catalog.
AbbVie Ventures Portfolio | AbbVie,Utility Navigation,"Provides quick access to contact, subscription, and group site links.",S,1,Minimal functionality and integration complexity.,https://www.abbvie.com/science/partner-with-us/abbvie-ventures/abbvie-ventures-portfolio.html,global_utility_strip,Utility strip,No exact match found in the AEM catalog.
AbbVie Ventures Portfolio | AbbVie,Main Navigation,Main navigation menu for site sections and pages.,M,1,Moderate complexity due to hierarchical structure and accessibility requirements.,https://www.abbvie.com/science/partner-with-us/abbvie-ventures/abbvie-ventures-portfolio.html,primary_navigation,Primary navigation,No exact match found in the AEM catalog.
AbbVie Ventures Portfolio | AbbVie,Footer Navigation,Provides additional navigation links and site information.,S,1,Simple structure and limited functionality.,https://www.abbvie.com/science/partner-with-us/abbvie-ventures/abbvie-ventures-portfolio.html,footer_navigation,Footer navigation,No exact match found in the AEM catalog.
AbbVie Ventures Portfolio | AbbVie,Back-to-Top Button,Allows users to quickly return to the top of the page.,S,1,Limited functionality and straightforward implementation.,https://www.abbvie.com/science/partner-with-us/abbvie-ventures/abbvie-ventures-portfolio.html,back_to_top_button,Back to top,No exact match found in the AEM catalog.
Clinical Trials | AbbVie,Site Navigation,Provides navigation links to major site sections.,S,1,Basic navigation links without advanced features.,https://www.abbvie.com/science/clinical-trials.html,global_navigation,Main navigation,Mapped to 'Header' for navigation purposes.
Clinical Trials | AbbVie,Hero Banner,Displays a prominent image and headline to capture user attention.,M,1,Includes visual elements and dynamic sizing.,https://www.abbvie.com/science/clinical-trials.html,hero_section,Hero section,Mapped to 'Hero' for image and headline presentation.
Clinical Trials | AbbVie,Who We Are Content,Highlights organizational information with text and links.,M,1,Content-focused section with text and links.,https://www.abbvie.com/science/clinical-trials.html,who_we_are_section,Informational content,Could not match to an AEM catalog block.
Clinical Trials | AbbVie,Science Content,Provides insights into scientific initiatives and achievements.,M,1,Text-based content with potential for dynamic updates.,https://www.abbvie.com/science/clinical-trials.html,science_section,Informational content,Could not match to an AEM catalog block.
Clinical Trials | AbbVie,Clinical Trials Information,Focuses on clinical trials and related data.,M,1,Content section with potential interactive elements.,https://www.abbvie.com/science/clinical-trials.html,clinical_trials_section,Informational content,Could not match to an AEM catalog block.
Other Specialties | AbbVie,Utility Links,Provides global utility links like contact and subscribe.,S,1,Simple static links.,https://www.abbvie.com/science/areas-of-focus/other-specialties.html,global_utility_strip,Utility strip,No direct match found in AEM catalog.
Other Specialties | AbbVie,Main Navigation,Main navigation bar for site navigation.,C,1,Deep navigation structure with branding.,https://www.abbvie.com/science/areas-of-focus/other-specialties.html,primary_navigation,Primary navigation,No direct match found in AEM catalog.
Other Specialties | AbbVie,Hero Banner,Prominent hero image and heading for page introduction.,M,1,Styling and responsive design considerations.,https://www.abbvie.com/science/areas-of-focus/other-specialties.html,hero_section,Hero section,Matched with 'Hero' block in AEM catalog.
Other Specialties | AbbVie,Content Grid,Grid layout for displaying key content sections.,M,1,Requires responsive grid setup.,https://www.abbvie.com/science/areas-of-focus/other-specialties.html,content_grid,Content grid,No direct match found in AEM catalog.
Other Specialties | AbbVie,Card Layout,Displays content in card format with images and text.,M,1,Card layout with responsive design.,https://www.abbvie.com/science/areas-of-focus/other-specialties.html,card_grid,Card grid,Matched with 'Cards' block in AEM catalog.
Immunology | AbbVie,Global Utility Strip,"Provides quick access to contact, subscription, and group sites options.",S,1,Minimal functionality and scope.,https://www.abbvie.com/science/areas-of-focus/immunology.html,global_utility_strip,Utility Strip,Requires basic styling and accessibility checks.
Immunology | AbbVie,Primary Navigation,Main site navigation including dropdown menus for primary sections.,M,1,Includes dropdown interactions and deep linking.,https://www.abbvie.com/science/areas-of-focus/immunology.html,primary_navigation,Main Navigation,Ensure responsive design and accessibility compliance.
Immunology | AbbVie,Hero Section,Prominent visual and textual introduction to the page content.,M,1,Involves visual design and responsive adjustments.,https://www.abbvie.com/science/areas-of-focus/immunology.html,hero_section,Hero,Requires high-quality imagery and text alignment.
Immunology | AbbVie,Content Columns,Displays main content in a structured multi-column layout.,M,1,Multi-column layout with responsive behavior.,https://www.abbvie.com/science/areas-of-focus/immunology.html,content_columns,Content Layout,Ensure proper spacing and alignment across devices.
Immunology | AbbVie,Card Grid,Grid of cards showcasing featured articles or data points.,C,1,Dynamic content and card interactions.,https://www.abbvie.com/science/areas-of-focus/immunology.html,card_grid,Grid,Requires hover effects and dynamic content loading.
Community of Science | AbbVie,Global Utility Strip,"Provides quick access to contact, subscription, and other group sites.",M,1,"Contains navigation and interactive elements, requiring accessibility and usability considerations.",https://www.abbvie.com/science/our-people/community-of-science.html,global_utility_strip,Utility strip,No exact match in AEM catalog.
Community of Science | AbbVie,Primary Navigation,Main site navigation with dropdown menus for exploring site sections.,C,1,Deep navigation structure with dropdowns and potential dynamic behaviors.,https://www.abbvie.com/science/our-people/community-of-science.html,primary_navigation,Main navigation,No exact match in AEM catalog.
Community of Science | AbbVie,Hero Section,Prominent introductory section with a large image and heading.,M,1,Requires responsive design and visual prominence.,https://www.abbvie.com/science/our-people/community-of-science.html,hero_section,Hero,No exact match in AEM catalog.
Community of Science | AbbVie,Main Content,The central area of the page containing the primary content.,M,1,"Primary content area, ensuring appropriate layout and readability.",https://www.abbvie.com/science/our-people/community-of-science.html,main_content,Content area,No exact match in AEM catalog.
Community of Science | AbbVie,Card Grid,Displays a grid of cards with images and text for featured content.,C,1,Dynamic grid layout with multiple cards and interactive elements.,https://www.abbvie.com/science/our-people/community-of-science.html,card_grid,Card layout,No exact match in AEM catalog.
How to Apply | AbbVie,Global Navigation,Provides site-wide navigation options for users.,M,1,Involves accessibility and navigation logic.,https://www.abbvie.com/science/independent-educational-grants/how-to-apply.html,global_navigation,Main navigation,No direct catalog match found; ensure alignment with navigation standards.
How to Apply | AbbVie,Hero Section,Highlights the main focus of the page with a prominent visual or message.,M,1,Includes visual design and dynamic content integration.,https://www.abbvie.com/science/independent-educational-grants/how-to-apply.html,hero_section,Page hero,Mapped to existing catalog entry for hero block.
How to Apply | AbbVie,Main Content,Contains the primary content and information of the page.,M,1,Requires content structuring and potential dynamic elements.,https://www.abbvie.com/science/independent-educational-grants/how-to-apply.html,main_content,Content container,No direct catalog match found; verify against content standards.
How to Apply | AbbVie,Footer Section,"Provides supplementary navigation, legal, and contact information.",M,1,Includes accessibility and compliance elements.,https://www.abbvie.com/science/independent-educational-grants/how-to-apply.html,footer_section,Page footer,Mapped to existing catalog entry for footer block.
Corporate | AbbVie,Global Utility Strip,Provides quick access links for navigation.,S,1,Simple link grouping without additional interactivity.,https://www.abbvie.com/join-us/opportunities/corporate.html,global_utility_strip,Utility strip,No exact match found in the AEM catalog.
Corporate | AbbVie,Primary Navigation,Facilitates main site navigation through dropdown menus.,M,1,Dropdown functionality and potential for deep navigation.,https://www.abbvie.com/join-us/opportunities/corporate.html,primary_navigation,Main navigation,No exact match found in the AEM catalog.
Corporate | AbbVie,Hero Section,Highlights key page themes with a large image and heading.,M,1,Styling and interactivity required for hero elements.,https://www.abbvie.com/join-us/opportunities/corporate.html,hero_section,Hero banner,Matched with 'Hero' block in AEM catalog.
Corporate | AbbVie,Call-to-Action Columns,Displays multiple call-to-action elements in a grid.,M,1,Grid layout and potential interactivity for each column.,https://www.abbvie.com/join-us/opportunities/corporate.html,cta_columns,Call-to-action grid,No exact match found in the AEM catalog.
Corporate | AbbVie,Card Grid,Showcases content in card format with images and text.,M,1,Responsive design and styling for card elements.,https://www.abbvie.com/join-us/opportunities/corporate.html,card_grid,Card layout,Matched with 'Cards' block in AEM catalog.
Corporate | AbbVie,Back to Top Button,Provides quick navigation back to the page top.,S,1,Simple button functionality without additional features.,https://www.abbvie.com/join-us/opportunities/corporate.html,back_to_top,Back to top,No exact match found in the AEM catalog.
AI &amp; Data Convergence | AbbVie,Global Utility Strip,"Provides quick access to contact, subscription, and group site links.",S,1,Simple layout with links.,https://www.abbvie.com/science/areas-of-innovation/ai-and-data-convergence.html,global_utility_strip,Utility strip,No matching block found in AEM catalog.
AI &amp; Data Convergence | AbbVie,Primary Navigation,Main site navigation with dropdown menus for exploring sections.,M,1,Dropdown menus increase complexity.,https://www.abbvie.com/science/areas-of-innovation/ai-and-data-convergence.html,primary_navigation,Main navigation,No matching block found in AEM catalog.
AI &amp; Data Convergence | AbbVie,Hero Section,Prominent section at the top of the page featuring a large image and key messaging.,M,1,Integration of image and text with styling.,https://www.abbvie.com/science/areas-of-innovation/ai-and-data-convergence.html,hero_section,Hero,Mapped to AEM catalog block 'Hero'.
AI &amp; Data Convergence | AbbVie,Content Cards,Displays content in a card format with images and descriptions.,M,1,Responsiveness and grid layout for cards.,https://www.abbvie.com/science/areas-of-innovation/ai-and-data-convergence.html,content_cards,Content Cards,Mapped to AEM catalog block 'Cards'.
AI &amp; Data Convergence | AbbVie,Back to Top Button,Button allowing users to quickly return to the top of the page.,S,1,Simple functionality with minimal interaction.,https://www.abbvie.com/science/areas-of-innovation/ai-and-data-convergence.html,back_to_top,Back to Top,No matching block found in AEM catalog.
Income criteria | AbbVie,Global Utility Strip,"Provides quick access links such as contact, subscribe, and group sites.",S,1,Low complexity due to simple link structure.,https://www.abbvie.com/patients/patient-support/patient-assistance/income-criteria.html,global_utility_strip,Utility strip,No matching block found in the catalog.
Income criteria | AbbVie,Primary Navigation,Main site navigation with dropdown menus for exploring site sections.,C,1,High complexity due to dropdown menus and deep navigation.,https://www.abbvie.com/patients/patient-support/patient-assistance/income-criteria.html,primary_navigation,Main navigation,No matching block found in the catalog.
Product Quality &amp; Safety | AbbVie,Global Utility Strip,"Provides quick access to contact, subscription, and group site links.",S,1,Simple layout with minimal interaction.,https://www.abbvie.com/patients/product-quality-and-safety.html,global_utility_strip,Utility strip,No matching catalog block found.
Product Quality &amp; Safety | AbbVie,Primary Navigation,Main site navigation with dropdown menus for exploring sections.,M,1,Includes dropdown functionality and accessibility considerations.,https://www.abbvie.com/patients/product-quality-and-safety.html,primary_navigation,Main navigation,No matching catalog block found.
Product Quality &amp; Safety | AbbVie,Hero Section,Prominent section at the top of the page with key messaging and visuals.,M,1,Requires responsive design and accessibility compliance.,https://www.abbvie.com/patients/product-quality-and-safety.html,hero_section,Hero,Mapped to 'Hero' block in catalog.
Product Quality &amp; Safety | AbbVie,Content Grid,Displays main content in a structured grid layout.,M,1,Structured layout with potential for dynamic content.,https://www.abbvie.com/patients/product-quality-and-safety.html,content_grid,Grid layout,No matching catalog block found.
Product Quality &amp; Safety | AbbVie,Card Grid,Displays a grid of cards with images and text for featured content.,C,1,Dynamic card content with images and text requires robust implementation.,https://www.abbvie.com/patients/product-quality-and-safety.html,card_grid,Card layout,No matching catalog block found.
Commercial | AbbVie,Site Header,Provides site-wide navigation and branding elements.,M,1,"Includes navigation, logo, and utility links requiring structured accessibility handling.",https://www.abbvie.com/join-us/opportunities/commercial.html,global_header,Utility strip and primary navigation,May require integration with site-wide navigation and branding systems.
Commercial | AbbVie,Page Hero,Displays a prominent image and introductory content.,S,1,Simple layout for image and text requiring basic styling.,https://www.abbvie.com/join-us/opportunities/commercial.html,hero_section,Hero banner,Consider optimizing for performance and responsive design.
Commercial | AbbVie,Main Navigation,Facilitates exploration of site sections via dropdown menus.,M,1,Requires dropdown functionality and hierarchical navigation structure.,https://www.abbvie.com/join-us/opportunities/commercial.html,main_navigation,Dropdown menu navigation,Ensure accessibility compliance for navigation elements.
Savings Card | AbbVie,Global Utility Strip,"Provides quick access to contact, subscription, and group site links.",S,1,Limited functionality with simple links and interactions.,https://www.abbvie.com/patients/patient-support/patient-assistance/savings-card.html,global_utility_strip,Utility strip,No matching catalog entry found.
Savings Card | AbbVie,Primary Navigation,Main navigation bar with links to major sections of the site.,M,1,Moderate complexity due to potential deep navigation structure.,https://www.abbvie.com/patients/patient-support/patient-assistance/savings-card.html,primary_navigation,Main navigation,No matching catalog entry found.
Savings Card | AbbVie,Hero Section,Prominent section at the top of the page showcasing the main content or message.,M,1,Visual prominence and potential dynamic content.,https://www.abbvie.com/patients/patient-support/patient-assistance/savings-card.html,hero_section,Hero banner,No matching catalog entry found.
Savings Card | AbbVie,Main Content Area,Contains the primary information and interactive elements for the page.,C,1,Likely includes diverse content types and interactions.,https://www.abbvie.com/patients/patient-support/patient-assistance/savings-card.html,main_content,Content area,No matching catalog entry found.
Request Types | AbbVie,Global Header,Provides branding and primary navigation links.,M,1,Includes branding and multi-level navigation with accessibility concerns.,https://www.abbvie.com/science/independent-educational-grants/request-types.html,global_header,Primary navigation,Ensure alignment with corporate branding guidelines.
Request Types | AbbVie,Primary Navigation,Facilitates site navigation through dropdown menus.,M,1,Dropdown and multi-level navigation require accessibility and usability considerations.,https://www.abbvie.com/science/independent-educational-grants/request-types.html,primary_navigation,Dropdown navigation,Focus on usability and responsive design.
Request Types | AbbVie,Hero Section,Displays a large visual and textual introduction.,S,1,Basic styling and positioning with CSS.,https://www.abbvie.com/science/independent-educational-grants/request-types.html,hero_section,Hero image,Ensure responsive design for varied screen sizes.
Request Types | AbbVie,Content Grid,Showcases content cards in a grid layout.,M,1,Includes layout management and dynamic content loading.,https://www.abbvie.com/science/independent-educational-grants/request-types.html,content_grid,Grid layout,Focus on grid responsiveness and accessibility.
Research &amp; Development | AbbVie,Utility Navigation,"Provides quick access links for contact, subscription, and site navigation.",S,1,Simple link list with minimal interactivity.,https://www.abbvie.com/join-us/opportunities/research-and-development.html,global_utility_strip,Utility strip,No direct match found in AEM catalog.
Research &amp; Development | AbbVie,Primary Navigation,Main navigation bar with branding and hierarchical menu.,M,1,Includes hierarchical menus and potentially dynamic content.,https://www.abbvie.com/join-us/opportunities/research-and-development.html,primary_navigation,Main navigation,No direct match found in AEM catalog.
Research &amp; Development | AbbVie,Back to Top Button,Provides a button for quick navigation to the top of the page.,S,1,Simple button functionality.,https://www.abbvie.com/join-us/opportunities/research-and-development.html,back_to_top_button,Utility button,No direct match found in AEM catalog.
Opportunities | AbbVie,Global Utility Strip,"Provides quick access to links for contact, subscription, and group sites.",S,1,Simple structure with basic navigation links.,https://www.abbvie.com/join-us/opportunities.html,global_utility_strip,Utility strip,No exact match found in the AEM catalog.
Opportunities | AbbVie,Primary Navigation,Main site navigation with branding and mega-menu functionality.,C,1,Deep navigation complexity with branding integration.,https://www.abbvie.com/join-us/opportunities.html,primary_navigation,Main navigation,No exact match found in the AEM catalog.
Opportunities | AbbVie,Hero Section,Prominent section featuring a large image and introductory text.,M,1,Includes styling and scripting elements for dynamic interaction.,https://www.abbvie.com/join-us/opportunities.html,hero_section,Hero image and text,Mapped to 'Hero' from the AEM catalog.
Opportunities | AbbVie,Call-to-Action Grid,Grid layout showcasing multiple CTAs for user engagement.,M,1,Interactive grid layout with multiple call-to-action elements.,https://www.abbvie.com/join-us/opportunities.html,cta_grid,Grid of CTAs,No exact match found in the AEM catalog.
Opportunities | AbbVie,Card Grid,Displays content in card format with images and text.,M,1,Moderate complexity due to card layout and visual elements.,https://www.abbvie.com/join-us/opportunities.html,card_grid,Grid of cards,No exact match found in the AEM catalog.
Investigator-Initiated Studies | AbbVie,Global Utility Strip,"Provides quick access to contact, subscription, and group sites.",S,1,Limited functionality with no interactive elements.,https://www.abbvie.com/science/clinical-trials/investigator-initiated-studies.html,global_utility_strip,Utility strip,No matching catalog entry found.
Investigator-Initiated Studies | AbbVie,Primary Navigation,Main site navigation with dropdown menus for exploring sections.,C,1,Complex navigation structure with dropdown menus.,https://www.abbvie.com/science/clinical-trials/investigator-initiated-studies.html,primary_navigation,Main navigation,No matching catalog entry found.
Investigator-Initiated Studies | AbbVie,Footer Navigation,Links and information located in the footer for site navigation.,M,1,Moderate complexity due to multiple links and potential dynamic elements.,https://www.abbvie.com/science/clinical-trials/investigator-initiated-studies.html,footer_navigation,Footer navigation,No matching catalog entry found.
Investigator-Initiated Studies | AbbVie,Back to Top Button,Button to quickly return to the top of the page.,S,1,Simple functionality with a single interactive element.,https://www.abbvie.com/science/clinical-trials/investigator-initiated-studies.html,back_to_top,Back to top button,No matching catalog entry found.
Online Application Overview | AbbVie,Global Utility Strip,Provides links for contact and subscription information.,S,1,Simple static links with no dynamic behavior.,https://www.abbvie.com/patients/patient-support/patient-assistance/online-application-overview.html,global_utility_strip,Utility strip,No matching block found in the catalog.
Online Application Overview | AbbVie,Primary Navigation,Main navigation for site access.,M,1,Dropdown menu requiring accessibility and responsive design.,https://www.abbvie.com/patients/patient-support/patient-assistance/online-application-overview.html,primary_navigation,Main navigation,No matching block found in the catalog.
Online Application Frequently Asked Questions | AbbVie,Primary Navigation,"Provides site-wide navigation functionality, including dropdowns and links.",M,1,Involves dropdowns and potentially multiple levels of navigation.,https://www.abbvie.com/patients/patient-support/patient-assistance/online-application-frequently-asked-questions.html,primary_navigation,Main navigation,No direct match found in the AEM catalog.
Online Application Frequently Asked Questions | AbbVie,Hero Section,Displays a prominent introductory section with a large image and heading.,M,1,Includes styling and scripting for layout and interactivity.,https://www.abbvie.com/patients/patient-support/patient-assistance/online-application-frequently-asked-questions.html,hero_section,Prominent introductory section,Mapped to the AEM catalog block 'Hero'.
Patient Assistance | AbbVie,Global Utility Strip,"Provides quick access to contact, subscription, and group site links.",S,1,Minimal interactive elements and straightforward design.,https://www.abbvie.com/patients/patient-support/patient-assistance.html,global_utility_strip,Utility strip,No matching catalog entry found; consider custom implementation.
Patient Assistance | AbbVie,Primary Navigation,Main site navigation with dropdown menus for exploring sections.,M,1,Multiple dropdowns and potential accessibility requirements.,https://www.abbvie.com/patients/patient-support/patient-assistance.html,primary_navigation,Main navigation,No matching catalog entry found; consider custom implementation.
Check Your Eligibility | AbbVie,Primary Navigation,Main site navigation with dropdowns for sections.,M,1,Includes dropdowns and potential deep navigation structure.,https://www.abbvie.com/patients/patient-support/patient-assistance/eligibility-criteria.html,primary_navigation,Main navigation,No direct match found in AEM catalog.
Check Your Eligibility | AbbVie,Hero Section,Displays the main visual and message of the page.,S,1,Simple visual and text display.,https://www.abbvie.com/patients/patient-support/patient-assistance/eligibility-criteria.html,hero_section,Main hero banner,Matched to 'Hero' in AEM catalog.
Check Your Eligibility | AbbVie,Content Columns,Displays the content in a multi-column layout.,M,1,Requires responsive design for multiple column arrangements.,https://www.abbvie.com/patients/patient-support/patient-assistance/eligibility-criteria.html,content_columns,Multi-column layout,Matched to 'Columns' in AEM catalog.
Check Your Eligibility | AbbVie,Card Grid,Showcases cards with images and text for featured content.,M,1,Grid layout with image and text components.,https://www.abbvie.com/patients/patient-support/patient-assistance/eligibility-criteria.html,card_grid,Card-based layout,Matched to 'Cards' in AEM catalog.
Available Programs | AbbVie,Site Header,Provides branding and navigation elements for the website.,M,1,Includes accessibility features and dynamic navigation.,https://www.abbvie.com/patients/patient-support/patient-assistance/available-programs.html,global_header,Utility strip,Mapped to 'Header' block from AEM catalog.
Available Programs | AbbVie,Hero Banner,Displays a prominent visual and textual element as the focal point of the page.,M,1,Requires responsive design and interaction handling.,https://www.abbvie.com/patients/patient-support/patient-assistance/available-programs.html,hero_section,Hero image,Mapped to 'Hero' block from AEM catalog.
Available Programs | AbbVie,Navigation Menu,Provides primary navigation for site exploration.,M,1,Includes hierarchical navigation structure.,https://www.abbvie.com/patients/patient-support/patient-assistance/available-programs.html,navigation_menu,Main navigation,No direct match found in AEM catalog.
Frequently asked questions | AbbVie,Global Navigation,Provides site-wide navigation links and branding.,M,1,"Includes site-wide navigation, potential accessibility requirements.",https://www.abbvie.com/patients/patient-support/patient-assistance/patient-assistance-frequently-asked-questions.html,global_navigation,Main navigation,No direct match in AEM catalog.
Frequently asked questions | AbbVie,Hero Section,Prominent introductory section with main message or call-to-action.,M,1,Requires styling and scripting for dynamic content.,https://www.abbvie.com/patients/patient-support/patient-assistance/patient-assistance-frequently-asked-questions.html,hero_section,Hero layout,Matched with Hero block in AEM catalog.
Frequently asked questions | AbbVie,FAQ List,Displays frequently asked questions and their answers.,S,1,"Static list rendering, minimal interactivity.",https://www.abbvie.com/patients/patient-support/patient-assistance/patient-assistance-frequently-asked-questions.html,faq_list,FAQ listing,No direct match in AEM catalog.
AbbVie Ventures | AbbVie,Global Navigation,Provides site-wide navigation links and branding.,M,1,Requires accessibility compliance and potentially dynamic menu handling.,https://www.abbvie.com/science/partner-with-us/abbvie-ventures.html,global_navigation,Main navigation,No matching catalog block found for 'Global Navigation'.
AbbVie Ventures | AbbVie,Content Section,Contains the primary content and information about AbbVie Ventures.,S,1,Static content section with minimal interactivity.,https://www.abbvie.com/science/partner-with-us/abbvie-ventures.html,content_section,Primary content,No matching catalog block found for 'Content Section'.
Bay Area Opportunities | AbbVie,Global Utility Navigation,Provides quick access to global site utilities like search and navigation.,S,1,Simple navigation links without deep hierarchy.,https://www.abbvie.com/join-us/bay-area-opportunities.html,global_utility_strip,Utility strip,May require CSS adjustments for alignment.
Bay Area Opportunities | AbbVie,Primary Header Navigation,Primary navigation and branding for the site.,M,1,Includes branding elements and possibly dropdown menus.,https://www.abbvie.com/join-us/bay-area-opportunities.html,header_navigation,Main navigation,Ensure accessibility compliance for dropdowns.
Bay Area Opportunities | AbbVie,Hero Section,Prominent introduction with a large image and headline.,M,1,Involves large image handling and headline styling.,https://www.abbvie.com/join-us/bay-area-opportunities.html,hero_section,Hero banner,Optimize for various screen sizes.
Bay Area Opportunities | AbbVie,Introduction Content,Introduction text and call-to-action buttons.,S,1,Simple text and buttons without interactive elements.,https://www.abbvie.com/join-us/bay-area-opportunities.html,intro_content,Introductory content,Verify consistency in button styling.
Bay Area Opportunities | AbbVie,Campus Teaser,Highlights the campus with a teaser and link to a virtual tour.,M,1,Includes external link embedding and teaser styling.,https://www.abbvie.com/join-us/bay-area-opportunities.html,campus_teaser,Campus teaser,Ensure links are functional and styled appropriately.
Bay Area Opportunities | AbbVie,Image Carousel,Image carousel showcasing various aspects of the campus.,C,1,"Requires navigation buttons, slide indicators, and responsive behavior.",https://www.abbvie.com/join-us/bay-area-opportunities.html,carousel_gallery,Image carousel,Ensure smooth transitions and accessibility compliance.
Bay Area Opportunities | AbbVie,Focus Areas,Detailed information about focus areas with images and text.,M,1,Involves column layouts and content alignment.,https://www.abbvie.com/join-us/bay-area-opportunities.html,focus_areas,Focus area columns,Verify responsive behavior for different screen sizes.
Bay Area Opportunities | AbbVie,Breakthroughs Section,Information about pioneering breakthroughs and innovation.,M,1,Similar to focus areas but may involve additional text formatting.,https://www.abbvie.com/join-us/bay-area-opportunities.html,breakthroughs_section,Breakthrough columns,Ensure consistent styling with focus areas.
Bay Area Opportunities | AbbVie,Innovation Section,Details on the innovative culture and opportunities at the company.,M,1,Requires column layouts and detailed content styling.,https://www.abbvie.com/join-us/bay-area-opportunities.html,innovation_section,Innovation columns,Check for uniformity in column width and spacing.
AbbVie Pride | AbbVie,Global Utility Strip,"Provides quick access to contact, subscription, and group site links.",S,1,Simple functionality with no deep interactivity or complex integrations.,https://www.abbvie.com/join-us/life-at-abbvie/employee-resource-groups/abbvie-pride.html,global_utility_strip,Utility strip,No direct match found in AEM catalog.
AbbVie Pride | AbbVie,Primary Navigation,Main site navigation with dropdown menus for exploring sections.,M,1,Moderate complexity due to dropdown menu interactions.,https://www.abbvie.com/join-us/life-at-abbvie/employee-resource-groups/abbvie-pride.html,primary_navigation,Main navigation,No direct match found in AEM catalog.
AbbVie Pride | AbbVie,Content Highlight,Features highlighted content or announcements.,S,1,Simple content highlighting functionality.,https://www.abbvie.com/join-us/life-at-abbvie/employee-resource-groups/abbvie-pride.html,content_highlight,Highlight,No direct match found in AEM catalog.
Reasonable Accommodations | AbbVie,Global Utility Strip,"Provides top-level utilities such as contact information, subscription options, and links to group sites.",S,1,Minimal content and functionality; primarily static links and text.,https://www.abbvie.com/join-us/reasonable-accommodations.html,global_utility_strip,Utility strip,No matching block found in catalog; functionality is straightforward.
Reasonable Accommodations | AbbVie,Primary Navigation,Main site navigation including dropdown menus for sections like 'Who We Are' and 'Science'.,M,1,"Includes dropdown menus and hierarchical navigation, requiring moderate implementation effort.",https://www.abbvie.com/join-us/reasonable-accommodations.html,primary_navigation,Main navigation,No matching block found in catalog; navigation structure may require custom adaptation.
Tunisia | AbbVie,Global Utility Strip,"Provides quick access to contact, subscription, and group site links.",S,1,Simple navigation links with minimal interactivity.,https://www.abbvie.com/contact-center/locations/tunisia.html,global_utility_strip,Utility strip,No catalog match found.
Tunisia | AbbVie,Primary Navigation,Main navigation menu for site sections.,C,1,Deep navigation structure likely requiring accessibility considerations.,https://www.abbvie.com/contact-center/locations/tunisia.html,primary_navigation,Main navigation,No catalog match found.
Tunisia | AbbVie,Hero Section,Highlights the main focus of the page with a large image and heading.,M,1,Visual prominence and potential for dynamic content.,https://www.abbvie.com/contact-center/locations/tunisia.html,hero_section,Hero banner,No catalog match found.
Tunisia | AbbVie,Content Section 1,Provides information about the organization's principles and values.,S,1,Static content without complex interactivity.,https://www.abbvie.com/contact-center/locations/tunisia.html,content_section_1,Informational text,No catalog match found.
Tunisia | AbbVie,Content Section 2,Showcases stories and profiles related to the organization.,M,1,Cards with potential interactivity or dynamic loading.,https://www.abbvie.com/contact-center/locations/tunisia.html,content_section_2,Story cards,No catalog match found.
Tunisia | AbbVie,Content Section 3,Displays facts and recognitions about the organization.,M,1,Structured data presentation likely requiring accessibility features.,https://www.abbvie.com/contact-center/locations/tunisia.html,content_section_3,Recognition cards,No catalog match found.
Croatia | AbbVie,Global Header,Displays the logo and primary navigation for the site.,M,1,Includes navigation and layout structuring.,https://www.abbvie.com/contact-center/locations/croatia.html,global_header,Main navigation,Essential for consistent site navigation.
Croatia | AbbVie,Primary Navigation,Provides access to the main sections of the website through a navigational menu.,M,1,Includes interactive navigation elements.,https://www.abbvie.com/contact-center/locations/croatia.html,primary_navigation,Primary navigation,Specific implementation details not found in catalog.
Croatia | AbbVie,Hero Section,Highlights the main focus or theme of the page with a large image and heading.,M,1,Requires responsive design and visual appeal.,https://www.abbvie.com/contact-center/locations/croatia.html,hero_section,Hero banner,Critical for page engagement.
Croatia | AbbVie,Content Grid,Organizes content into a grid layout for better readability and structure.,M,1,Handles multiple content items with layout precision.,https://www.abbvie.com/contact-center/locations/croatia.html,content_grid,Content grid,Supports user-friendly content presentation.
Croatia | AbbVie,Footer,Displays footer content including links and additional navigation.,M,1,Essential for site navigation and information.,https://www.abbvie.com/contact-center/locations/croatia.html,footer,Site footer,Important for user navigation and site compliance.
Algeria | AbbVie,Global Utility Strip,"Provides quick access to contact, subscription, and group site links.",M,1,Includes links and accessibility considerations for quick access features.,https://www.abbvie.com/contact-center/locations/algeria.html,global_utility_strip,Utility strip,No exact match found in AEM catalog.
Algeria | AbbVie,Primary Navigation,Main navigation menu for the site.,C,1,Deep navigation structure with potential accessibility features.,https://www.abbvie.com/contact-center/locations/algeria.html,primary_navigation,Main navigation,No exact match found in AEM catalog.
South Africa and Sub-Saharan Africa | AbbVie,Global Utility Strip,Provides quick access to essential links such as contact and subscription.,S,1,Minimal complexity due to limited functionality and accessibility considerations.,https://www.abbvie.com/contact-center/locations/south-africa-and-sub-saharan-africa.html,global_utility_strip,Utility strip,No exact match found in the catalog.
South Africa and Sub-Saharan Africa | AbbVie,Primary Navigation,Main navigation menu for the website.,M,1,Moderate complexity due to navigation hierarchy and accessibility requirements.,https://www.abbvie.com/contact-center/locations/south-africa-and-sub-saharan-africa.html,primary_navigation,Main navigation,No exact match found in the catalog.
Resources | AbbVie,Utility Navigation Strip,"Provides quick access links such as contact, subscribe, and group sites.",S,1,Simple navigation links with minimal interactivity.,https://www.abbvie.com/sustainability/environmental-social-and-governance/resources.html,global_utility_strip,Utility strip,Not directly mapped to AEM catalog blocks.
Resources | AbbVie,Primary Navigation Bar,Main site navigation including branding and mega-menu.,C,1,Complex navigation structure including branding and dynamic menu.,https://www.abbvie.com/sustainability/environmental-social-and-governance/resources.html,primary_navigation,Main navigation,Mapped to 'Header' in AEM catalog.
Resources | AbbVie,Content Cards,Displays content in card format with images and text.,M,1,Moderate complexity due to dynamic content and responsive layout.,https://www.abbvie.com/sustainability/environmental-social-and-governance/resources.html,content_cards,Card layout,Mapped to 'Cards' in AEM catalog.
Resources | AbbVie,Text Columns,Text content arranged in columns for readability.,S,1,Straightforward layout for text content.,https://www.abbvie.com/sustainability/environmental-social-and-governance/resources.html,prose_columns,Columned text,Mapped to 'Columns' in AEM catalog.
Resources | AbbVie,Call-to-Action Buttons,Interactive buttons encouraging user actions.,S,1,Simple interactive elements with basic styling.,https://www.abbvie.com/sustainability/environmental-social-and-governance/resources.html,cta_buttons,Buttons,Not directly mapped to AEM catalog blocks.
Resources | AbbVie,Back to Top Button,Allows users to quickly return to the top of the page.,S,1,Simple functionality with minimal styling.,https://www.abbvie.com/sustainability/environmental-social-and-governance/resources.html,back_to_top,Utility button,Not directly mapped to AEM catalog blocks.
Why AbbVie | AbbVie,Global Utility Strip,"Provides quick access to contact, subscription, and group sites.",S,1,Simple navigation links with minimal interactivity.,https://www.abbvie.com/join-us/why-abbvie.html,global_utility_strip,Utility strip,Ensure accessibility compliance for navigation links.
Why AbbVie | AbbVie,Primary Navigation,Main site navigation with links to key sections.,C,1,Deep navigation structure requiring comprehensive accessibility and responsive design.,https://www.abbvie.com/join-us/why-abbvie.html,primary_navigation,Main navigation,Focus on usability and clear hierarchy.
Why AbbVie | AbbVie,Hero Section,Prominent section highlighting the main theme or message of the page.,M,1,Includes styled image and heading requiring responsive adjustments.,https://www.abbvie.com/join-us/why-abbvie.html,hero_section,Hero banner,Ensure visual impact and clear messaging.
Why AbbVie | AbbVie,Main Content Introduction,Introduction text and overview of the page's purpose.,S,1,Simple text block with minimal styling.,https://www.abbvie.com/join-us/why-abbvie.html,main_content_intro,Introductory text,Ensure text clarity and accessibility.
Why AbbVie | AbbVie,Call-to-Action Buttons,Buttons encouraging user interaction or navigation to other pages.,S,1,Basic button functionality with minimal styling.,https://www.abbvie.com/join-us/why-abbvie.html,cta_buttons,Interactive buttons,Focus on clear call-to-action text and accessibility.
Why AbbVie | AbbVie,Featured Links,List of important links related to the page's content.,S,1,Simple list structure with basic styling.,https://www.abbvie.com/join-us/why-abbvie.html,featured_links,Important links,Ensure link accessibility and proper styling.
Why AbbVie | AbbVie,Card Grid,Grid of cards showcasing featured content or stories.,M,1,Includes responsive grid layout and styled card elements.,https://www.abbvie.com/join-us/why-abbvie.html,card_grid,Content cards,Ensure responsive design and clear content presentation.
Addressing Systemic Barriers | AbbVie,Global Utility Strip,"Provides quick access to contact information, subscription options, and links to group sites.",S,1,Simple layout with minimal interactivity.,https://www.abbvie.com/sustainability/abbvie-foundation/addressing-systemic-barriers.html,global_utility_strip,Utility strip,No exact match found in catalog.
Addressing Systemic Barriers | AbbVie,Primary Navigation,Main navigation menu for site sections and pages.,C,1,Deep navigation structure with potential accessibility considerations.,https://www.abbvie.com/sustainability/abbvie-foundation/addressing-systemic-barriers.html,primary_navigation,Main navigation,No exact match found in catalog.
Addressing Systemic Barriers | AbbVie,Hero Section,Large visual section highlighting the main theme or purpose of the page.,M,1,Requires hero image and positioning logic.,https://www.abbvie.com/sustainability/abbvie-foundation/addressing-systemic-barriers.html,hero_section,Hero layout,Matched to catalog entry 'Hero'.
Addressing Systemic Barriers | AbbVie,Call to Action Section,Encourages users to explore specific areas or take actions.,M,1,Interactive elements requiring user engagement.,https://www.abbvie.com/sustainability/abbvie-foundation/addressing-systemic-barriers.html,cta_section,Call to action,No exact match found in catalog.
Addressing Systemic Barriers | AbbVie,Card Grid,"Displays content in a card format, such as news or profiles.",M,1,Responsive grid layout and card styling.,https://www.abbvie.com/sustainability/abbvie-foundation/addressing-systemic-barriers.html,card_grid,Card grid,Matched to catalog entry 'Cards'.
Asian Leadership Network | AbbVie,Global Utility Strip,"Provides quick access to contact information, subscription options, and group sites.",S,1,Simple utility strip without complex interactions.,https://www.abbvie.com/join-us/life-at-abbvie/employee-resource-groups/asian-leadership-network.html,global_utility_strip,Utility strip,No matching catalog entry found.
Asian Leadership Network | AbbVie,Primary Navigation,Main site navigation with dropdown menus for exploring site sections.,M,1,Dropdown menus increase complexity.,https://www.abbvie.com/join-us/life-at-abbvie/employee-resource-groups/asian-leadership-network.html,primary_navigation,Main navigation,No matching catalog entry found.
"Environmental, Social &amp; Governance | AbbVie",Global Utility Strip,"Provides quick access to contact, subscription, and group site links.",S,1,Simple links with minimal styling.,https://www.abbvie.com/sustainability/environmental-social-and-governance.html,global_utility_strip,Utility strip,No direct match found in catalog.
"Environmental, Social &amp; Governance | AbbVie",Primary Navigation,Main navigation menu with hierarchical links to site sections.,C,1,Deep navigation structure requires accessibility and responsive design.,https://www.abbvie.com/sustainability/environmental-social-and-governance.html,primary_navigation,Main navigation,No direct match found in catalog.
"Environmental, Social &amp; Governance | AbbVie",Hero Section,Prominent section with a large image and heading to highlight the main theme.,M,1,Hero sections often involve image optimization and dynamic heading styles.,https://www.abbvie.com/sustainability/environmental-social-and-governance.html,hero_section,Hero,Mapped based on catalog entry for Hero block.
"Environmental, Social &amp; Governance | AbbVie",Content Columns,Arranges content into columns for structured presentation.,M,1,Requires responsive column layout and styling.,https://www.abbvie.com/sustainability/environmental-social-and-governance.html,content_columns,Column layout,No direct match found in catalog.
"Environmental, Social &amp; Governance | AbbVie",Card Grid,Displays multiple cards with images and descriptions for featured content.,M,1,"Cards involve image handling, text alignment, and grid responsiveness.",https://www.abbvie.com/sustainability/environmental-social-and-governance.html,card_grid,Card layout,Mapped based on catalog entry for Cards block.
Veterans | AbbVie,Global Utility Strip,"Provides quick access to contact, subscription, and group site links.",S,1,Simple utility navigation with minimal accessibility concerns.,https://www.abbvie.com/join-us/life-at-abbvie/employee-resource-groups/veterans.html,global_utility_strip,Utility strip,No exact match found in catalog.
Veterans | AbbVie,Primary Navigation,Main navigation menu with links to primary site sections.,C,1,Deep navigation structure likely requiring extensive accessibility support.,https://www.abbvie.com/join-us/life-at-abbvie/employee-resource-groups/veterans.html,primary_navigation,Main navigation,No exact match found in catalog.
Veterans | AbbVie,Hero Section,Highlights the main theme or message of the page with a large image and heading.,M,1,Moderate styling and interaction complexity expected.,https://www.abbvie.com/join-us/life-at-abbvie/employee-resource-groups/veterans.html,hero_section,Hero section,Exact match found in catalog.
Veterans | AbbVie,Content Introduction,Introduces the content with a brief description and a call-to-action button.,S,1,Straightforward content presentation.,https://www.abbvie.com/join-us/life-at-abbvie/employee-resource-groups/veterans.html,content_intro,Content introduction,No exact match found in catalog.
Veterans | AbbVie,Card Grid,Displays a grid of cards with images and brief descriptions.,M,1,Requires responsive grid layout and consistent styling.,https://www.abbvie.com/join-us/life-at-abbvie/employee-resource-groups/veterans.html,card_grid,Card grid,Exact match found in catalog.
Veterans | AbbVie,Dashboard Cards,Displays key metrics or highlights in a compact card format.,M,1,Requires dynamic content loading and styling.,https://www.abbvie.com/join-us/life-at-abbvie/employee-resource-groups/veterans.html,dashboard_cards,Dashboard cards,No exact match found in catalog.
Veterans | AbbVie,Back to Top Button,Allows users to quickly return to the top of the page.,S,1,Simple functionality with minimal styling.,https://www.abbvie.com/join-us/life-at-abbvie/employee-resource-groups/veterans.html,back_to_top,Back to top,No exact match found in catalog.
Internships | AbbVie,Global Utility Strip,"Provides quick access to contact information, subscription options, and links to group sites.",S,1,Simple structure with limited interactive elements.,https://www.abbvie.com/join-us/internships.html,global_utility_strip,Utility strip,This block is a header component providing auxiliary navigation.
Internships | AbbVie,Primary Navigation,Main site navigation with dropdown menus for exploring site sections.,M,1,Includes dropdown menus and hierarchical navigation.,https://www.abbvie.com/join-us/internships.html,primary_navigation,Main navigation,This block is essential for site navigation and user orientation.
Benefits | AbbVie,Global Navigation,Provides site-wide navigation and branding elements.,C,1,Includes accessibility considerations and deep navigation structures.,https://www.abbvie.com/join-us/life-at-abbvie/benefits.html,global_header,Main navigation,Mapped to 'Header' block with JS and CSS assets.
Benefits | AbbVie,Hero Banner,Highlights the main visual and introductory content of the page.,M,1,Requires styling and scripting for dynamic presentation.,https://www.abbvie.com/join-us/life-at-abbvie/benefits.html,hero_section,Introductory visual content,Mapped to 'Hero' block with JS and CSS assets.
Benefits | AbbVie,Content Grid,Displays a grid layout of key content areas with links and descriptions.,M,1,Complexity due to layout management and responsive design.,https://www.abbvie.com/join-us/life-at-abbvie/benefits.html,content_grid,Grid layout,No direct match found in AEM catalog.
Life at AbbVie | AbbVie,Global Utility Strip,"Provides quick access to contact, subscription, and group site links.",S,1,Simple utility strip with minimal interactivity.,https://www.abbvie.com/join-us/life-at-abbvie.html,global_utility_strip,Utility strip,No direct match in the AEM catalog.
Life at AbbVie | AbbVie,Primary Navigation,Main site navigation with dropdown menus for exploring sections.,M,1,Dropdown menus and hierarchical navigation add moderate complexity.,https://www.abbvie.com/join-us/life-at-abbvie.html,primary_navigation,Main navigation,No direct match in the AEM catalog.
Life at AbbVie | AbbVie,Footer Section,"Footer with additional navigation, contact info, and legal links.",M,1,"Footer involves styling, potential fragment integration, and accessibility considerations.",https://www.abbvie.com/join-us/life-at-abbvie.html,footer_section,Footer,Mapped to AEM Footer block.
Slovenia | AbbVie,Global Header,Displays the global header with navigation and branding elements.,M,1,"Includes navigation, branding, and accessibility features.",https://www.abbvie.com/contact-center/locations/slovenia.html,global_header,Utility strip,Ensure accessibility compliance for navigation.
Slovenia | AbbVie,Main Navigation,Provides primary navigation for site-wide content access.,C,1,Deep navigation structure with potential dynamic content.,https://www.abbvie.com/contact-center/locations/slovenia.html,main_navigation,Primary navigation,Requires dynamic content handling and responsive design.
Slovenia | AbbVie,Hero Section,Highlights the main content with an image and heading.,M,1,Visual prominence and responsive image handling.,https://www.abbvie.com/contact-center/locations/slovenia.html,hero_section,Hero banner,Optimize for performance and responsive design.
Slovenia | AbbVie,Who We Are Section,Describes organizational values and principles.,S,1,Static content with minimal interactivity.,https://www.abbvie.com/contact-center/locations/slovenia.html,who_we_are_section,Text content,Consider using a standardized text block format.
Slovenia | AbbVie,Science Section,Showcases scientific achievements and focus.,S,1,Static content presentation.,https://www.abbvie.com/contact-center/locations/slovenia.html,science_section,Text content,Ensure alignment with branding guidelines.
Slovenia | AbbVie,Patients Section,Provides resources and support for patients.,S,1,Static content with informational focus.,https://www.abbvie.com/contact-center/locations/slovenia.html,patients_section,Text content,Include clear call-to-action elements for user engagement.
Slovenia | AbbVie,Footer,Displays footer with additional navigation and contact information.,M,1,"Includes navigation, branding, and accessibility features.",https://www.abbvie.com/contact-center/locations/slovenia.html,footer,Footer navigation,Ensure accessibility compliance and responsive design.
Allergan Aesthetics | AbbVie,Global Utility Strip,"Provides top-level utility links like contact, subscription, and group site navigation.",S,1,Simple navigation links without dynamic behaviors.,https://www.abbvie.com/join-us/opportunities/allergan-aesthetics.html,global_utility_strip,Utility strip,No matching block found in catalog.
Allergan Aesthetics | AbbVie,Primary Navigation,Implements the main site navigation with dropdown menus and hierarchical structure.,M,1,Dropdown menus introduce moderate complexity.,https://www.abbvie.com/join-us/opportunities/allergan-aesthetics.html,primary_navigation,Main navigation,No matching block found in catalog.
Student programs | AbbVie,Global Header,Displays the website's header including logo and navigation.,M,1,Includes navigation and accessibility considerations.,https://www.abbvie.com/join-us/student-programs.html,global_header,Primary navigation with logo,May require additional styling for responsive design.
Student programs | AbbVie,Hero Section,Presents a hero area with a large image and headline.,M,1,Requires image optimization and responsive layout.,https://www.abbvie.com/join-us/student-programs.html,hero_section,Hero with image and text,Ensure compatibility with various screen sizes.
Student programs | AbbVie,Primary Navigation,Provides main navigation for accessing site sections.,C,1,Deep navigation structure with potential accessibility enhancements.,https://www.abbvie.com/join-us/student-programs.html,primary_navigation,Multi-level navigation,Consider usability and keyboard navigation features.
Student programs | AbbVie,Content Section One,"Displays a content area with title, text, and call-to-action.",S,1,Simple layout with minimal interactivity.,https://www.abbvie.com/join-us/student-programs.html,content_section_one,Text block with CTA,Verify alignment and spacing.
Student programs | AbbVie,Content Section Two,Provides additional textual content and links.,S,1,Straightforward implementation with basic links.,https://www.abbvie.com/join-us/student-programs.html,content_section_two,Text block with links,Ensure link styling and hover effects.
Student programs | AbbVie,Card Grid,Displays a grid of cards with images and descriptions.,M,1,Requires responsive grid layout and hover effects.,https://www.abbvie.com/join-us/student-programs.html,card_grid,Card layout,Optimize for accessibility and image loading.
Student programs | AbbVie,Footer,Displays the website's footer with links and additional navigation.,M,1,Includes navigation and accessibility considerations.,https://www.abbvie.com/join-us/student-programs.html,footer,Footer with links,Ensure consistent styling across pages.
Locations | AbbVie,Global Utility Strip,"Provides quick access to contact, subscription, and other global utilities.",S,1,Simple utility strip with minimal interactivity.,https://www.abbvie.com/contact-center/locations.html,global_utility_strip,Utility strip,No matching block found in AEM catalog.
Locations | AbbVie,Primary Navigation,Main site navigation with dropdown menus for accessing different sections.,C,1,Complex dropdown navigation structure requiring in-depth implementation.,https://www.abbvie.com/contact-center/locations.html,primary_navigation,Main navigation,No matching block found in AEM catalog.
Cerevel is now part of AbbVie | AbbVie,Global Utility Strip,Provides quick access to global utilities like search and navigation.,S,1,Basic functionality without specialized requirements.,https://www.abbvie.com/cerevel.html,global_utility_strip,Utility strip,No direct match found in catalog.
Cerevel is now part of AbbVie | AbbVie,Primary Navigation,Contains the main website navigation and branding.,M,1,Navigation systems often require accessibility and responsive design.,https://www.abbvie.com/cerevel.html,primary_navigation,Main navigation,No direct match found in catalog.
Cerevel is now part of AbbVie | AbbVie,Hero Section,Highlights the main message with a large image and heading.,M,1,Requires integration of dynamic content and styling.,https://www.abbvie.com/cerevel.html,hero_section,Hero layout,Matched with 'Hero' block in catalog.
Cerevel is now part of AbbVie | AbbVie,Lead Content,Presents the primary message and call-to-action for the page.,M,1,Involves dynamic content and potential user interaction.,https://www.abbvie.com/cerevel.html,lead_content,Content lead,No direct match found in catalog.
Cerevel is now part of AbbVie | AbbVie,Neuroscience Section,Showcases information about neuroscience focus with an image and text.,M,1,Requires integration of multimedia and structured content.,https://www.abbvie.com/cerevel.html,neuroscience_section,Content showcase,No direct match found in catalog.
Cerevel is now part of AbbVie | AbbVie,Footer Links,Provides links to important sections and external resources.,M,1,Footer systems often involve accessibility and responsive design.,https://www.abbvie.com/cerevel.html,footer_links,Link list,Matched with 'Footer' block in catalog.
Cerevel is now part of AbbVie | AbbVie,Footer Social Media,Displays social media links for the organization.,S,1,Simple integration of static links.,https://www.abbvie.com/cerevel.html,footer_social_media,Social media,Matched with 'Footer' block in catalog.
Cerevel is now part of AbbVie | AbbVie,Footer Legal,Contains legal and accessibility information.,M,1,May involve accessibility compliance requirements.,https://www.abbvie.com/cerevel.html,footer_legal,Legal footer,Matched with 'Footer' block in catalog.
Cerevel is now part of AbbVie | AbbVie,Back to Top Button,Allows users to quickly return to the top of the page.,S,1,Basic functionality without specialized requirements.,https://www.abbvie.com/cerevel.html,back_to_top,Utility button,No direct match found in catalog.
Celsius Therapeutics is now a part of AbbVie | AbbVie,Global Utility Strip,"Provides quick access to contact, subscribe, and group site links.",S,1,Simple utility navigation for accessibility.,https://www.abbvie.com/celsius-therapeutics.html,global_utility_strip,Utility strip,No direct match in catalog.
Celsius Therapeutics is now a part of AbbVie | AbbVie,Primary Navigation,Main site navigation with branding and menu options.,M,1,Includes branding and menu options requiring structured navigation.,https://www.abbvie.com/celsius-therapeutics.html,primary_navigation,Main navigation,No direct match in catalog.
Celsius Therapeutics is now a part of AbbVie | AbbVie,Hero Section,Prominent section with a large image and headline introducing the page.,M,1,Hero section with styling and positioning.,https://www.abbvie.com/celsius-therapeutics.html,hero_section,Hero section,Matched to 'Hero' in the catalog.
Celsius Therapeutics is now a part of AbbVie | AbbVie,Lead Content,"Main content area with title, text, and call-to-action button.",M,1,Content includes interactive elements and structured layout.,https://www.abbvie.com/celsius-therapeutics.html,lead_content,Lead content,No direct match in catalog.
Celsius Therapeutics is now a part of AbbVie | AbbVie,Content Grid 1,Grid layout showcasing an image and text content with a button.,M,1,Grid layout with interactive elements.,https://www.abbvie.com/celsius-therapeutics.html,content_grid_1,Content grid,No direct match in catalog.
Celsius Therapeutics is now a part of AbbVie | AbbVie,Content Grid 2,"Another grid layout with image and text, providing additional information.",M,1,Additional grid layout requiring structured content.,https://www.abbvie.com/celsius-therapeutics.html,content_grid_2,Content grid,No direct match in catalog.
Celsius Therapeutics is now a part of AbbVie | AbbVie,Back to Top Button,Button allowing users to quickly return to the top of the page.,S,1,Simple button functionality.,https://www.abbvie.com/celsius-therapeutics.html,back_to_top_button,Utility button,No direct match in catalog.
Celsius Therapeutics is now a part of AbbVie | AbbVie,Footer Primary Links,Primary navigation links in the footer.,M,1,Footer includes structured navigation links.,https://www.abbvie.com/celsius-therapeutics.html,footer_primary_links,Footer links,Matched to 'Footer' in the catalog.
Celsius Therapeutics is now a part of AbbVie | AbbVie,Footer Social Links,Social media links in the footer.,M,1,Footer includes social media integration.,https://www.abbvie.com/celsius-therapeutics.html,footer_social_links,Footer links,Matched to 'Footer' in the catalog.
Celsius Therapeutics is now a part of AbbVie | AbbVie,Footer Popular Pages,Links to popular pages in the footer.,M,1,Footer includes structured navigation links.,https://www.abbvie.com/celsius-therapeutics.html,footer_popular_pages,Footer links,Matched to 'Footer' in the catalog.
Celsius Therapeutics is now a part of AbbVie | AbbVie,Footer External Links,External links section in the footer.,M,1,Footer includes external link integrations.,https://www.abbvie.com/celsius-therapeutics.html,footer_external_links,Footer links,Matched to 'Footer' in the catalog.
Celsius Therapeutics is now a part of AbbVie | AbbVie,Footer Legal Links,Legal and policy-related links in the footer.,M,1,Footer includes legal content and navigation.,https://www.abbvie.com/celsius-therapeutics.html,footer_legal_links,Footer links,Matched to 'Footer' in the catalog.
Nimble Therapeutics is now part of AbbVie | AbbVie,Global Utility Navigation,Provides quick access to search and other utility links.,S,1,Simple utility navigation with minimal interactivity.,https://www.abbvie.com/nimbletherapeutics.html,global_utility_nav,Utility strip,No matching block found in the catalog.
Nimble Therapeutics is now part of AbbVie | AbbVie,Primary Navigation,Main navigation bar with logo and primary site links.,M,1,Primary navigation with potential dropdowns and interactivity.,https://www.abbvie.com/nimbletherapeutics.html,primary_navigation,Main navigation,No matching block found in the catalog.
Nimble Therapeutics is now part of AbbVie | AbbVie,Hero Section,Large visual section with a prominent message and background image.,M,1,Hero section with image and text overlay requiring layout considerations.,https://www.abbvie.com/nimbletherapeutics.html,hero_section,Hero,Mapped to 'Hero' block in the catalog.
Nimble Therapeutics is now part of AbbVie | AbbVie,Main Content Introduction,Introductory text and title for the main content.,S,1,Simple text block with title and description.,https://www.abbvie.com/nimbletherapeutics.html,main_content_intro,Introductory content,No matching block found in the catalog.
Nimble Therapeutics is now part of AbbVie | AbbVie,CTA Button - Announcement,Call-to-action button linking to the announcement.,S,1,Single interactive button with link functionality.,https://www.abbvie.com/nimbletherapeutics.html,cta_button_announcement,CTA button,No matching block found in the catalog.
Nimble Therapeutics is now part of AbbVie | AbbVie,Immunology Section,Highlights the company's focus on immunology with text and image.,M,1,"Section with text, images, and potential layout challenges.",https://www.abbvie.com/nimbletherapeutics.html,immunology_section,Content section,No matching block found in the catalog.
Nimble Therapeutics is now part of AbbVie | AbbVie,Career Section,Information about careers at the company with text and image.,M,1,"Section with text, images, and potential layout challenges.",https://www.abbvie.com/nimbletherapeutics.html,career_section,Content section,No matching block found in the catalog.
Nimble Therapeutics is now part of AbbVie | AbbVie,Footer Section,Footer with links to important pages and social media.,M,1,Footer with links and social media icons requiring layout and styling.,https://www.abbvie.com/nimbletherapeutics.html,footer_section,Footer,Mapped to 'Footer' block in the catalog.
Nimble Therapeutics is now part of AbbVie | AbbVie,Back to Top Button,Button to quickly scroll back to the top of the page.,S,1,Single interactive button with smooth scrolling functionality.,https://www.abbvie.com/nimbletherapeutics.html,back_to_top_button,Utility button,No matching block found in the catalog.
Capstan Therapeutics is now a part of AbbVie | AbbVie,Global Utility Strip,Provides quick access to global utilities such as search and navigation.,S,1,Simple utility navigation with limited interactivity.,https://www.abbvie.com/capstan-therapeutics.html,global_utility_strip,Utility strip,No exact match found in catalog.
Capstan Therapeutics is now a part of AbbVie | AbbVie,Primary Header,Displays the main navigation and branding elements.,M,1,Interactive navigation with potential dropdowns and branding.,https://www.abbvie.com/capstan-therapeutics.html,primary_header,Main navigation,No exact match found in catalog.
Capstan Therapeutics is now a part of AbbVie | AbbVie,Hero Section,Highlights the main message and image for the page.,M,1,Visual prominence and potential dynamic content.,https://www.abbvie.com/capstan-therapeutics.html,hero_section,Hero,No exact match found in catalog.
Capstan Therapeutics is now a part of AbbVie | AbbVie,Lead Content,"Introduces the primary focus of the page with a title, text, and call-to-action.",M,1,Text and action-oriented block with potential styling requirements.,https://www.abbvie.com/capstan-therapeutics.html,lead_content,Lead content,No exact match found in catalog.
Capstan Therapeutics is now a part of AbbVie | AbbVie,Immunology Section,Presents information about the immunology focus area.,M,1,Informative section with text and visual elements.,https://www.abbvie.com/capstan-therapeutics.html,immunology_section,Content section,No exact match found in catalog.
Capstan Therapeutics is now a part of AbbVie | AbbVie,Footer,Displays site-wide footer with navigation and legal links.,M,1,Global footer with multiple links and potential dynamic content.,https://www.abbvie.com/capstan-therapeutics.html,footer,Footer,Matched to catalog entry.
Capstan Therapeutics is now a part of AbbVie | AbbVie,Back to Top Button,Provides a button to quickly scroll back to the top of the page.,S,1,Simple button functionality with minimal styling.,https://www.abbvie.com/capstan-therapeutics.html,back_to_top,Utility,No exact match found in catalog.
Women Leaders in Action | AbbVie,Global Header,Provides a navigation bar with branding and primary site links.,M,1,Includes dynamic navigation elements and accessibility requirements.,https://www.abbvie.com/join-us/life-at-abbvie/employee-resource-groups/women-leaders-in-action.html,global_header,Main navigation,Requires integration with site-wide navigation logic.
Women Leaders in Action | AbbVie,Hero Section,Displays a prominent introduction image and text for the Women Leaders in Action initiative.,M,1,Incorporates responsive design and integration with media assets.,https://www.abbvie.com/join-us/life-at-abbvie/employee-resource-groups/women-leaders-in-action.html,hero_section,Introduction hero,May require optimization for varying screen sizes and accessibility compliance.
New Graduates &amp; Entry-Level positions | AbbVie,Utility Strip,"Provides links for contact, subscription, and group sites.",S,1,Simple links and layout.,https://www.abbvie.com/join-us/student-and-new-graduates/new-graduates-and-entry-level-positions.html,global_utility_strip,Utility strip,No direct match found in AEM catalog.
New Graduates &amp; Entry-Level positions | AbbVie,Primary Navigation,Main navigation menu with dropdowns for site sections.,M,1,Dropdowns add moderate complexity.,https://www.abbvie.com/join-us/student-and-new-graduates/new-graduates-and-entry-level-positions.html,primary_navigation,Main navigation,No direct match found in AEM catalog.
New Graduates &amp; Entry-Level positions | AbbVie,Hero Section,Prominent header image and title introducing the page.,M,1,Hero section styling and positioning require moderate complexity.,https://www.abbvie.com/join-us/student-and-new-graduates/new-graduates-and-entry-level-positions.html,hero_section,Hero banner,Matched to AEM catalog.
New Graduates &amp; Entry-Level positions | AbbVie,Introduction Text,Text introducing the purpose and content of the page.,S,1,Simple text content.,https://www.abbvie.com/join-us/student-and-new-graduates/new-graduates-and-entry-level-positions.html,intro_text,Introductory text,No direct match found in AEM catalog.
New Graduates &amp; Entry-Level positions | AbbVie,Call to Action Button,Button linking to a related page or action.,S,1,Simple button functionality.,https://www.abbvie.com/join-us/student-and-new-graduates/new-graduates-and-entry-level-positions.html,cta_button,CTA button,No direct match found in AEM catalog.
New Graduates &amp; Entry-Level positions | AbbVie,Link List,List of related links for further exploration.,S,1,Simple list structure.,https://www.abbvie.com/join-us/student-and-new-graduates/new-graduates-and-entry-level-positions.html,link_list,Link list,No direct match found in AEM catalog.
New Graduates &amp; Entry-Level positions | AbbVie,Card Grid,Grid of cards highlighting specific stories or features.,M,1,Card grid layout and styling require moderate complexity.,https://www.abbvie.com/join-us/student-and-new-graduates/new-graduates-and-entry-level-positions.html,card_grid,Card grid,Matched to AEM catalog.
New Graduates &amp; Entry-Level positions | AbbVie,Back to Top Button,Button to quickly navigate back to the top of the page.,S,1,Simple button functionality.,https://www.abbvie.com/join-us/student-and-new-graduates/new-graduates-and-entry-level-positions.html,back_to_top,Back to top,No direct match found in AEM catalog.
Mitokinin is now part of AbbVie | AbbVie,Global Navigation,"Provides site-wide navigation, including links to main sections and a search feature.",C,1,Complexity due to integration of search feature and multi-level navigation.,https://www.abbvie.com/mitokinin.html,global_navigation,Main navigation,Ensure accessibility compliance for navigation elements.
Mitokinin is now part of AbbVie | AbbVie,Hero Section,"Displays the main visual and title of the page, emphasizing the key message.",M,1,Moderate complexity due to visual emphasis and styling.,https://www.abbvie.com/mitokinin.html,hero_section,Page hero,Ensure proper handling of large images and responsive design.
Mitokinin is now part of AbbVie | AbbVie,Introductory Text,Presents introductory information about the page's purpose and content.,S,1,Low complexity as it involves static text content.,https://www.abbvie.com/mitokinin.html,intro_text,Static content,Ensure semantic HTML for content presentation.
Mitokinin is now part of AbbVie | AbbVie,Neuroscience Section,Highlights information about neuroscience efforts and links to more details.,S,1,Low complexity as it involves static text and links.,https://www.abbvie.com/mitokinin.html,neuroscience_section,Informational section,Ensure proper link accessibility and semantic structure.
Mitokinin is now part of AbbVie | AbbVie,Footer Primary Links,Contains primary navigational links in the footer.,M,1,Moderate complexity due to navigational links and styling.,https://www.abbvie.com/mitokinin.html,footer_primary,Primary footer links,Ensure accessibility and responsive layout.
Mitokinin is now part of AbbVie | AbbVie,Footer Social Links,Displays social media links in the footer.,M,1,Moderate complexity due to integration of external links and styling.,https://www.abbvie.com/mitokinin.html,footer_social,Social media links,Ensure proper handling of external link navigation.
Mitokinin is now part of AbbVie | AbbVie,Footer Legal Links,Lists legal and informational links in the footer.,M,1,Moderate complexity due to navigational links and styling.,https://www.abbvie.com/mitokinin.html,footer_legal,Legal footer links,Ensure compliance with legal accessibility standards.
Mitokinin is now part of AbbVie | AbbVie,Back to Top Button,Allows users to quickly return to the top of the page.,S,1,Low complexity as it involves a single button with basic functionality.,https://www.abbvie.com/mitokinin.html,back_to_top_button,Utility button,Ensure button accessibility and smooth scrolling functionality.
ImmunoGen is now part of AbbVie | AbbVie,Global Utility Navigation,Provides global navigation utilities like search and quick links.,S,1,Simple navigation utilities without deep interactivity.,https://www.abbvie.com/immunogen.html,global_utility_strip,Utility strip,Matches Header block based on description and functionality.
ImmunoGen is now part of AbbVie | AbbVie,Primary Navigation,Contains the main navigation menu and branding elements.,M,1,Includes branding elements and navigation structure.,https://www.abbvie.com/immunogen.html,primary_navigation,Main navigation,Aligned with Header block for navigation and branding.
ImmunoGen is now part of AbbVie | AbbVie,Hero Section,Displays the main hero image and introductory content.,M,1,Hero sections often involve dynamic content and responsive design.,https://www.abbvie.com/immunogen.html,hero_section,Hero banner,Direct match to Hero block based on description.
ImmunoGen is now part of AbbVie | AbbVie,Lead Content,Highlights the main message and call-to-action for the page.,M,1,Lead content involves key messaging and potential interactivity.,https://www.abbvie.com/immunogen.html,lead_content,Lead message,No direct match in the catalog; requires custom implementation.
ImmunoGen is now part of AbbVie | AbbVie,Spotlight Section,Showcases featured content and supporting imagery.,M,1,Featured content with imagery requires responsive design and layout.,https://www.abbvie.com/immunogen.html,spotlight_section,Spotlight content,Mapped to Cards block for featured content display.
ImmunoGen is now part of AbbVie | AbbVie,Secondary Spotlight,Highlights additional content with imagery and text.,M,1,Similar to spotlight section with additional content handling.,https://www.abbvie.com/immunogen.html,secondary_spotlight,Secondary spotlight,Mapped to Cards block for similar functionality.
ImmunoGen is now part of AbbVie | AbbVie,Footer,Contains site-wide footer links and legal information.,S,1,Footer involves static links and legal information display.,https://www.abbvie.com/immunogen.html,footer,Footer,Direct match to Footer block based on description.
ImmunoGen is now part of AbbVie | AbbVie,Back to Top Button,Provides a button to scroll back to the top of the page.,S,1,Simple functionality with minimal interactivity.,https://www.abbvie.com/immunogen.html,back_to_top_button,Utility button,No direct match in the catalog; requires custom implementation.
Equal Employment Opportunity Employer | AbbVie,Utility Links Bar,"Provides quick access links such as contact, subscribe, and group sites.",S,1,"Simple structure with limited interactivity, mostly static links.",https://www.abbvie.com/join-us/equal-employment-opportunity-employer.html,global_utility_strip,Utility strip,No matching block found in the AEM catalog.
Equal Employment Opportunity Employer | AbbVie,Main Navigation Menu,Main site navigation with dropdown menus for site sections.,C,1,Complex interaction patterns with dropdowns and accessibility requirements.,https://www.abbvie.com/join-us/equal-employment-opportunity-employer.html,primary_navigation,Main navigation,No matching block found in the AEM catalog.
Innovative Impact | AbbVie,Global Utility Strip,"Provides quick access to contact, subscription, and group site links.",S,1,Limited functionality involving static links and minimal interactivity.,https://www.abbvie.com/sustainability/abbvie-foundation/innovative-impact.html,global_utility_strip,Utility strip,No matching block found in the AEM catalog.
Innovative Impact | AbbVie,Primary Navigation,Main site navigation with dropdown menus for sections.,M,1,Dropdown menus increase interactivity and require accessibility considerations.,https://www.abbvie.com/sustainability/abbvie-foundation/innovative-impact.html,primary_navigation,Main navigation,No matching block found in the AEM catalog.
Operations | AbbVie,Global Utility Strip,"Provides quick access to contact, subscription, and group site links.",S,1,Simple utility navigation with minimal interactivity.,https://www.abbvie.com/join-us/opportunities/operations.html,global_utility_strip,Utility strip,No direct match found in the AEM blocks catalog.
Operations | AbbVie,Primary Navigation,Main site navigation featuring branding and mega-menu.,C,1,Complex navigation structure involving branding and mega-menu functionality.,https://www.abbvie.com/join-us/opportunities/operations.html,primary_navigation,Main navigation,No direct match found in the AEM blocks catalog.
Learning &amp; Development | AbbVie,Global Utility Strip,"Provides quick access to contact, subscription, and group sites.",S,1,Simple interaction with limited scope.,https://www.abbvie.com/join-us/life-at-abbvie/learning-and-development.html,global_utility_strip,Utility strip,No matching catalog name found.
Learning &amp; Development | AbbVie,Primary Navigation,Main site navigation with dropdown menus for accessing different sections.,M,1,Dropdown menus increase implementation complexity.,https://www.abbvie.com/join-us/life-at-abbvie/learning-and-development.html,primary_navigation,Main navigation,No matching catalog name found.
Learning &amp; Development | AbbVie,Call-to-Action Buttons,Buttons encouraging user interaction and navigation.,S,1,Basic functionality with clear UI intent.,https://www.abbvie.com/join-us/life-at-abbvie/learning-and-development.html,cta_buttons,Subscribe,No matching catalog name found.
Well-Being in the Workplace | AbbVie,Utility Navigation,"Provides quick access to contact, subscription, and group site links.",S,1,Simple navigation links without deep interactivity.,https://www.abbvie.com/join-us/life-at-abbvie/well-being-in-the-workplace.html,global_utility_strip,Utility strip,Can be part of the header block.
Well-Being in the Workplace | AbbVie,Primary Navigation,Main navigation menu for site sections and pages.,M,1,Structured navigation with potential dropdowns or submenus.,https://www.abbvie.com/join-us/life-at-abbvie/well-being-in-the-workplace.html,primary_navigation,Main navigation,Should integrate with header components.
Well-Being in the Workplace | AbbVie,Hero Section,Lead section with a prominent image and introductory content.,M,1,Includes visual elements and introductory content requiring alignment and responsiveness.,https://www.abbvie.com/join-us/life-at-abbvie/well-being-in-the-workplace.html,hero_section,Hero,Key visual element for page branding.
Well-Being in the Workplace | AbbVie,Back to Top Button,Button to quickly scroll back to the top of the page.,S,1,Simple functionality with minimal styling.,https://www.abbvie.com/join-us/life-at-abbvie/well-being-in-the-workplace.html,back_to_top_button,Scroll utility,Requires implementation of scroll-to-top behavior.
Students &amp; New Graduates | AbbVie,Global Utility Strip,"Provides global navigation links such as contact, subscribe, and group site access.",S,1,Simple links with minimal interactivity.,https://www.abbvie.com/join-us/student-and-new-graduates.html,global_utility_strip,Utility strip,No direct match found in the AEM catalog.
Students &amp; New Graduates | AbbVie,Primary Navigation,Main navigation bar for site sections with dropdown menus.,M,1,Includes dropdown functionality requiring JavaScript.,https://www.abbvie.com/join-us/student-and-new-graduates.html,primary_navigation,Main navigation,No direct match found in the AEM catalog.
Students &amp; New Graduates | AbbVie,Hero Section,Prominent hero section with a large image and introductory text.,M,1,Requires image and text layout management with accessibility considerations.,https://www.abbvie.com/join-us/student-and-new-graduates.html,hero_section,Hero,Mapped to 'Hero' in the AEM catalog.
Students &amp; New Graduates | AbbVie,Call-to-Action Columns,Columns with buttons and links for navigation to key areas.,M,1,Interactive elements requiring styling and potential JavaScript.,https://www.abbvie.com/join-us/student-and-new-graduates.html,cta_columns,Subscribe,No direct match found in the AEM catalog.
Students &amp; New Graduates | AbbVie,Card Grid,"Grid layout showcasing articles, profiles, and other content.",M,1,Responsive grid layout requiring CSS and potential JavaScript for interactivity.,https://www.abbvie.com/join-us/student-and-new-graduates.html,card_grid,Content grid,Mapped to 'Cards' in the AEM catalog.
Students &amp; New Graduates | AbbVie,Back to Top Button,Button for navigating back to the top of the page.,S,1,Simple functionality with minimal styling.,https://www.abbvie.com/join-us/student-and-new-graduates.html,back_to_top,Utility button,No direct match found in the AEM catalog.
Black Business Network | AbbVie,Global Utility Strip,"Provides quick access to contact, subscription, and group site links.",S,1,Simple utility links without advanced interactivity.,https://www.abbvie.com/join-us/life-at-abbvie/employee-resource-groups/black-business-network.html,global_utility_strip,Utility strip,No direct match found in AEM catalog.
Black Business Network | AbbVie,Primary Navigation,Main navigation bar with dropdown menus for site exploration.,C,1,Complex dropdown interactions and accessibility considerations.,https://www.abbvie.com/join-us/life-at-abbvie/employee-resource-groups/black-business-network.html,primary_navigation,Main navigation,No direct match found in AEM catalog.
Black Business Network | AbbVie,Hero Section,Prominent introductory section with a large image and heading.,M,1,Requires responsive design and visual prominence.,https://www.abbvie.com/join-us/life-at-abbvie/employee-resource-groups/black-business-network.html,hero_section,Hero,Mapped to 'Hero' from AEM catalog.
Black Business Network | AbbVie,Main Content Area,Primary content area for text and links.,S,1,Straightforward static content display.,https://www.abbvie.com/join-us/life-at-abbvie/employee-resource-groups/black-business-network.html,main_content,Content area,No direct match found in AEM catalog.
Black Business Network | AbbVie,Card Grid,Grid layout for displaying cards with images and text.,M,1,Requires responsive grid layout and styling.,https://www.abbvie.com/join-us/life-at-abbvie/employee-resource-groups/black-business-network.html,card_grid,Card grid,Mapped to 'Cards' from AEM catalog.
Employee Resource Groups | AbbVie,Global Navigation,"Provides site-wide navigation and branding, including the primary menu and logo.",M,1,Scope includes accessibility and responsive design for navigation.,https://www.abbvie.com/join-us/life-at-abbvie/employee-resource-groups.html,global_navigation,Main navigation,No direct match in AEM catalog.
Employee Resource Groups | AbbVie,Hero Section,Highlights the main theme or focus of the page with a large image and heading.,S,1,Simple styling and positioning of hero elements.,https://www.abbvie.com/join-us/life-at-abbvie/employee-resource-groups.html,hero_section,Hero image,Matched to AEM catalog block 'Hero'.
Employee Resource Groups | AbbVie,Main Content,Contains the primary informational and interactive elements of the page.,M,1,Scope includes layout management and potential dynamic content.,https://www.abbvie.com/join-us/life-at-abbvie/employee-resource-groups.html,main_content,Content layout,No direct match in AEM catalog.
Serbia | AbbVie,Global Utility Strip,Provides quick access links for contact and subscriptions.,S,1,Simple navigation links without advanced functionality.,https://www.abbvie.com/contact-center/locations/serbia.html,global_utility_strip,Utility strip,Not found in catalog; may require custom mapping.
Serbia | AbbVie,Primary Navigation,Main navigation for site sections.,M,1,Depth of navigation structure requires moderate implementation.,https://www.abbvie.com/contact-center/locations/serbia.html,primary_navigation,Main navigation,Not found in catalog; may require custom mapping.
Serbia | AbbVie,Hero Section,Displays a prominent image and headline for introductory content.,M,1,Styling and responsiveness for large image and text.,https://www.abbvie.com/contact-center/locations/serbia.html,hero_section,Hero,Mapped to Hero block in catalog.
Serbia | AbbVie,Content Grid,Organizes content into a grid layout.,M,1,Grid layout with multiple cards requires styling and responsiveness.,https://www.abbvie.com/contact-center/locations/serbia.html,content_grid,Grid layout,Not found in catalog; may require custom mapping.
Serbia | AbbVie,Footer,Displays footer content including links and additional information.,M,1,Footer styling and potential dynamic content fetching.,https://www.abbvie.com/contact-center/locations/serbia.html,footer,Footer,Mapped to Footer block in catalog.
Human Capital Management | AbbVie,Global Utility Strip,"Provides quick access to contact, subscription, and group site links.",S,1,Simple navigation and links.,https://www.abbvie.com/sustainability/environmental-social-and-governance/human-capital-management.html,global_utility_strip,Utility strip,No exact match in AEM catalog.
Human Capital Management | AbbVie,Primary Navigation,Main site navigation with dropdown menus for exploring site sections.,C,1,Complex dropdown functionality and accessibility requirements.,https://www.abbvie.com/sustainability/environmental-social-and-governance/human-capital-management.html,primary_navigation,Main navigation,No exact match in AEM catalog.
Human Capital Management | AbbVie,Card Grid,Displays a grid of cards with images and descriptions for featured content.,M,1,Moderate complexity due to grid layout and image handling.,https://www.abbvie.com/sustainability/environmental-social-and-governance/human-capital-management.html,card_grid,Content grid,No exact match in AEM catalog.
Human Capital Management | AbbVie,Prose Columns,Text content organized into columns for readability.,S,1,Simple text layout.,https://www.abbvie.com/sustainability/environmental-social-and-governance/human-capital-management.html,prose_columns,Text layout,No exact match in AEM catalog.
AbbVie Foundation | AbbVie,Global Header,Displays the site's top navigation and branding.,M,1,Includes navigation and branding elements requiring accessibility compliance and responsive design.,https://www.abbvie.com/sustainability/abbvie-foundation.html,global_header,Global navigation bar,Matches 'Header' block in AEM catalog.
AbbVie Foundation | AbbVie,Hero Section,Main visual section for introductory content.,M,1,Requires responsive image handling and prominent text presentation.,https://www.abbvie.com/sustainability/abbvie-foundation.html,hero_section,Main hero area,Matches 'Hero' block in AEM catalog.
AbbVie Foundation | AbbVie,Primary Navigation,Facilitates navigation through site sections.,C,1,Deep navigation with dropdowns; requires complex implementation.,https://www.abbvie.com/sustainability/abbvie-foundation.html,primary_navigation,Dropdown navigation,No direct match found in AEM catalog.
AbbVie Foundation | AbbVie,Content Section - Who We Are,Describes organizational details and links.,M,1,Text and link-heavy section; moderate implementation effort.,https://www.abbvie.com/sustainability/abbvie-foundation.html,content_section_who_we_are,Informational content,No direct match found in AEM catalog.
AbbVie Foundation | AbbVie,Content Section - Science,Highlights scientific endeavors and links.,M,1,Text and link-heavy section; moderate implementation effort.,https://www.abbvie.com/sustainability/abbvie-foundation.html,content_section_science,Informational content,No direct match found in AEM catalog.
Ability at AbbVie | AbbVie,Utility Strip,Provides quick access links for contact and subscriptions.,S,1,Simple navigation with limited depth.,https://www.abbvie.com/join-us/life-at-abbvie/employee-resource-groups/ability-at-abbvie.html,global_utility_strip,Utility strip,Not found in AEM catalog.
Ability at AbbVie | AbbVie,Primary Navigation,Main site navigation with key section links.,M,1,Requires hierarchical navigation structure.,https://www.abbvie.com/join-us/life-at-abbvie/employee-resource-groups/ability-at-abbvie.html,primary_navigation,Main navigation,Not found in AEM catalog.
Ability at AbbVie | AbbVie,Hero Section,Highlights main page theme with image and text.,M,1,Includes visual elements and text alignment.,https://www.abbvie.com/join-us/life-at-abbvie/employee-resource-groups/ability-at-abbvie.html,hero_section,Hero layout,Matched to AEM catalog.
Ability at AbbVie | AbbVie,Content Cards,Displays information in a card grid layout.,M,1,Involves responsive grid and styled content blocks.,https://www.abbvie.com/join-us/life-at-abbvie/employee-resource-groups/ability-at-abbvie.html,content_cards,Card grid,Matched to AEM catalog.
Bosnia &amp; Herzegovina | AbbVie,Global Navigation Header,Renders the primary navigation menu and branding elements for the page.,M,1,"Includes primary navigation and branding elements, requiring responsive design and accessibility compliance.",https://www.abbvie.com/contact-center/locations/bosnia-and-herzegovina.html,global_header,Main navigation,Ensure alignment with brand guidelines and responsive behavior.
Disaster Relief | AbbVie,Global Utility Strip,"Provides global links such as contact, subscribe, and access to group sites.",M,1,Includes navigation links and potential accessibility requirements.,https://www.abbvie.com/sustainability/disaster-relief.html,global_utility_strip,Utility strip,No direct match in AEM catalog.
Disaster Relief | AbbVie,Primary Header,"Contains branding, logo, and primary navigation menu.",C,1,Deep navigation and branding integration.,https://www.abbvie.com/sustainability/disaster-relief.html,primary_header,Main navigation,No direct match in AEM catalog.
Disaster Relief | AbbVie,Hero Section,Highlights the main theme of the page with a large image and heading.,M,1,Requires styling and responsive design.,https://www.abbvie.com/sustainability/disaster-relief.html,hero_section,Hero banner,Mapped to AEM catalog block 'Hero'.
Disaster Relief | AbbVie,Main Navigation,Provides site-wide navigation options organized hierarchically.,C,1,Complex navigation structure with hierarchical links.,https://www.abbvie.com/sustainability/disaster-relief.html,main_navigation,Primary navigation,No direct match in AEM catalog.
Disaster Relief | AbbVie,Call to Action Section,Encourages users to explore more about the organization.,S,1,Simple button and link functionality.,https://www.abbvie.com/sustainability/disaster-relief.html,cta_section,Call to action,No direct match in AEM catalog.
Disaster Relief | AbbVie,Card Grid Section,Displays multiple cards with content previews and links.,M,1,Requires grid layout and responsive design.,https://www.abbvie.com/sustainability/disaster-relief.html,card_grid_section,Card grid,Mapped to AEM catalog block 'Cards'.
Postdoctoral Program | AbbVie,Global Utility Strip,"Provides quick access links such as contact, subscribe, and group site links.",S,1,Simple links without dynamic or interactive elements.,https://www.abbvie.com/join-us/postdoctoral-program.html,global_utility_strip,Utility strip,Consider aligning with catalog definitions for utility elements.
Postdoctoral Program | AbbVie,Primary Navigation,Serves as the main site navigation including branding and menu items.,M,1,Includes interactive menus and branding elements.,https://www.abbvie.com/join-us/postdoctoral-program.html,primary_navigation,Main navigation,Ensure accessibility compliance and responsive design.
Postdoctoral Program | AbbVie,Back to Top Button,Provides a button for users to return to the top of the page.,S,1,Simple functionality with limited scope.,https://www.abbvie.com/join-us/postdoctoral-program.html,back_to_top,Utility,Utilize standard accessibility practices for button elements.
AHORA Hispanic/Latino | AbbVie,Global Utility Strip,"Provides quick access to contact, subscription, and group site links.",S,1,Simple functionality with limited scope.,https://www.abbvie.com/join-us/life-at-abbvie/employee-resource-groups/ahora-hispanic-latino.html,global_utility_strip,Utility strip,No direct match found in the AEM catalog.
AHORA Hispanic/Latino | AbbVie,Primary Navigation,Main site navigation with dropdown menus for exploring sections.,M,1,Navigation structure with dropdowns requires moderate implementation effort.,https://www.abbvie.com/join-us/life-at-abbvie/employee-resource-groups/ahora-hispanic-latino.html,primary_navigation,Main navigation,No direct match found in the AEM catalog.
AHORA Hispanic/Latino | AbbVie,Back to Top Button,Allows users to quickly return to the top of the page.,S,1,Simple functionality with limited scope.,https://www.abbvie.com/join-us/life-at-abbvie/employee-resource-groups/ahora-hispanic-latino.html,back_to_top,Action button,No direct match found in the AEM catalog.
Environmental Sustainability | AbbVie,Global Utility Strip,"Provides quick access to contact, subscription, and group site links.",M,1,Model output omitted this blockId after catalog review. Mapped as Unmapped; re-run mapping or fix agent output.,https://www.abbvie.com/sustainability/environmental-social-and-governance/environmental-sustainability.html,global_utility_strip,default,templateIds: tpl_293
Environmental Sustainability | AbbVie,Primary Navigation,Main site navigation with dropdown menus for exploring site sections.,M,1,Model output omitted this blockId after catalog review. Mapped as Unmapped; re-run mapping or fix agent output.,https://www.abbvie.com/sustainability/environmental-social-and-governance/environmental-sustainability.html,primary_navigation,default,templateIds: tpl_293
United States | AbbVie,Global Navigation,Primary navigation bar linking to main sections.,M,1,Includes accessibility considerations and dynamic link management.,https://www.abbvie.com/contact-center/locations/united-states.html,global_navigation,Main navigation,Could benefit from review for accessibility compliance.
United States | AbbVie,Hero Section,Prominent hero section featuring a main image and headline.,M,1,Requires styling and positioning for visual emphasis.,https://www.abbvie.com/contact-center/locations/united-states.html,hero_section,Hero image and headline,Catalog mapping confirmed to 'Hero' block.
United States | AbbVie,Who We Are Section,Highlights organizational information and values.,S,1,Simple content presentation without dynamic elements.,https://www.abbvie.com/contact-center/locations/united-states.html,who_we_are_section,Content section,Consider mapping to similar catalog blocks if available.
United States | AbbVie,Science Section,Showcases science initiatives and developments.,S,1,Static content with minimal interactive features.,https://www.abbvie.com/contact-center/locations/united-states.html,science_section,Content section,Potentially map to a thematic block for scientific content.
United States | AbbVie,Patients Section,Provides information and resources for patients.,S,1,Focuses on informational content for user engagement.,https://www.abbvie.com/contact-center/locations/united-states.html,patients_section,Content section,Could be aligned with blocks designed for patient-focused content.
Aliada Therapeutics is now part of AbbVie | AbbVie,Global Utility Strip,"Provides links to global utilities like contact, subscribe, and group sites.",S,1,Simple layout with links for global utilities.,https://www.abbvie.com/aliada-therapeutics.html,global_utility_strip,Utility strip,No direct match found in the AEM block catalog.
Aliada Therapeutics is now part of AbbVie | AbbVie,Primary Navigation,"Main navigation for the site, including dropdown menus for various sections.",M,1,Intermediate complexity due to dropdown menus.,https://www.abbvie.com/aliada-therapeutics.html,primary_navigation,Main navigation,No direct match found in the AEM block catalog.
Aliada Therapeutics is now part of AbbVie | AbbVie,Back to Top Button,Provides a button for users to quickly return to the top of the page.,S,1,Simple functionality with minimal UI.,https://www.abbvie.com/aliada-therapeutics.html,back_to_top_button,Utility button,No direct match found in the AEM block catalog.
Lithuania | AbbVie,Global Utility Strip,"Provides links for contact, subscription, and group sites.",S,1,Basic navigation links with minimal styling.,https://www.abbvie.com/contact-center/locations/lithuania.html,global_utility_strip,Utility strip,No direct match found in the catalog.
Lithuania | AbbVie,Primary Navigation,Main site navigation with dropdown menus for sections like 'Who We Are' and 'Science'.,M,1,Dropdown menus and multi-level navigation require moderate implementation effort.,https://www.abbvie.com/contact-center/locations/lithuania.html,primary_navigation,Main navigation,No direct match found in the catalog.
Lithuania | AbbVie,Hero Section,Highlights the main focus of the page with a large image and heading.,S,1,Simple hero section with image and heading.,https://www.abbvie.com/contact-center/locations/lithuania.html,hero_section,Hero,Matched to catalog entry for 'Hero'.
Lithuania | AbbVie,Call-to-Action Columns,Displays multiple call-to-action items in a column layout.,M,1,Columns layout with multiple interactive elements may require moderate effort.,https://www.abbvie.com/contact-center/locations/lithuania.html,cta_columns,Subscribe / Call-to-action,No direct match found in the catalog.
Lithuania | AbbVie,Card Grid,Shows a grid of cards with images and text for featured content.,M,1,Requires responsive grid layout and card styling.,https://www.abbvie.com/contact-center/locations/lithuania.html,card_grid,Card grid,Matched to catalog entry for 'Cards'.
​Allergan Product Labeling and Safety Information | AbbVie,Global Header,Provides branding and primary navigation functionalities.,M,1,Includes navigation and branding elements requiring accessibility compliance.,https://www.abbvie.com/allergan-labeling.html,global_header,Primary navigation and logo,Mapped to 'Header' based on catalog.
​Allergan Product Labeling and Safety Information | AbbVie,Hero Section,Displays prominent visual and introductory content.,M,1,Requires responsive design and visual prominence.,https://www.abbvie.com/allergan-labeling.html,hero_section,Main visual and introductory content,Mapped to 'Hero' based on catalog.
​Allergan Product Labeling and Safety Information | AbbVie,Primary Navigation,Provides access to main sections of the site.,M,1,Complex navigation structure requiring accessibility features.,https://www.abbvie.com/allergan-labeling.html,primary_navigation,Main navigation,No direct match in catalog.
​Allergan Product Labeling and Safety Information | AbbVie,Content Section One,Highlights the 'Who We Are' section with content and links.,S,1,Simple content display.,https://www.abbvie.com/allergan-labeling.html,content_section_one,Section content with links,No direct match in catalog.
​Allergan Product Labeling and Safety Information | AbbVie,Content Section Two,Highlights the 'Science' section with content and links.,S,1,Simple content display.,https://www.abbvie.com/allergan-labeling.html,content_section_two,Section content with links,No direct match in catalog.
​Allergan Product Labeling and Safety Information | AbbVie,Content Section Three,Highlights the 'Patients' section with content and links.,S,1,Simple content display.,https://www.abbvie.com/allergan-labeling.html,content_section_three,Section content with links,No direct match in catalog.
Romania | AbbVie,Header Navigation,Primary navigation bar including logo and menu links.,M,1,Includes navigation functionality and accessibility considerations.,https://www.abbvie.com/contact-center/locations/romania.html,header_navigation,Main navigation,No matching AEM catalog entry found.
Romania | AbbVie,Hero Section,Main hero section with title and introductory content.,M,1,Requires styling and scripting for hero layout and interaction.,https://www.abbvie.com/contact-center/locations/romania.html,hero_section,Hero banner,Matched AEM catalog entry for Hero block.
Romania | AbbVie,Who We Are Section,Section detailing the company's principles and values.,M,1,Content-heavy section with potential layout and styling needs.,https://www.abbvie.com/contact-center/locations/romania.html,who_we_are_section,Informational content,No matching AEM catalog entry found.
Romania | AbbVie,Science Section,Section highlighting scientific focus and achievements.,M,1,Requires visual emphasis and structured layout.,https://www.abbvie.com/contact-center/locations/romania.html,science_section,Informational content,No matching AEM catalog entry found.
Romania | AbbVie,Patients Section,Section focusing on patient support and products.,M,1,Structured layout with potential for interactive elements.,https://www.abbvie.com/contact-center/locations/romania.html,patients_section,Informational content,No matching AEM catalog entry found.
Estonia | AbbVie,Global Utility Strip,"Provides quick access to utility links like contact, subscription, and group site navigation.",M,1,Includes multiple utility links that require accessibility and responsive design considerations.,https://www.abbvie.com/contact-center/locations/estonia.html,global_utility_strip,Utility strip,Ensure links are functional and meet accessibility standards.
Estonia | AbbVie,Primary Navigation,"Main navigation for the site, including branding and mega-navigation.",C,1,Complex navigation structure with potential mega-menu requiring comprehensive accessibility and responsive design.,https://www.abbvie.com/contact-center/locations/estonia.html,primary_navigation,Main navigation,"Focus on usability, accessibility, and performance optimization."
Estonia | AbbVie,Back to Top Button,Allows users to quickly return to the top of the page.,S,1,Simple functionality with minimal interaction complexity.,https://www.abbvie.com/contact-center/locations/estonia.html,back_to_top,Scroll utility,Implement smooth scrolling and ensure visibility across devices.
Chicago Cubs Partnership | AbbVie,Global Utility Strip,"Provides links for contact, subscription, and group sites.",S,1,Basic navigation links with standard accessibility requirements.,https://www.abbvie.com/partnerships-chicago-cubs.html,global_utility_strip,Utility strip,No matching catalog entry found.
Chicago Cubs Partnership | AbbVie,Primary Navigation,Main site navigation with links to major site sections.,M,1,Primary navigation typically requires detailed accessibility and responsive design.,https://www.abbvie.com/partnerships-chicago-cubs.html,primary_navigation,Main navigation,No matching catalog entry found.
Chicago Cubs Partnership | AbbVie,Hero Section,Prominent section at the top of the page featuring a large image and headline.,M,1,Hero sections often involve image optimization and responsive layout adjustments.,https://www.abbvie.com/partnerships-chicago-cubs.html,hero_section,Hero,Catalog entry matched for Hero block.
Chicago Cubs Partnership | AbbVie,Call-to-Action Grid,Grid layout with multiple call-to-action elements.,M,1,Grids require careful layout and interaction design for accessibility and responsive behavior.,https://www.abbvie.com/partnerships-chicago-cubs.html,cta_grid,CTA grid,No matching catalog entry found.
Lebanon | AbbVie,Global Header,Contains the site's logo and primary navigation menu.,M,1,Includes accessibility considerations for navigation and logo interaction.,https://www.abbvie.com/contact-center/locations/lebanon.html,global_header,Primary navigation,No direct match in catalog; may require custom implementation.
Lebanon | AbbVie,Hero Section,Features the main image and headline for the page.,M,1,Involves responsive design and large image integration.,https://www.abbvie.com/contact-center/locations/lebanon.html,hero_section,Hero image and headline,Matched with catalog entry for 'Hero'.
Lebanon | AbbVie,Content Section,Displays the main content with text and links.,S,1,Simple text and link display without advanced styling or interaction.,https://www.abbvie.com/contact-center/locations/lebanon.html,content_section,Text and links,No direct match in catalog; straightforward implementation.
Lebanon | AbbVie,Card Grid,Showcases a grid of cards with images and descriptions.,M,1,Requires grid layout and responsive design for cards.,https://www.abbvie.com/contact-center/locations/lebanon.html,card_grid,Image and text cards,Matched with catalog entry for 'Cards'.
Declaración de accesibilidad | AbbVie,Global Utility Strip,"Provides contact, subscription, and group site links for global navigation.",M,1,Moderate complexity due to potential integration of multiple links and accessibility requirements.,https://www.abbvie.com/accessibility-statement/declaracion-de-accessibilidad.html,global_utility_strip,Utility strip,Ensure accessibility compliance for all links and components.
Declaración de accesibilidad | AbbVie,Primary Navigation,"Main site navigation with dropdowns for sections like Who We Are, Science, and Patients.",C,1,"High complexity due to nested navigation, dropdowns, and extensive accessibility considerations.",https://www.abbvie.com/accessibility-statement/declaracion-de-accessibilidad.html,primary_navigation,Main navigation,Focus on optimizing dropdown behavior and ensuring WCAG compliance.
Latvia | AbbVie,Global Utility Strip,"Provides quick access to contact, subscribe, and group site links.",S,1,Simple navigation links with minimal interactivity.,https://www.abbvie.com/contact-center/locations/latvia.html,global_utility_strip,Utility strip,No direct match in AEM catalog.
Latvia | AbbVie,Primary Navigation,Main site navigation including logo and menu.,M,1,Primary navigation with potential dropdowns and logo integration.,https://www.abbvie.com/contact-center/locations/latvia.html,primary_navigation,Main navigation,No direct match in AEM catalog.
Latvia | AbbVie,Hero Section,Large visual and textual introduction to the page.,M,1,Hero section with image and heading styling.,https://www.abbvie.com/contact-center/locations/latvia.html,hero_section,Hero,Mapped to the 'Hero' block in AEM catalog.
Latvia | AbbVie,Content Section 1,Information about 'Who We Are' with text and links.,S,1,Static content with textual and link elements.,https://www.abbvie.com/contact-center/locations/latvia.html,content_section_1,Text and links,No direct match in AEM catalog.
Latvia | AbbVie,Content Section 2,Information about 'Science' with text and links.,S,1,Static content with textual and link elements.,https://www.abbvie.com/contact-center/locations/latvia.html,content_section_2,Text and links,No direct match in AEM catalog.
United Arab Emirates | AbbVie,Global Header,Provides site-wide navigation and branding.,M,1,"Includes navigation, branding, and accessibility considerations.",https://www.abbvie.com/contact-center/locations/united-arab-emirates.html,global_header,Main navigation,Mapped to 'Header' based on catalog match.
United Arab Emirates | AbbVie,Hero Section,Showcases a primary visual and message for the page.,M,1,Involves styling and image handling.,https://www.abbvie.com/contact-center/locations/united-arab-emirates.html,hero_section,Hero banner,Mapped to 'Hero' based on catalog match.
United Arab Emirates | AbbVie,Primary Navigation,Displays the main navigation menu for the site.,M,1,Handles structured navigation with potential accessibility features.,https://www.abbvie.com/contact-center/locations/united-arab-emirates.html,primary_navigation,Structured navigation,No direct catalog match for 'Primary Navigation'.
Contact us | AbbVie,Global Navigation,"Provides primary navigation links for the site, including dropdown menus for major sections.",C,1,Complexity arises from deep navigation structures and potential accessibility requirements.,https://www.abbvie.com/contactus.html,global_navigation,Main navigation,No exact match in the AEM catalog for this block.
Contact us | AbbVie,Hero Section,Displays a prominent image and heading to introduce the page content.,M,1,Moderate complexity due to visual styling and potential JavaScript interactivity.,https://www.abbvie.com/contactus.html,hero_section,Hero image and heading,Matched to the 'Hero' block in the AEM catalog.
Contact us | AbbVie,Main Content Area,"Contains the primary content of the page, including text and links to related sections.",M,1,Moderate complexity due to potential depth of content and layout considerations.,https://www.abbvie.com/contactus.html,main_content,Content container,No exact match in the AEM catalog for this block.
Saudi Arabia | AbbVie,Global Header,Header containing logo and navigation.,M,1,Includes navigation and branding elements.,https://www.abbvie.com/contact-center/locations/saudi-arabia.html,global_header,Primary navigation and branding,No exact match found in catalog.
Saudi Arabia | AbbVie,Main Navigation,Primary site navigation with dropdowns.,C,1,Deep navigation structure with dropdowns.,https://www.abbvie.com/contact-center/locations/saudi-arabia.html,main_navigation,Dropdown navigation,No exact match found in catalog.
Saudi Arabia | AbbVie,Hero Section,Visual and introductory content section.,M,1,Includes large image and text.,https://www.abbvie.com/contact-center/locations/saudi-arabia.html,hero_section,Hero banner,No exact match found in catalog.
Saudi Arabia | AbbVie,Who We Are Section,Content section about organizational principles.,S,1,Basic text and links.,https://www.abbvie.com/contact-center/locations/saudi-arabia.html,who_we_are_section,Informational content,No exact match found in catalog.
Saudi Arabia | AbbVie,Science Section,Content highlighting scientific focus areas.,M,1,Detailed content with potential interactive elements.,https://www.abbvie.com/contact-center/locations/saudi-arabia.html,science_section,Scientific focus,No exact match found in catalog.
Saudi Arabia | AbbVie,Patients Section,Content addressing patient support and product info.,M,1,Detailed content with links and support information.,https://www.abbvie.com/contact-center/locations/saudi-arabia.html,patients_section,Patient support,No exact match found in catalog.
Social Media Community Guidelines | AbbVie,Global Utility Strip,"Provides quick access to essential links like contact, subscribe, and group site links.",S,1,"This block is relatively simple, consisting of static links and basic accessibility requirements.",https://www.abbvie.com/social-media-community-guidelines.html,global_utility_strip,Utility strip,No matching block name found in the AEM catalog.
Social Media Community Guidelines | AbbVie,Primary Navigation,Main site navigation including dropdown menus for primary sections.,M,1,Includes dropdown functionality and requires accessibility considerations for navigation.,https://www.abbvie.com/social-media-community-guidelines.html,primary_navigation,Main navigation,No matching block name found in the AEM catalog.
Patent Notices | AbbVie,Global Utility Strip,"Provides links for contact, subscription, and group sites.",S,1,Simple navigation links without deep functionality.,https://www.abbvie.com/patents.html,global_utility_strip,Utility strip,Could be mapped to a similar block if available.
Patent Notices | AbbVie,Primary Navigation,Main site navigation with dropdown menus.,M,1,Includes dropdown menus requiring interactivity.,https://www.abbvie.com/patents.html,primary_navigation,Main navigation,Dropdown functionality increases complexity.
Patent Notices | AbbVie,Hero Section,Displays the main hero image and introductory content.,S,1,Static content with basic styling.,https://www.abbvie.com/patents.html,hero_section,Hero section,Mapped directly to the 'Hero' block in the AEM catalog.
Patent Notices | AbbVie,Call-to-Action Grid,Engages users with multiple CTAs.,M,1,Multiple interactive elements requiring styling and layout considerations.,https://www.abbvie.com/patents.html,cta_grid,Subscribe,Could align with a similar block for CTAs.
Patent Notices | AbbVie,Content Columns,Presents content in a multi-column layout.,M,1,Requires layout management and responsiveness.,https://www.abbvie.com/patents.html,content_columns,Content layout,No direct mapping found in the AEM catalog.
A History of Impact | AbbVie,Global Navigation Menu,Provides site-wide navigation links.,M,1,Includes accessibility features and hierarchical navigation.,https://www.abbvie.com/landing/a-history-of-impact.html,global_navigation,Primary navigation menu,Consider accessibility and responsive behavior.
A History of Impact | AbbVie,Hero Banner,Displays the main visual and introductory message of the page.,M,1,Involves large-scale imagery and responsive design.,https://www.abbvie.com/landing/a-history-of-impact.html,hero_section,Hero image with text overlay,Ensure image optimization and text clarity.
A History of Impact | AbbVie,Introductory Text,Provides context and purpose of the page.,S,1,Simple text content with minor styling.,https://www.abbvie.com/landing/a-history-of-impact.html,intro_text,Text section,Ensure readability and alignment.
A History of Impact | AbbVie,Timeline Section,Displays a chronological list of milestones.,C,1,Dynamic content with interactive elements.,https://www.abbvie.com/landing/a-history-of-impact.html,milestones_section,Interactive timeline,Consider data fetching and interactivity.
A History of Impact | AbbVie,Year 2023 Milestones,Highlights achievements from 2023.,M,1,Includes images and structured content.,https://www.abbvie.com/landing/a-history-of-impact.html,year_2023,Year-specific milestone,Ensure consistency across years.
A History of Impact | AbbVie,Year 2022 Milestones,Highlights achievements from 2022.,M,1,Includes images and structured content.,https://www.abbvie.com/landing/a-history-of-impact.html,year_2022,Year-specific milestone,Ensure consistency across years.
A History of Impact | AbbVie,Year 2021 Milestones,Highlights achievements from 2021.,M,1,Includes images and structured content.,https://www.abbvie.com/landing/a-history-of-impact.html,year_2021,Year-specific milestone,Ensure consistency across years.
A History of Impact | AbbVie,Year 2020 Milestones,Highlights achievements from 2020.,M,1,Includes images and structured content.,https://www.abbvie.com/landing/a-history-of-impact.html,year_2020,Year-specific milestone,Ensure consistency across years.
A History of Impact | AbbVie,Year 2019 Milestones,Highlights achievements from 2019.,M,1,Includes images and structured content.,https://www.abbvie.com/landing/a-history-of-impact.html,year_2019,Year-specific milestone,Ensure consistency across years.
A History of Impact | AbbVie,Year 2018 Milestones,Highlights achievements from 2018.,M,1,Includes images and structured content.,https://www.abbvie.com/landing/a-history-of-impact.html,year_2018,Year-specific milestone,Ensure consistency across years.
"AbbVie Reports Third-Quarter 2025 Financial Results - Oct 31, 2025",Global Utility Strip,Provides quick access to important links like Investors and News Center.,S,1,Simple layout with links; no advanced interactions.,https://www.abbvie.com/latest-earnings.html,global_utility_strip,Utility strip,No direct match in catalog.
"AbbVie Reports Third-Quarter 2025 Financial Results - Oct 31, 2025",Site Header,"Contains branding, logo, and main navigation options.",M,1,Includes navigation and branding elements; moderate complexity.,https://www.abbvie.com/latest-earnings.html,primary_header,Main navigation,Mapped to 'Header' in AEM catalog.
"AbbVie Reports Third-Quarter 2025 Financial Results - Oct 31, 2025",Breadcrumbs Navigation,Displays navigational path for the current page.,S,1,Simple breadcrumb trail; no advanced functionality.,https://www.abbvie.com/latest-earnings.html,breadcrumbs,Breadcrumbs,No direct match in catalog.
"AbbVie Reports Third-Quarter 2025 Financial Results - Oct 31, 2025",Hero Section,Highlights main visual and thematic content of the page.,M,1,Uses large image and styling; moderate implementation scope.,https://www.abbvie.com/latest-earnings.html,hero_section,Hero banner,Mapped to 'Hero' in AEM catalog.
"AbbVie Reports Third-Quarter 2025 Financial Results - Oct 31, 2025",Main Content Area,Contains detailed content and updates about the earnings report.,M,1,Content-heavy block; requires layout and formatting.,https://www.abbvie.com/latest-earnings.html,main_content,Content display,No direct match in catalog.
"AbbVie Reports Third-Quarter 2025 Financial Results - Oct 31, 2025",News Details,Displays specific details and highlights of the earnings report.,M,1,Detailed content with structured data display.,https://www.abbvie.com/latest-earnings.html,news_details,News details,No direct match in catalog.
Home | AbbVie,Utility Navigation,Provides quick access to essential links like returning to AbbVie.com.,S,1,Basic navigation links without deep interaction.,https://www.abbvie.com/privacy.html,global_utility_links,Utility strip,Direct mapping to Header block for utility navigation.
Home | AbbVie,Primary Navigation,Main navigation menu for the site.,M,1,Includes hierarchical navigation elements and accessibility requirements.,https://www.abbvie.com/privacy.html,primary_navigation,Main navigation,"Mapped to Header block, focusing on primary navigation."
Home | AbbVie,Search Functionality,Search functionality for the site.,M,1,Requires integration with search backend and accessibility compliance.,https://www.abbvie.com/privacy.html,search_bar,Search bar,Mapped to Search block for site-wide search functionality.
Home | AbbVie,Hero Section,Prominent hero section with an image and title.,M,1,Visual prominence and layout intricacies.,https://www.abbvie.com/privacy.html,hero_section,Hero image and title,Direct mapping to Hero block for visual emphasis.
Home | AbbVie,Introductory Text,Provides an introduction and context for the page content.,S,1,Simple textual content without interactive elements.,https://www.abbvie.com/privacy.html,intro_text,Introductory text,No direct match in the AEM catalog; considered as basic text content.
Home | AbbVie,Three Column CTA,Three columns with images and CTAs for specific user groups.,M,1,Involves layout customization and interaction with CTAs.,https://www.abbvie.com/privacy.html,three_column_cta,Three-column layout,Mapped to Columns block for structured layout.
Home | AbbVie,Footer Links,Footer navigation links and social media icons.,M,1,Includes multiple navigation and social media elements.,https://www.abbvie.com/privacy.html,footer_links,Footer navigation,Mapped to Footer block for site-wide footer implementation.
Home | AbbVie,Cookie Preferences,Allows users to manage their cookie preferences.,M,1,Interactive modal with user preferences and potential backend integration.,https://www.abbvie.com/privacy.html,cookie_settings,Cookie preferences,Mapped to Modal block for user interaction.
Home | AbbVie,Footer Disclaimer,Legal and trademark information in the footer.,S,1,Static content without interactive elements.,https://www.abbvie.com/privacy.html,footer_disclaimer,Footer disclaimer,Mapped to Footer block for legal information.
Home | AbbVie,Warn on Leave Popup,Popup warning users when they attempt to leave the site.,M,1,Interactive modal requiring user acknowledgment.,https://www.abbvie.com/privacy.html,popup_warnonleave,Warn on leave,Mapped to Modal block for user alerts.
Home | AbbVie,Warn on Third Party Popup,Popup warning users about third-party links.,M,1,Interactive modal requiring user acknowledgment.,https://www.abbvie.com/privacy.html,popup_warnonthirdparty,Warn on third-party links,Mapped to Modal block for external link warnings.
Home | AbbVie,Warn on Special Popup,Popup warning users about special conditions.,M,1,Interactive modal requiring user acknowledgment.,https://www.abbvie.com/privacy.html,popup_warnonspecial,Warn on special conditions,Mapped to Modal block for specific condition alerts.
Abbvie DSRM,Global Utility Strip,"Provides quick access to contact, subscription, and group site links.",M,1,Model output omitted this blockId after catalog review. Mapped as Unmapped; re-run mapping or fix agent output.,https://www.abbvie.com/privacy-inquiry.html,global_utility_strip,default,templateIds: tpl_312
Abbvie DSRM,Primary Navigation,Contains the main site navigation and branding.,M,1,Model output omitted this blockId after catalog review. Mapped as Unmapped; re-run mapping or fix agent output.,https://www.abbvie.com/privacy-inquiry.html,primary_navigation,default,templateIds: tpl_312
Abbvie DSRM,Hero Section,Features the main visual and headline of the page.,M,1,Model output omitted this blockId after catalog review. Mapped as Unmapped; re-run mapping or fix agent output.,https://www.abbvie.com/privacy-inquiry.html,hero_section,default,templateIds: tpl_312
Abbvie DSRM,Main Content Area,Holds the primary content for the privacy inquiry page.,M,1,Model output omitted this blockId after catalog review. Mapped as Unmapped; re-run mapping or fix agent output.,https://www.abbvie.com/privacy-inquiry.html,main_content_area,default,templateIds: tpl_312
Abbvie DSRM,Footer Section,Displays footer links and site information.,M,1,Model output omitted this blockId after catalog review. Mapped as Unmapped; re-run mapping or fix agent output.,https://www.abbvie.com/privacy-inquiry.html,footer_section,default,templateIds: tpl_312
Abbvie DSRM,Cookie Consent Banner,Manages user consent for cookies.,M,1,Model output omitted this blockId after catalog review. Mapped as Unmapped; re-run mapping or fix agent output.,https://www.abbvie.com/privacy-inquiry.html,cookie_consent_banner,default,templateIds: tpl_312
